Analysis & Synthesis report for prj2
Thu Jun 11 19:04:03 2026
Quartus II 64-Bit Version 13.0.1 Build 232 06/12/2013 Service Pack 1 SJ Web Edition


---------------------
; Table of Contents ;
---------------------
  1. Legal Notice
  2. Analysis & Synthesis Summary
  3. Analysis & Synthesis Settings
  4. Parallel Compilation
  5. Analysis & Synthesis Source Files Read
  6. Analysis & Synthesis Resource Usage Summary
  7. Analysis & Synthesis Resource Utilization by Entity
  8. Analysis & Synthesis RAM Summary
  9. Analysis & Synthesis IP Cores Summary
 10. State Machine - |TOP_SOC_MMIO_TEST|UART_RX:u_cpu_pc_rx|state
 11. State Machine - |TOP_SOC_MMIO_TEST|UART_TX:u_cpu_pc_tx|state
 12. State Machine - |TOP_SOC_MMIO_TEST|ov7670_lcm_wall_core:u_ov7670_lcm_wall_core|I2S_LCM_Config:u4|mSetup_ST
 13. State Machine - |TOP_SOC_MMIO_TEST|huskylens_sensor_core:u_huskylens_sensor_core|hdr_state
 14. State Machine - |TOP_SOC_MMIO_TEST|huskylens_sensor_core:u_huskylens_sensor_core|HL_PARSER:hl_parser|state
 15. State Machine - |TOP_SOC_MMIO_TEST|huskylens_sensor_core:u_huskylens_sensor_core|UART_TX:uart_hl_tx|state
 16. State Machine - |TOP_SOC_MMIO_TEST|huskylens_sensor_core:u_huskylens_sensor_core|UART_RX:uart_hl_rx|state
 17. State Machine - |TOP_SOC_MMIO_TEST|huskylens_sensor_core:u_huskylens_sensor_core|UART_TX:uart_pc_tx|state
 18. Registers Removed During Synthesis
 19. Removed Registers Triggering Further Register Optimizations
 20. General Register Statistics
 21. Inverted Register Statistics
 22. Registers Packed Into Inferred Megafunctions
 23. Multiplexer Restructuring Statistics (Restructuring Performed)
 24. Source assignments for ov7670_lcm_wall_core:u_ov7670_lcm_wall_core|altsyncram:frame_buf_rtl_0|altsyncram_o4d1:auto_generated
 25. Source assignments for ov7670_lcm_wall_core:u_ov7670_lcm_wall_core|altsyncram:frame_buf_rtl_0|altsyncram_o4d1:auto_generated|altsyncram_rng1:altsyncram1
 26. Parameter Settings for User Entity Instance: huskylens_sensor_core:u_huskylens_sensor_core
 27. Parameter Settings for User Entity Instance: huskylens_sensor_core:u_huskylens_sensor_core|UART_TX:uart_pc_tx
 28. Parameter Settings for User Entity Instance: huskylens_sensor_core:u_huskylens_sensor_core|UART_RX:uart_hl_rx
 29. Parameter Settings for User Entity Instance: huskylens_sensor_core:u_huskylens_sensor_core|UART_TX:uart_hl_tx
 30. Parameter Settings for User Entity Instance: ov7670_lcm_wall_core:u_ov7670_lcm_wall_core
 31. Parameter Settings for User Entity Instance: ov7670_lcm_wall_core:u_ov7670_lcm_wall_core|LCM_PLL:u0|altpll:altpll_component
 32. Parameter Settings for User Entity Instance: ov7670_lcm_wall_core:u_ov7670_lcm_wall_core|I2S_LCM_Config:u4
 33. Parameter Settings for User Entity Instance: ov7670_lcm_wall_core:u_ov7670_lcm_wall_core|I2S_LCM_Config:u4|I2S_Controller:u0
 34. Parameter Settings for User Entity Instance: UART_TX:u_cpu_pc_tx
 35. Parameter Settings for User Entity Instance: UART_RX:u_cpu_pc_rx
 36. Parameter Settings for Inferred Entity Instance: ov7670_lcm_wall_core:u_ov7670_lcm_wall_core|altsyncram:frame_buf_rtl_0
 37. Parameter Settings for Inferred Entity Instance: ov7670_lcm_wall_core:u_ov7670_lcm_wall_core|lpm_divide:Div0
 38. altpll Parameter Settings by Entity Instance
 39. altsyncram Parameter Settings by Entity Instance
 40. Port Connectivity Checks: "ov7670_lcm_wall_core:u_ov7670_lcm_wall_core"
 41. Port Connectivity Checks: "huskylens_sensor_core:u_huskylens_sensor_core|HL_PARSER:hl_parser"
 42. Port Connectivity Checks: "huskylens_sensor_core:u_huskylens_sensor_core|UART_TX:uart_pc_tx"
 43. Port Connectivity Checks: "huskylens_sensor_core:u_huskylens_sensor_core"
 44. Port Connectivity Checks: "DMEM_MMIO:u_dmem_mmio"
 45. Port Connectivity Checks: "RV32I:u_rv32i|CONTROLLER:CTRL"
 46. Elapsed Time Per Partition
 47. Analysis & Synthesis Messages
 48. Analysis & Synthesis Suppressed Messages



----------------
; Legal Notice ;
----------------
Copyright (C) 1991-2013 Altera Corporation
Your use of Altera Corporation's design tools, logic functions 
and other software and tools, and its AMPP partner logic 
functions, and any output files from any of the foregoing 
(including device programming or simulation files), and any 
associated documentation or information are expressly subject 
to the terms and conditions of the Altera Program License 
Subscription Agreement, Altera MegaCore Function License 
Agreement, or other applicable license agreement, including, 
without limitation, that your use is for the sole purpose of 
programming logic devices manufactured by Altera and sold by 
Altera or its authorized distributors.  Please refer to the 
applicable agreement for further details.



+--------------------------------------------------------------------------------------+
; Analysis & Synthesis Summary                                                         ;
+------------------------------------+-------------------------------------------------+
; Analysis & Synthesis Status        ; Successful - Thu Jun 11 19:04:02 2026           ;
; Quartus II 64-Bit Version          ; 13.0.1 Build 232 06/12/2013 SP 1 SJ Web Edition ;
; Revision Name                      ; prj2                                            ;
; Top-level Entity Name              ; TOP_SOC_MMIO_TEST                               ;
; Family                             ; Cyclone II                                      ;
; Total logic elements               ; 19,735                                          ;
;     Total combinational functions  ; 10,370                                          ;
;     Dedicated logic registers      ; 10,093                                          ;
; Total registers                    ; 10093                                           ;
; Total pins                         ; 179                                             ;
; Total virtual pins                 ; 0                                               ;
; Total memory bits                  ; 153,600                                         ;
; Embedded Multiplier 9-bit elements ; 0                                               ;
; Total PLLs                         ; 1                                               ;
+------------------------------------+-------------------------------------------------+


+----------------------------------------------------------------------------------------------------------------------+
; Analysis & Synthesis Settings                                                                                        ;
+----------------------------------------------------------------------------+--------------------+--------------------+
; Option                                                                     ; Setting            ; Default Value      ;
+----------------------------------------------------------------------------+--------------------+--------------------+
; Device                                                                     ; EP2C35F672C6       ;                    ;
; Top-level entity name                                                      ; TOP_SOC_MMIO_TEST  ; prj2               ;
; Family name                                                                ; Cyclone II         ; Cyclone IV GX      ;
; Use smart compilation                                                      ; Off                ; Off                ;
; Enable parallel Assembler and TimeQuest Timing Analyzer during compilation ; On                 ; On                 ;
; Enable compact report table                                                ; Off                ; Off                ;
; Restructure Multiplexers                                                   ; Auto               ; Auto               ;
; Create Debugging Nodes for IP Cores                                        ; Off                ; Off                ;
; Preserve fewer node names                                                  ; On                 ; On                 ;
; Disable OpenCore Plus hardware evaluation                                  ; Off                ; Off                ;
; Verilog Version                                                            ; Verilog_2001       ; Verilog_2001       ;
; VHDL Version                                                               ; VHDL_1993          ; VHDL_1993          ;
; State Machine Processing                                                   ; Auto               ; Auto               ;
; Safe State Machine                                                         ; Off                ; Off                ;
; Extract Verilog State Machines                                             ; On                 ; On                 ;
; Extract VHDL State Machines                                                ; On                 ; On                 ;
; Ignore Verilog initial constructs                                          ; Off                ; Off                ;
; Iteration limit for constant Verilog loops                                 ; 5000               ; 5000               ;
; Iteration limit for non-constant Verilog loops                             ; 250                ; 250                ;
; Add Pass-Through Logic to Inferred RAMs                                    ; On                 ; On                 ;
; Infer RAMs from Raw Logic                                                  ; On                 ; On                 ;
; Parallel Synthesis                                                         ; On                 ; On                 ;
; DSP Block Balancing                                                        ; Auto               ; Auto               ;
; NOT Gate Push-Back                                                         ; On                 ; On                 ;
; Power-Up Don't Care                                                        ; On                 ; On                 ;
; Remove Redundant Logic Cells                                               ; Off                ; Off                ;
; Remove Duplicate Registers                                                 ; On                 ; On                 ;
; Ignore CARRY Buffers                                                       ; Off                ; Off                ;
; Ignore CASCADE Buffers                                                     ; Off                ; Off                ;
; Ignore GLOBAL Buffers                                                      ; Off                ; Off                ;
; Ignore ROW GLOBAL Buffers                                                  ; Off                ; Off                ;
; Ignore LCELL Buffers                                                       ; Off                ; Off                ;
; Ignore SOFT Buffers                                                        ; On                 ; On                 ;
; Limit AHDL Integers to 32 Bits                                             ; Off                ; Off                ;
; Optimization Technique                                                     ; Balanced           ; Balanced           ;
; Carry Chain Length                                                         ; 70                 ; 70                 ;
; Auto Carry Chains                                                          ; On                 ; On                 ;
; Auto Open-Drain Pins                                                       ; On                 ; On                 ;
; Perform WYSIWYG Primitive Resynthesis                                      ; Off                ; Off                ;
; Auto ROM Replacement                                                       ; On                 ; On                 ;
; Auto RAM Replacement                                                       ; On                 ; On                 ;
; Auto Shift Register Replacement                                            ; Auto               ; Auto               ;
; Allow Shift Register Merging across Hierarchies                            ; Auto               ; Auto               ;
; Auto Clock Enable Replacement                                              ; On                 ; On                 ;
; Strict RAM Replacement                                                     ; Off                ; Off                ;
; Allow Synchronous Control Signals                                          ; On                 ; On                 ;
; Force Use of Synchronous Clear Signals                                     ; Off                ; Off                ;
; Auto RAM to Logic Cell Conversion                                          ; Off                ; Off                ;
; Auto Resource Sharing                                                      ; Off                ; Off                ;
; Allow Any RAM Size For Recognition                                         ; Off                ; Off                ;
; Allow Any ROM Size For Recognition                                         ; Off                ; Off                ;
; Allow Any Shift Register Size For Recognition                              ; Off                ; Off                ;
; Use LogicLock Constraints during Resource Balancing                        ; On                 ; On                 ;
; Ignore translate_off and synthesis_off directives                          ; Off                ; Off                ;
; Timing-Driven Synthesis                                                    ; Off                ; Off                ;
; Report Parameter Settings                                                  ; On                 ; On                 ;
; Report Source Assignments                                                  ; On                 ; On                 ;
; Report Connectivity Checks                                                 ; On                 ; On                 ;
; Ignore Maximum Fan-Out Assignments                                         ; Off                ; Off                ;
; Synchronization Register Chain Length                                      ; 2                  ; 2                  ;
; PowerPlay Power Optimization                                               ; Normal compilation ; Normal compilation ;
; HDL message level                                                          ; Level2             ; Level2             ;
; Suppress Register Optimization Related Messages                            ; Off                ; Off                ;
; Number of Removed Registers Reported in Synthesis Report                   ; 5000               ; 5000               ;
; Number of Swept Nodes Reported in Synthesis Report                         ; 5000               ; 5000               ;
; Number of Inverted Registers Reported in Synthesis Report                  ; 100                ; 100                ;
; Clock MUX Protection                                                       ; On                 ; On                 ;
; Auto Gated Clock Conversion                                                ; Off                ; Off                ;
; Block Design Naming                                                        ; Auto               ; Auto               ;
; SDC constraint protection                                                  ; Off                ; Off                ;
; Synthesis Effort                                                           ; Auto               ; Auto               ;
; Shift Register Replacement - Allow Asynchronous Clear Signal               ; On                 ; On                 ;
; Pre-Mapping Resynthesis Optimization                                       ; Off                ; Off                ;
; Analysis & Synthesis Message Level                                         ; Medium             ; Medium             ;
; Disable Register Merging Across Hierarchies                                ; Auto               ; Auto               ;
; Resource Aware Inference For Block RAM                                     ; On                 ; On                 ;
; Synthesis Seed                                                             ; 1                  ; 1                  ;
+----------------------------------------------------------------------------+--------------------+--------------------+


Parallel compilation was disabled, but you have multiple processors available. Enable parallel compilation to reduce compilation time.
+-------------------------------------+
; Parallel Compilation                ;
+----------------------------+--------+
; Processors                 ; Number ;
+----------------------------+--------+
; Number detected on machine ; 16     ;
; Maximum allowed            ; 1      ;
+----------------------------+--------+


+--------------------------------------------------------------------------------------------------------------------------------------------------------------------------------------+
; Analysis & Synthesis Source Files Read                                                                                                                                               ;
+----------------------------------+-----------------+---------------------------------------------+-------------------------------------------------------------------------+---------+
; File Name with User-Entered Path ; Used in Netlist ; File Type                                   ; File Name with Absolute Path                                            ; Library ;
+----------------------------------+-----------------+---------------------------------------------+-------------------------------------------------------------------------+---------+
; rtl/TOP_SOC_MMIO_TEST.v          ; yes             ; User Verilog HDL File                       ; C:/Users/yerin/proj/Proj2/rtl/TOP_SOC_MMIO_TEST.v                       ;         ;
; rtl/huskylens_sensor_core.v      ; yes             ; User Verilog HDL File                       ; C:/Users/yerin/proj/Proj2/rtl/huskylens_sensor_core.v                   ;         ;
; rtl/ov7670_lcm_wall_core.v       ; yes             ; User Verilog HDL File                       ; C:/Users/yerin/proj/Proj2/rtl/ov7670_lcm_wall_core.v                    ;         ;
; rtl/LCM_PLL.v                    ; yes             ; User Wizard-Generated File                  ; C:/Users/yerin/proj/Proj2/rtl/LCM_PLL.v                                 ;         ;
; rtl/I2S_LCM_Config.v             ; yes             ; User Verilog HDL File                       ; C:/Users/yerin/proj/Proj2/rtl/I2S_LCM_Config.v                          ;         ;
; rtl/I2S_Controller.v             ; yes             ; User Verilog HDL File                       ; C:/Users/yerin/proj/Proj2/rtl/I2S_Controller.v                          ;         ;
; rtl/UART_TX.v                    ; yes             ; User Verilog HDL File                       ; C:/Users/yerin/proj/Proj2/rtl/UART_TX.v                                 ;         ;
; rtl/UART_RX.v                    ; yes             ; User Verilog HDL File                       ; C:/Users/yerin/proj/Proj2/rtl/UART_RX.v                                 ;         ;
; rtl/TIMER.v                      ; yes             ; User Verilog HDL File                       ; C:/Users/yerin/proj/Proj2/rtl/TIMER.v                                   ;         ;
; rtl/RV32I.v                      ; yes             ; User Verilog HDL File                       ; C:/Users/yerin/proj/Proj2/rtl/RV32I.v                                   ;         ;
; rtl/REGFILE.v                    ; yes             ; User Verilog HDL File                       ; C:/Users/yerin/proj/Proj2/rtl/REGFILE.v                                 ;         ;
; rtl/PC.v                         ; yes             ; User Verilog HDL File                       ; C:/Users/yerin/proj/Proj2/rtl/PC.v                                      ;         ;
; rtl/MAINDEC.v                    ; yes             ; User Verilog HDL File                       ; C:/Users/yerin/proj/Proj2/rtl/MAINDEC.v                                 ;         ;
; rtl/IMEM.v                       ; yes             ; User Verilog HDL File                       ; C:/Users/yerin/proj/Proj2/rtl/IMEM.v                                    ;         ;
; rtl/HL_PARSER.v                  ; yes             ; User Verilog HDL File                       ; C:/Users/yerin/proj/Proj2/rtl/HL_PARSER.v                               ;         ;
; rtl/EXTEND.v                     ; yes             ; User Verilog HDL File                       ; C:/Users/yerin/proj/Proj2/rtl/EXTEND.v                                  ;         ;
; rtl/DMEM_MMIO.v                  ; yes             ; User Verilog HDL File                       ; C:/Users/yerin/proj/Proj2/rtl/DMEM_MMIO.v                               ;         ;
; rtl/DATAPATH.v                   ; yes             ; User Verilog HDL File                       ; C:/Users/yerin/proj/Proj2/rtl/DATAPATH.v                                ;         ;
; rtl/CONTROLLER.v                 ; yes             ; User Verilog HDL File                       ; C:/Users/yerin/proj/Proj2/rtl/CONTROLLER.v                              ;         ;
; rtl/ALUDEC.v                     ; yes             ; User Verilog HDL File                       ; C:/Users/yerin/proj/Proj2/rtl/ALUDEC.v                                  ;         ;
; rtl/ALU.v                        ; yes             ; User Verilog HDL File                       ; C:/Users/yerin/proj/Proj2/rtl/ALU.v                                     ;         ;
; program.hex                      ; yes             ; Auto-Found Hexadecimal (Intel-Format) File  ; C:/Users/yerin/proj/Proj2/program.hex                                   ;         ;
; altpll.tdf                       ; yes             ; Megafunction                                ; c:/altera/13.0sp1/quartus/libraries/megafunctions/altpll.tdf            ;         ;
; aglobal130.inc                   ; yes             ; Megafunction                                ; c:/altera/13.0sp1/quartus/libraries/megafunctions/aglobal130.inc        ;         ;
; stratix_pll.inc                  ; yes             ; Megafunction                                ; c:/altera/13.0sp1/quartus/libraries/megafunctions/stratix_pll.inc       ;         ;
; stratixii_pll.inc                ; yes             ; Megafunction                                ; c:/altera/13.0sp1/quartus/libraries/megafunctions/stratixii_pll.inc     ;         ;
; cycloneii_pll.inc                ; yes             ; Megafunction                                ; c:/altera/13.0sp1/quartus/libraries/megafunctions/cycloneii_pll.inc     ;         ;
; altsyncram.tdf                   ; yes             ; Megafunction                                ; c:/altera/13.0sp1/quartus/libraries/megafunctions/altsyncram.tdf        ;         ;
; stratix_ram_block.inc            ; yes             ; Megafunction                                ; c:/altera/13.0sp1/quartus/libraries/megafunctions/stratix_ram_block.inc ;         ;
; lpm_mux.inc                      ; yes             ; Megafunction                                ; c:/altera/13.0sp1/quartus/libraries/megafunctions/lpm_mux.inc           ;         ;
; lpm_decode.inc                   ; yes             ; Megafunction                                ; c:/altera/13.0sp1/quartus/libraries/megafunctions/lpm_decode.inc        ;         ;
; a_rdenreg.inc                    ; yes             ; Megafunction                                ; c:/altera/13.0sp1/quartus/libraries/megafunctions/a_rdenreg.inc         ;         ;
; altrom.inc                       ; yes             ; Megafunction                                ; c:/altera/13.0sp1/quartus/libraries/megafunctions/altrom.inc            ;         ;
; altram.inc                       ; yes             ; Megafunction                                ; c:/altera/13.0sp1/quartus/libraries/megafunctions/altram.inc            ;         ;
; altdpram.inc                     ; yes             ; Megafunction                                ; c:/altera/13.0sp1/quartus/libraries/megafunctions/altdpram.inc          ;         ;
; db/altsyncram_o4d1.tdf           ; yes             ; Auto-Generated Megafunction                 ; C:/Users/yerin/proj/Proj2/db/altsyncram_o4d1.tdf                        ;         ;
; db/altsyncram_rng1.tdf           ; yes             ; Auto-Generated Megafunction                 ; C:/Users/yerin/proj/Proj2/db/altsyncram_rng1.tdf                        ;         ;
; db/decode_6oa.tdf                ; yes             ; Auto-Generated Megafunction                 ; C:/Users/yerin/proj/Proj2/db/decode_6oa.tdf                             ;         ;
; db/mux_mib.tdf                   ; yes             ; Auto-Generated Megafunction                 ; C:/Users/yerin/proj/Proj2/db/mux_mib.tdf                                ;         ;
; lpm_divide.tdf                   ; yes             ; Megafunction                                ; c:/altera/13.0sp1/quartus/libraries/megafunctions/lpm_divide.tdf        ;         ;
; abs_divider.inc                  ; yes             ; Megafunction                                ; c:/altera/13.0sp1/quartus/libraries/megafunctions/abs_divider.inc       ;         ;
; sign_div_unsign.inc              ; yes             ; Megafunction                                ; c:/altera/13.0sp1/quartus/libraries/megafunctions/sign_div_unsign.inc   ;         ;
; db/lpm_divide_aem.tdf            ; yes             ; Auto-Generated Megafunction                 ; C:/Users/yerin/proj/Proj2/db/lpm_divide_aem.tdf                         ;         ;
; db/sign_div_unsign_klh.tdf       ; yes             ; Auto-Generated Megafunction                 ; C:/Users/yerin/proj/Proj2/db/sign_div_unsign_klh.tdf                    ;         ;
; db/alt_u_div_a2f.tdf             ; yes             ; Auto-Generated Megafunction                 ; C:/Users/yerin/proj/Proj2/db/alt_u_div_a2f.tdf                          ;         ;
; db/add_sub_lkc.tdf               ; yes             ; Auto-Generated Megafunction                 ; C:/Users/yerin/proj/Proj2/db/add_sub_lkc.tdf                            ;         ;
; db/add_sub_mkc.tdf               ; yes             ; Auto-Generated Megafunction                 ; C:/Users/yerin/proj/Proj2/db/add_sub_mkc.tdf                            ;         ;
+----------------------------------+-----------------+---------------------------------------------+-------------------------------------------------------------------------+---------+


+--------------------------------------------------------+
; Analysis & Synthesis Resource Usage Summary            ;
+---------------------------------------------+----------+
; Resource                                    ; Usage    ;
+---------------------------------------------+----------+
; Estimated Total logic elements              ; 19,735   ;
;                                             ;          ;
; Total combinational functions               ; 10370    ;
; Logic element usage by number of LUT inputs ;          ;
;     -- 4 input functions                    ; 8915     ;
;     -- 3 input functions                    ; 683      ;
;     -- <=2 input functions                  ; 772      ;
;                                             ;          ;
; Logic elements by mode                      ;          ;
;     -- normal mode                          ; 9764     ;
;     -- arithmetic mode                      ; 606      ;
;                                             ;          ;
; Total registers                             ; 10093    ;
;     -- Dedicated logic registers            ; 10093    ;
;     -- I/O registers                        ; 0        ;
;                                             ;          ;
; I/O pins                                    ; 179      ;
; Total memory bits                           ; 153600   ;
; Embedded Multiplier 9-bit elements          ; 0        ;
; Total PLLs                                  ; 1        ;
;     -- PLLs                                 ; 1        ;
;                                             ;          ;
; Maximum fan-out node                        ; CLOCK_50 ;
; Maximum fan-out                             ; 9886     ;
; Total fan-out                               ; 71173    ;
; Average fan-out                             ; 3.44     ;
+---------------------------------------------+----------+


+----------------------------------------------------------------------------------------------------------------------------------------------------------------------------------------------------------------------------------------------------------------------------------------------------------------------------------------------------------+
; Analysis & Synthesis Resource Utilization by Entity                                                                                                                                                                                                                                                                                                      ;
+----------------------------------------------------+-------------------+--------------+-------------+--------------+---------+-----------+------+--------------+--------------------------------------------------------------------------------------------------------------------------------------------------------------------------+--------------+
; Compilation Hierarchy Node                         ; LC Combinationals ; LC Registers ; Memory Bits ; DSP Elements ; DSP 9x9 ; DSP 18x18 ; Pins ; Virtual Pins ; Full Hierarchy Name                                                                                                                                                      ; Library Name ;
+----------------------------------------------------+-------------------+--------------+-------------+--------------+---------+-----------+------+--------------+--------------------------------------------------------------------------------------------------------------------------------------------------------------------------+--------------+
; |TOP_SOC_MMIO_TEST                                 ; 10370 (118)       ; 10093 (56)   ; 153600      ; 0            ; 0       ; 0         ; 179  ; 0            ; |TOP_SOC_MMIO_TEST                                                                                                                                                       ; work         ;
;    |DMEM_MMIO:u_dmem_mmio|                         ; 5842 (5842)       ; 8286 (8286)  ; 0           ; 0            ; 0       ; 0         ; 0    ; 0            ; |TOP_SOC_MMIO_TEST|DMEM_MMIO:u_dmem_mmio                                                                                                                                 ; work         ;
;    |IMEM:u_imem|                                   ; 630 (630)         ; 0 (0)        ; 0           ; 0            ; 0       ; 0         ; 0    ; 0            ; |TOP_SOC_MMIO_TEST|IMEM:u_imem                                                                                                                                           ; work         ;
;    |RV32I:u_rv32i|                                 ; 2594 (0)          ; 1056 (0)     ; 0           ; 0            ; 0       ; 0         ; 0    ; 0            ; |TOP_SOC_MMIO_TEST|RV32I:u_rv32i                                                                                                                                         ; work         ;
;       |CONTROLLER:CTRL|                            ; 39 (6)            ; 0 (0)        ; 0           ; 0            ; 0       ; 0         ; 0    ; 0            ; |TOP_SOC_MMIO_TEST|RV32I:u_rv32i|CONTROLLER:CTRL                                                                                                                         ; work         ;
;          |ALUDEC:AD|                               ; 11 (11)           ; 0 (0)        ; 0           ; 0            ; 0       ; 0         ; 0    ; 0            ; |TOP_SOC_MMIO_TEST|RV32I:u_rv32i|CONTROLLER:CTRL|ALUDEC:AD                                                                                                               ; work         ;
;          |MAINDEC:MD|                              ; 22 (22)           ; 0 (0)        ; 0           ; 0            ; 0       ; 0         ; 0    ; 0            ; |TOP_SOC_MMIO_TEST|RV32I:u_rv32i|CONTROLLER:CTRL|MAINDEC:MD                                                                                                              ; work         ;
;       |DATAPATH:DP|                                ; 2555 (280)        ; 1056 (0)     ; 0           ; 0            ; 0       ; 0         ; 0    ; 0            ; |TOP_SOC_MMIO_TEST|RV32I:u_rv32i|DATAPATH:DP                                                                                                                             ; work         ;
;          |ALU:alu|                                 ; 770 (770)         ; 0 (0)        ; 0           ; 0            ; 0       ; 0         ; 0    ; 0            ; |TOP_SOC_MMIO_TEST|RV32I:u_rv32i|DATAPATH:DP|ALU:alu                                                                                                                     ; work         ;
;          |EXTEND:extend|                           ; 40 (40)           ; 0 (0)        ; 0           ; 0            ; 0       ; 0         ; 0    ; 0            ; |TOP_SOC_MMIO_TEST|RV32I:u_rv32i|DATAPATH:DP|EXTEND:extend                                                                                                               ; work         ;
;          |PC:pc|                                   ; 30 (30)           ; 32 (32)      ; 0           ; 0            ; 0       ; 0         ; 0    ; 0            ; |TOP_SOC_MMIO_TEST|RV32I:u_rv32i|DATAPATH:DP|PC:pc                                                                                                                       ; work         ;
;          |REGFILE:regfile|                         ; 1435 (1435)       ; 1024 (1024)  ; 0           ; 0            ; 0       ; 0         ; 0    ; 0            ; |TOP_SOC_MMIO_TEST|RV32I:u_rv32i|DATAPATH:DP|REGFILE:regfile                                                                                                             ; work         ;
;    |UART_RX:u_cpu_pc_rx|                           ; 77 (77)           ; 42 (42)      ; 0           ; 0            ; 0       ; 0         ; 0    ; 0            ; |TOP_SOC_MMIO_TEST|UART_RX:u_cpu_pc_rx                                                                                                                                   ; work         ;
;    |UART_TX:u_cpu_pc_tx|                           ; 60 (60)           ; 33 (33)      ; 0           ; 0            ; 0       ; 0         ; 0    ; 0            ; |TOP_SOC_MMIO_TEST|UART_TX:u_cpu_pc_tx                                                                                                                                   ; work         ;
;    |huskylens_sensor_core:u_huskylens_sensor_core| ; 479 (189)         ; 394 (129)    ; 0           ; 0            ; 0       ; 0         ; 0    ; 0            ; |TOP_SOC_MMIO_TEST|huskylens_sensor_core:u_huskylens_sensor_core                                                                                                         ; work         ;
;       |HL_PARSER:hl_parser|                        ; 121 (121)         ; 167 (167)    ; 0           ; 0            ; 0       ; 0         ; 0    ; 0            ; |TOP_SOC_MMIO_TEST|huskylens_sensor_core:u_huskylens_sensor_core|HL_PARSER:hl_parser                                                                                     ; work         ;
;       |TIMER:timer_inst|                           ; 31 (31)           ; 23 (23)      ; 0           ; 0            ; 0       ; 0         ; 0    ; 0            ; |TOP_SOC_MMIO_TEST|huskylens_sensor_core:u_huskylens_sensor_core|TIMER:timer_inst                                                                                        ; work         ;
;       |UART_RX:uart_hl_rx|                         ; 78 (78)           ; 42 (42)      ; 0           ; 0            ; 0       ; 0         ; 0    ; 0            ; |TOP_SOC_MMIO_TEST|huskylens_sensor_core:u_huskylens_sensor_core|UART_RX:uart_hl_rx                                                                                      ; work         ;
;       |UART_TX:uart_hl_tx|                         ; 60 (60)           ; 33 (33)      ; 0           ; 0            ; 0       ; 0         ; 0    ; 0            ; |TOP_SOC_MMIO_TEST|huskylens_sensor_core:u_huskylens_sensor_core|UART_TX:uart_hl_tx                                                                                      ; work         ;
;    |ov7670_lcm_wall_core:u_ov7670_lcm_wall_core|   ; 570 (401)         ; 226 (176)    ; 153600      ; 0            ; 0       ; 0         ; 0    ; 0            ; |TOP_SOC_MMIO_TEST|ov7670_lcm_wall_core:u_ov7670_lcm_wall_core                                                                                                           ; work         ;
;       |I2S_LCM_Config:u4|                          ; 69 (23)           ; 47 (20)      ; 0           ; 0            ; 0       ; 0         ; 0    ; 0            ; |TOP_SOC_MMIO_TEST|ov7670_lcm_wall_core:u_ov7670_lcm_wall_core|I2S_LCM_Config:u4                                                                                         ; work         ;
;          |I2S_Controller:u0|                       ; 46 (46)           ; 27 (27)      ; 0           ; 0            ; 0       ; 0         ; 0    ; 0            ; |TOP_SOC_MMIO_TEST|ov7670_lcm_wall_core:u_ov7670_lcm_wall_core|I2S_LCM_Config:u4|I2S_Controller:u0                                                                       ; work         ;
;       |LCM_PLL:u0|                                 ; 0 (0)             ; 0 (0)        ; 0           ; 0            ; 0       ; 0         ; 0    ; 0            ; |TOP_SOC_MMIO_TEST|ov7670_lcm_wall_core:u_ov7670_lcm_wall_core|LCM_PLL:u0                                                                                                ; work         ;
;          |altpll:altpll_component|                 ; 0 (0)             ; 0 (0)        ; 0           ; 0            ; 0       ; 0         ; 0    ; 0            ; |TOP_SOC_MMIO_TEST|ov7670_lcm_wall_core:u_ov7670_lcm_wall_core|LCM_PLL:u0|altpll:altpll_component                                                                        ; work         ;
;       |altsyncram:frame_buf_rtl_0|                 ; 17 (0)            ; 3 (0)        ; 153600      ; 0            ; 0       ; 0         ; 0    ; 0            ; |TOP_SOC_MMIO_TEST|ov7670_lcm_wall_core:u_ov7670_lcm_wall_core|altsyncram:frame_buf_rtl_0                                                                                ; work         ;
;          |altsyncram_o4d1:auto_generated|          ; 17 (0)            ; 3 (0)        ; 153600      ; 0            ; 0       ; 0         ; 0    ; 0            ; |TOP_SOC_MMIO_TEST|ov7670_lcm_wall_core:u_ov7670_lcm_wall_core|altsyncram:frame_buf_rtl_0|altsyncram_o4d1:auto_generated                                                 ; work         ;
;             |altsyncram_rng1:altsyncram1|          ; 17 (0)            ; 3 (3)        ; 153600      ; 0            ; 0       ; 0         ; 0    ; 0            ; |TOP_SOC_MMIO_TEST|ov7670_lcm_wall_core:u_ov7670_lcm_wall_core|altsyncram:frame_buf_rtl_0|altsyncram_o4d1:auto_generated|altsyncram_rng1:altsyncram1                     ; work         ;
;                |decode_6oa:decode4|                ; 4 (4)             ; 0 (0)        ; 0           ; 0            ; 0       ; 0         ; 0    ; 0            ; |TOP_SOC_MMIO_TEST|ov7670_lcm_wall_core:u_ov7670_lcm_wall_core|altsyncram:frame_buf_rtl_0|altsyncram_o4d1:auto_generated|altsyncram_rng1:altsyncram1|decode_6oa:decode4  ; work         ;
;                |decode_6oa:decode_a|               ; 5 (5)             ; 0 (0)        ; 0           ; 0            ; 0       ; 0         ; 0    ; 0            ; |TOP_SOC_MMIO_TEST|ov7670_lcm_wall_core:u_ov7670_lcm_wall_core|altsyncram:frame_buf_rtl_0|altsyncram_o4d1:auto_generated|altsyncram_rng1:altsyncram1|decode_6oa:decode_a ; work         ;
;                |mux_mib:mux5|                      ; 8 (8)             ; 0 (0)        ; 0           ; 0            ; 0       ; 0         ; 0    ; 0            ; |TOP_SOC_MMIO_TEST|ov7670_lcm_wall_core:u_ov7670_lcm_wall_core|altsyncram:frame_buf_rtl_0|altsyncram_o4d1:auto_generated|altsyncram_rng1:altsyncram1|mux_mib:mux5        ; work         ;
;       |lpm_divide:Div0|                            ; 83 (0)            ; 0 (0)        ; 0           ; 0            ; 0       ; 0         ; 0    ; 0            ; |TOP_SOC_MMIO_TEST|ov7670_lcm_wall_core:u_ov7670_lcm_wall_core|lpm_divide:Div0                                                                                           ; work         ;
;          |lpm_divide_aem:auto_generated|           ; 83 (0)            ; 0 (0)        ; 0           ; 0            ; 0       ; 0         ; 0    ; 0            ; |TOP_SOC_MMIO_TEST|ov7670_lcm_wall_core:u_ov7670_lcm_wall_core|lpm_divide:Div0|lpm_divide_aem:auto_generated                                                             ; work         ;
;             |sign_div_unsign_klh:divider|          ; 83 (0)            ; 0 (0)        ; 0           ; 0            ; 0       ; 0         ; 0    ; 0            ; |TOP_SOC_MMIO_TEST|ov7670_lcm_wall_core:u_ov7670_lcm_wall_core|lpm_divide:Div0|lpm_divide_aem:auto_generated|sign_div_unsign_klh:divider                                 ; work         ;
;                |alt_u_div_a2f:divider|             ; 83 (83)           ; 0 (0)        ; 0           ; 0            ; 0       ; 0         ; 0    ; 0            ; |TOP_SOC_MMIO_TEST|ov7670_lcm_wall_core:u_ov7670_lcm_wall_core|lpm_divide:Div0|lpm_divide_aem:auto_generated|sign_div_unsign_klh:divider|alt_u_div_a2f:divider           ; work         ;
+----------------------------------------------------+-------------------+--------------+-------------+--------------+---------+-----------+------+--------------+--------------------------------------------------------------------------------------------------------------------------------------------------------------------------+--------------+
Note: For table entries with two numbers listed, the numbers in parentheses indicate the number of resources of the given type used by the specific entity alone. The numbers listed outside of parentheses indicate the total resources of the given type used by the specific entity and all of its sub-entities in the hierarchy.


+--------------------------------------------------------------------------------------------------------------------------------------------------------------------------------------------------------------------------------------------------+
; Analysis & Synthesis RAM Summary                                                                                                                                                                                                                 ;
+----------------------------------------------------------------------------------------------------------------------------------------------+------+----------------+--------------+--------------+--------------+--------------+--------+------+
; Name                                                                                                                                         ; Type ; Mode           ; Port A Depth ; Port A Width ; Port B Depth ; Port B Width ; Size   ; MIF  ;
+----------------------------------------------------------------------------------------------------------------------------------------------+------+----------------+--------------+--------------+--------------+--------------+--------+------+
; ov7670_lcm_wall_core:u_ov7670_lcm_wall_core|altsyncram:frame_buf_rtl_0|altsyncram_o4d1:auto_generated|altsyncram_rng1:altsyncram1|ALTSYNCRAM ; AUTO ; True Dual Port ; 19200        ; 8            ; 19200        ; 8            ; 153600 ; None ;
+----------------------------------------------------------------------------------------------------------------------------------------------+------+----------------+--------------+--------------+--------------+--------------+--------+------+


+-------------------------------------------------------------------------------------------------------------------------------------------------------------------------------------+
; Analysis & Synthesis IP Cores Summary                                                                                                                                               ;
+--------+--------------+---------+--------------+--------------+---------------------------------------------------------------------------+-----------------------------------------+
; Vendor ; IP Core Name ; Version ; Release Date ; License Type ; Entity Instance                                                           ; IP Include File                         ;
+--------+--------------+---------+--------------+--------------+---------------------------------------------------------------------------+-----------------------------------------+
; Altera ; ALTPLL       ; N/A     ; N/A          ; N/A          ; |TOP_SOC_MMIO_TEST|ov7670_lcm_wall_core:u_ov7670_lcm_wall_core|LCM_PLL:u0 ; C:/Users/yerin/proj/Proj2/rtl/LCM_PLL.v ;
+--------+--------------+---------+--------------+--------------+---------------------------------------------------------------------------+-----------------------------------------+


Encoding Type:  One-Hot
+---------------------------------------------------------------------------+
; State Machine - |TOP_SOC_MMIO_TEST|UART_RX:u_cpu_pc_rx|state              ;
+-----------------+------------+-----------------+-------------+------------+
; Name            ; state.STOP ; state.DATA_BITS ; state.START ; state.IDLE ;
+-----------------+------------+-----------------+-------------+------------+
; state.IDLE      ; 0          ; 0               ; 0           ; 0          ;
; state.START     ; 0          ; 0               ; 1           ; 1          ;
; state.DATA_BITS ; 0          ; 1               ; 0           ; 1          ;
; state.STOP      ; 1          ; 0               ; 0           ; 1          ;
+-----------------+------------+-----------------+-------------+------------+


Encoding Type:  One-Hot
+---------------------------------------------------------------------------+
; State Machine - |TOP_SOC_MMIO_TEST|UART_TX:u_cpu_pc_tx|state              ;
+-----------------+------------+-----------------+-------------+------------+
; Name            ; state.STOP ; state.DATA_BITS ; state.START ; state.IDLE ;
+-----------------+------------+-----------------+-------------+------------+
; state.IDLE      ; 0          ; 0               ; 0           ; 0          ;
; state.START     ; 0          ; 0               ; 1           ; 1          ;
; state.DATA_BITS ; 0          ; 1               ; 0           ; 1          ;
; state.STOP      ; 1          ; 0               ; 0           ; 1          ;
+-----------------+------------+-----------------+-------------+------------+


Encoding Type:  One-Hot
+------------------------------------------------------------------------------------------------------------+
; State Machine - |TOP_SOC_MMIO_TEST|ov7670_lcm_wall_core:u_ov7670_lcm_wall_core|I2S_LCM_Config:u4|mSetup_ST ;
+----------------+----------------+----------------+---------------------------------------------------------+
; Name           ; mSetup_ST.0000 ; mSetup_ST.0010 ; mSetup_ST.0001                                          ;
+----------------+----------------+----------------+---------------------------------------------------------+
; mSetup_ST.0000 ; 0              ; 0              ; 0                                                       ;
; mSetup_ST.0001 ; 1              ; 0              ; 1                                                       ;
; mSetup_ST.0010 ; 1              ; 1              ; 0                                                       ;
+----------------+----------------+----------------+---------------------------------------------------------+


Encoding Type:  One-Hot
+--------------------------------------------------------------------------------------------+
; State Machine - |TOP_SOC_MMIO_TEST|huskylens_sensor_core:u_huskylens_sensor_core|hdr_state ;
+--------------+--------------+--------------+-----------------------------------------------+
; Name         ; hdr_state.00 ; hdr_state.10 ; hdr_state.01                                  ;
+--------------+--------------+--------------+-----------------------------------------------+
; hdr_state.00 ; 0            ; 0            ; 0                                             ;
; hdr_state.01 ; 1            ; 0            ; 1                                             ;
; hdr_state.10 ; 1            ; 1            ; 0                                             ;
+--------------+--------------+--------------+-----------------------------------------------+


Encoding Type:  One-Hot
+-------------------------------------------------------------------------------------------------------------------+
; State Machine - |TOP_SOC_MMIO_TEST|huskylens_sensor_core:u_huskylens_sensor_core|HL_PARSER:hl_parser|state        ;
+----------------+----------------+--------------+-------------+-------------+------------+------------+------------+
; Name           ; state.S_CHKSUM ; state.S_DATA ; state.S_CMD ; state.S_LEN ; state.S_H3 ; state.S_H2 ; state.S_H1 ;
+----------------+----------------+--------------+-------------+-------------+------------+------------+------------+
; state.S_H1     ; 0              ; 0            ; 0           ; 0           ; 0          ; 0          ; 0          ;
; state.S_H2     ; 0              ; 0            ; 0           ; 0           ; 0          ; 1          ; 1          ;
; state.S_H3     ; 0              ; 0            ; 0           ; 0           ; 1          ; 0          ; 1          ;
; state.S_LEN    ; 0              ; 0            ; 0           ; 1           ; 0          ; 0          ; 1          ;
; state.S_CMD    ; 0              ; 0            ; 1           ; 0           ; 0          ; 0          ; 1          ;
; state.S_DATA   ; 0              ; 1            ; 0           ; 0           ; 0          ; 0          ; 1          ;
; state.S_CHKSUM ; 1              ; 0            ; 0           ; 0           ; 0          ; 0          ; 1          ;
+----------------+----------------+--------------+-------------+-------------+------------+------------+------------+


Encoding Type:  One-Hot
+-----------------------------------------------------------------------------------------------------------+
; State Machine - |TOP_SOC_MMIO_TEST|huskylens_sensor_core:u_huskylens_sensor_core|UART_TX:uart_hl_tx|state ;
+-----------------+------------+-----------------+-------------+--------------------------------------------+
; Name            ; state.STOP ; state.DATA_BITS ; state.START ; state.IDLE                                 ;
+-----------------+------------+-----------------+-------------+--------------------------------------------+
; state.IDLE      ; 0          ; 0               ; 0           ; 0                                          ;
; state.START     ; 0          ; 0               ; 1           ; 1                                          ;
; state.DATA_BITS ; 0          ; 1               ; 0           ; 1                                          ;
; state.STOP      ; 1          ; 0               ; 0           ; 1                                          ;
+-----------------+------------+-----------------+-------------+--------------------------------------------+


Encoding Type:  One-Hot
+-----------------------------------------------------------------------------------------------------------+
; State Machine - |TOP_SOC_MMIO_TEST|huskylens_sensor_core:u_huskylens_sensor_core|UART_RX:uart_hl_rx|state ;
+-----------------+------------+-----------------+-------------+--------------------------------------------+
; Name            ; state.STOP ; state.DATA_BITS ; state.START ; state.IDLE                                 ;
+-----------------+------------+-----------------+-------------+--------------------------------------------+
; state.IDLE      ; 0          ; 0               ; 0           ; 0                                          ;
; state.START     ; 0          ; 0               ; 1           ; 1                                          ;
; state.DATA_BITS ; 0          ; 1               ; 0           ; 1                                          ;
; state.STOP      ; 1          ; 0               ; 0           ; 1                                          ;
+-----------------+------------+-----------------+-------------+--------------------------------------------+


Encoding Type:  One-Hot
+-----------------------------------------------------------------------------------------------------------+
; State Machine - |TOP_SOC_MMIO_TEST|huskylens_sensor_core:u_huskylens_sensor_core|UART_TX:uart_pc_tx|state ;
+-----------------+------------+-----------------+-------------+--------------------------------------------+
; Name            ; state.STOP ; state.DATA_BITS ; state.START ; state.IDLE                                 ;
+-----------------+------------+-----------------+-------------+--------------------------------------------+
; state.IDLE      ; 0          ; 0               ; 0           ; 0                                          ;
; state.START     ; 0          ; 0               ; 1           ; 1                                          ;
; state.DATA_BITS ; 0          ; 1               ; 0           ; 1                                          ;
; state.STOP      ; 1          ; 0               ; 0           ; 1                                          ;
+-----------------+------------+-----------------+-------------+--------------------------------------------+


+---------------------------------------------------------------------------------------------------------------------------------------------------------------------------+
; Registers Removed During Synthesis                                                                                                                                        ;
+----------------------------------------------------------------------------------+----------------------------------------------------------------------------------------+
; Register name                                                                    ; Reason for Removal                                                                     ;
+----------------------------------------------------------------------------------+----------------------------------------------------------------------------------------+
; ov7670_lcm_wall_core:u_ov7670_lcm_wall_core|I2S_LCM_Config:u4|mI2S_DATA[6..9,15] ; Stuck at GND due to stuck port data_in                                                 ;
; huskylens_sensor_core:u_huskylens_sensor_core|HL_PARSER:hl_parser|ALGO_ID[6,7]   ; Stuck at GND due to stuck port data_in                                                 ;
; huskylens_sensor_core:u_huskylens_sensor_core|HL_PARSER:hl_parser|ALGO_ID[5]     ; Stuck at VCC due to stuck port data_in                                                 ;
; huskylens_sensor_core:u_huskylens_sensor_core|HL_PARSER:hl_parser|ALGO_ID[4]     ; Stuck at GND due to stuck port data_in                                                 ;
; huskylens_sensor_core:u_huskylens_sensor_core|HL_PARSER:hl_parser|ALGO_ID[3]     ; Stuck at VCC due to stuck port data_in                                                 ;
; huskylens_sensor_core:u_huskylens_sensor_core|HL_PARSER:hl_parser|ALGO_ID[2]     ; Stuck at GND due to stuck port data_in                                                 ;
; huskylens_sensor_core:u_huskylens_sensor_core|HL_PARSER:hl_parser|ALGO_ID[1]     ; Stuck at VCC due to stuck port data_in                                                 ;
; huskylens_sensor_core:u_huskylens_sensor_core|algo[3,5]                          ; Merged with huskylens_sensor_core:u_huskylens_sensor_core|algo[1]                      ;
; huskylens_sensor_core:u_huskylens_sensor_core|algo[6,7]                          ; Merged with huskylens_sensor_core:u_huskylens_sensor_core|algo[4]                      ;
; huskylens_sensor_core:u_huskylens_sensor_core|timer_clear                        ; Merged with huskylens_sensor_core:u_huskylens_sensor_core|timer_flag_d                 ;
; huskylens_sensor_core:u_huskylens_sensor_core|current_mode[0]                    ; Merged with huskylens_sensor_core:u_huskylens_sensor_core|packet_mode[0]               ;
; huskylens_sensor_core:u_huskylens_sensor_core|current_mode[1]                    ; Merged with huskylens_sensor_core:u_huskylens_sensor_core|packet_mode[1]               ;
; huskylens_sensor_core:u_huskylens_sensor_core|algo[4]                            ; Merged with huskylens_sensor_core:u_huskylens_sensor_core|algo[2]                      ;
; ov7670_lcm_wall_core:u_ov7670_lcm_wall_core|I2S_LCM_Config:u4|mI2S_DATA[3]       ; Merged with ov7670_lcm_wall_core:u_ov7670_lcm_wall_core|I2S_LCM_Config:u4|mI2S_DATA[2] ;
; huskylens_sensor_core:u_huskylens_sensor_core|packet_len[1,2]                    ; Merged with huskylens_sensor_core:u_huskylens_sensor_core|packet_kind                  ;
; huskylens_sensor_core:u_huskylens_sensor_core|algo[2]                            ; Stuck at GND due to stuck port data_in                                                 ;
; huskylens_sensor_core:u_huskylens_sensor_core|packet_len[0]                      ; Stuck at GND due to stuck port data_in                                                 ;
; huskylens_sensor_core:u_huskylens_sensor_core|tx_state[3]                        ; Stuck at GND due to stuck port data_in                                                 ;
; UART_RX:u_cpu_pc_rx|state~6                                                      ; Lost fanout                                                                            ;
; UART_RX:u_cpu_pc_rx|state~7                                                      ; Lost fanout                                                                            ;
; UART_TX:u_cpu_pc_tx|state~6                                                      ; Lost fanout                                                                            ;
; UART_TX:u_cpu_pc_tx|state~7                                                      ; Lost fanout                                                                            ;
; ov7670_lcm_wall_core:u_ov7670_lcm_wall_core|I2S_LCM_Config:u4|mSetup_ST~9        ; Lost fanout                                                                            ;
; ov7670_lcm_wall_core:u_ov7670_lcm_wall_core|I2S_LCM_Config:u4|mSetup_ST~10       ; Lost fanout                                                                            ;
; huskylens_sensor_core:u_huskylens_sensor_core|HL_PARSER:hl_parser|state~9        ; Lost fanout                                                                            ;
; huskylens_sensor_core:u_huskylens_sensor_core|HL_PARSER:hl_parser|state~10       ; Lost fanout                                                                            ;
; huskylens_sensor_core:u_huskylens_sensor_core|HL_PARSER:hl_parser|state~11       ; Lost fanout                                                                            ;
; huskylens_sensor_core:u_huskylens_sensor_core|HL_PARSER:hl_parser|state~12       ; Lost fanout                                                                            ;
; huskylens_sensor_core:u_huskylens_sensor_core|UART_TX:uart_hl_tx|state~6         ; Lost fanout                                                                            ;
; huskylens_sensor_core:u_huskylens_sensor_core|UART_TX:uart_hl_tx|state~7         ; Lost fanout                                                                            ;
; huskylens_sensor_core:u_huskylens_sensor_core|UART_RX:uart_hl_rx|state~6         ; Lost fanout                                                                            ;
; huskylens_sensor_core:u_huskylens_sensor_core|UART_RX:uart_hl_rx|state~7         ; Lost fanout                                                                            ;
; huskylens_sensor_core:u_huskylens_sensor_core|UART_TX:uart_pc_tx|state~6         ; Lost fanout                                                                            ;
; huskylens_sensor_core:u_huskylens_sensor_core|UART_TX:uart_pc_tx|state~7         ; Lost fanout                                                                            ;
; huskylens_sensor_core:u_huskylens_sensor_core|UART_TX:uart_pc_tx|baud_cnt[0..15] ; Lost fanout                                                                            ;
; huskylens_sensor_core:u_huskylens_sensor_core|UART_TX:uart_pc_tx|bit_idx[0..2]   ; Lost fanout                                                                            ;
; huskylens_sensor_core:u_huskylens_sensor_core|hdr_state.01                       ; Lost fanout                                                                            ;
; huskylens_sensor_core:u_huskylens_sensor_core|hdr_state.10                       ; Lost fanout                                                                            ;
; huskylens_sensor_core:u_huskylens_sensor_core|hdr_state.00                       ; Lost fanout                                                                            ;
; huskylens_sensor_core:u_huskylens_sensor_core|UART_TX:uart_pc_tx|state.IDLE      ; Lost fanout                                                                            ;
; huskylens_sensor_core:u_huskylens_sensor_core|UART_TX:uart_pc_tx|state.START     ; Lost fanout                                                                            ;
; huskylens_sensor_core:u_huskylens_sensor_core|UART_TX:uart_pc_tx|state.DATA_BITS ; Lost fanout                                                                            ;
; huskylens_sensor_core:u_huskylens_sensor_core|UART_TX:uart_pc_tx|state.STOP      ; Lost fanout                                                                            ;
; Total Number of Removed Registers = 68                                           ;                                                                                        ;
+----------------------------------------------------------------------------------+----------------------------------------------------------------------------------------+


+---------------------------------------------------------------------------------------------------------------------------------------------------------------------------------------------+
; Removed Registers Triggering Further Register Optimizations                                                                                                                                 ;
+------------------------------------------------------------------------------+---------------------------+----------------------------------------------------------------------------------+
; Register name                                                                ; Reason for Removal        ; Registers Removed due to This Register                                           ;
+------------------------------------------------------------------------------+---------------------------+----------------------------------------------------------------------------------+
; huskylens_sensor_core:u_huskylens_sensor_core|UART_TX:uart_pc_tx|state~7     ; Lost Fanouts              ; huskylens_sensor_core:u_huskylens_sensor_core|UART_TX:uart_pc_tx|baud_cnt[0],    ;
;                                                                              ;                           ; huskylens_sensor_core:u_huskylens_sensor_core|UART_TX:uart_pc_tx|baud_cnt[1],    ;
;                                                                              ;                           ; huskylens_sensor_core:u_huskylens_sensor_core|UART_TX:uart_pc_tx|baud_cnt[2],    ;
;                                                                              ;                           ; huskylens_sensor_core:u_huskylens_sensor_core|UART_TX:uart_pc_tx|baud_cnt[3],    ;
;                                                                              ;                           ; huskylens_sensor_core:u_huskylens_sensor_core|UART_TX:uart_pc_tx|baud_cnt[4],    ;
;                                                                              ;                           ; huskylens_sensor_core:u_huskylens_sensor_core|UART_TX:uart_pc_tx|baud_cnt[5],    ;
;                                                                              ;                           ; huskylens_sensor_core:u_huskylens_sensor_core|UART_TX:uart_pc_tx|baud_cnt[6],    ;
;                                                                              ;                           ; huskylens_sensor_core:u_huskylens_sensor_core|UART_TX:uart_pc_tx|baud_cnt[7],    ;
;                                                                              ;                           ; huskylens_sensor_core:u_huskylens_sensor_core|UART_TX:uart_pc_tx|baud_cnt[8],    ;
;                                                                              ;                           ; huskylens_sensor_core:u_huskylens_sensor_core|UART_TX:uart_pc_tx|baud_cnt[9],    ;
;                                                                              ;                           ; huskylens_sensor_core:u_huskylens_sensor_core|UART_TX:uart_pc_tx|baud_cnt[10],   ;
;                                                                              ;                           ; huskylens_sensor_core:u_huskylens_sensor_core|UART_TX:uart_pc_tx|baud_cnt[11],   ;
;                                                                              ;                           ; huskylens_sensor_core:u_huskylens_sensor_core|UART_TX:uart_pc_tx|baud_cnt[12],   ;
;                                                                              ;                           ; huskylens_sensor_core:u_huskylens_sensor_core|UART_TX:uart_pc_tx|baud_cnt[13],   ;
;                                                                              ;                           ; huskylens_sensor_core:u_huskylens_sensor_core|UART_TX:uart_pc_tx|baud_cnt[14],   ;
;                                                                              ;                           ; huskylens_sensor_core:u_huskylens_sensor_core|UART_TX:uart_pc_tx|baud_cnt[15],   ;
;                                                                              ;                           ; huskylens_sensor_core:u_huskylens_sensor_core|UART_TX:uart_pc_tx|bit_idx[1],     ;
;                                                                              ;                           ; huskylens_sensor_core:u_huskylens_sensor_core|UART_TX:uart_pc_tx|state.IDLE,     ;
;                                                                              ;                           ; huskylens_sensor_core:u_huskylens_sensor_core|UART_TX:uart_pc_tx|state.DATA_BITS ;
; huskylens_sensor_core:u_huskylens_sensor_core|UART_TX:uart_pc_tx|state~6     ; Lost Fanouts              ; huskylens_sensor_core:u_huskylens_sensor_core|UART_TX:uart_pc_tx|bit_idx[0],     ;
;                                                                              ;                           ; huskylens_sensor_core:u_huskylens_sensor_core|UART_TX:uart_pc_tx|state.START,    ;
;                                                                              ;                           ; huskylens_sensor_core:u_huskylens_sensor_core|UART_TX:uart_pc_tx|state.STOP      ;
; huskylens_sensor_core:u_huskylens_sensor_core|HL_PARSER:hl_parser|ALGO_ID[2] ; Stuck at GND              ; huskylens_sensor_core:u_huskylens_sensor_core|algo[2]                            ;
;                                                                              ; due to stuck port data_in ;                                                                                  ;
+------------------------------------------------------------------------------+---------------------------+----------------------------------------------------------------------------------+


+------------------------------------------------------+
; General Register Statistics                          ;
+----------------------------------------------+-------+
; Statistic                                    ; Value ;
+----------------------------------------------+-------+
; Total registers                              ; 10093 ;
; Number of registers using Synchronous Clear  ; 290   ;
; Number of registers using Synchronous Load   ; 58    ;
; Number of registers using Asynchronous Clear ; 292   ;
; Number of registers using Asynchronous Load  ; 0     ;
; Number of registers using Clock Enable       ; 9839  ;
; Number of registers using Preset             ; 0     ;
+----------------------------------------------+-------+


+------------------------------------------------------------------------------------------------+
; Inverted Register Statistics                                                                   ;
+--------------------------------------------------------------------------------------+---------+
; Inverted Register                                                                    ; Fan out ;
+--------------------------------------------------------------------------------------+---------+
; ov7670_lcm_wall_core:u_ov7670_lcm_wall_core|I2S_LCM_Config:u4|I2S_Controller:u0|mSEN ; 1       ;
; Total number of inverted registers = 1                                               ;         ;
+--------------------------------------------------------------------------------------+---------+


+---------------------------------------------------------------------------------------------------------------------------------------+
; Registers Packed Into Inferred Megafunctions                                                                                          ;
+------------------------------------------------------------------+-------------------------------------------------------------+------+
; Register Name                                                    ; Megafunction                                                ; Type ;
+------------------------------------------------------------------+-------------------------------------------------------------+------+
; ov7670_lcm_wall_core:u_ov7670_lcm_wall_core|frame_rd_addr[0..14] ; ov7670_lcm_wall_core:u_ov7670_lcm_wall_core|frame_buf_rtl_0 ; RAM  ;
+------------------------------------------------------------------+-------------------------------------------------------------+------+


+-------------------------------------------------------------------------------------------------------------------------------------------------------------------------------------------------------------------------+
; Multiplexer Restructuring Statistics (Restructuring Performed)                                                                                                                                                          ;
+--------------------+-----------+---------------+----------------------+------------------------+------------+-----------------------------------------------------------------------------------------------------------+
; Multiplexer Inputs ; Bus Width ; Baseline Area ; Area if Restructured ; Saving if Restructured ; Registered ; Example Multiplexer Output                                                                                ;
+--------------------+-----------+---------------+----------------------+------------------------+------------+-----------------------------------------------------------------------------------------------------------+
; 3:1                ; 5 bits    ; 10 LEs        ; 5 LEs                ; 5 LEs                  ; Yes        ; |TOP_SOC_MMIO_TEST|huskylens_sensor_core:u_huskylens_sensor_core|HL_PARSER:hl_parser|data_idx[4]          ;
; 3:1                ; 22 bits   ; 44 LEs        ; 22 LEs               ; 22 LEs                 ; Yes        ; |TOP_SOC_MMIO_TEST|huskylens_sensor_core:u_huskylens_sensor_core|TIMER:timer_inst|counter[4]              ;
; 3:1                ; 57 bits   ; 114 LEs       ; 57 LEs               ; 57 LEs                 ; Yes        ; |TOP_SOC_MMIO_TEST|huskylens_sensor_core:u_huskylens_sensor_core|w[1]                                     ;
; 3:1                ; 8 bits    ; 16 LEs        ; 8 LEs                ; 8 LEs                  ; Yes        ; |TOP_SOC_MMIO_TEST|DMEM_MMIO:u_dmem_mmio|pc_rx_latch[1]                                                   ;
; 3:1                ; 5 bits    ; 10 LEs        ; 5 LEs                ; 5 LEs                  ; Yes        ; |TOP_SOC_MMIO_TEST|ov7670_lcm_wall_core:u_ov7670_lcm_wall_core|I2S_LCM_Config:u4|I2S_Controller:u0|mST[0] ;
; 3:1                ; 30 bits   ; 60 LEs        ; 60 LEs               ; 0 LEs                  ; Yes        ; |TOP_SOC_MMIO_TEST|RV32I:u_rv32i|DATAPATH:DP|PC:pc|PC[24]                                                 ;
; 4:1                ; 8 bits    ; 16 LEs        ; 8 LEs                ; 8 LEs                  ; Yes        ; |TOP_SOC_MMIO_TEST|UART_TX:u_cpu_pc_tx|tx_shift[4]                                                        ;
; 4:1                ; 8 bits    ; 16 LEs        ; 8 LEs                ; 8 LEs                  ; Yes        ; |TOP_SOC_MMIO_TEST|huskylens_sensor_core:u_huskylens_sensor_core|UART_TX:uart_hl_tx|tx_shift[7]           ;
; 4:1                ; 32 bits   ; 64 LEs        ; 32 LEs               ; 32 LEs                 ; Yes        ; |TOP_SOC_MMIO_TEST|huskylens_sensor_core:u_huskylens_sensor_core|slow_tick_count[0]                       ;
; 4:1                ; 8 bits    ; 16 LEs        ; 8 LEs                ; 8 LEs                  ; Yes        ; |TOP_SOC_MMIO_TEST|huskylens_sensor_core:u_huskylens_sensor_core|obj_count[4]                             ;
; 4:1                ; 3 bits    ; 6 LEs         ; 3 LEs                ; 3 LEs                  ; Yes        ; |TOP_SOC_MMIO_TEST|ov7670_lcm_wall_core:u_ov7670_lcm_wall_core|cam_y_sample_count[0]                      ;
; 5:1                ; 8 bits    ; 24 LEs        ; 8 LEs                ; 16 LEs                 ; Yes        ; |TOP_SOC_MMIO_TEST|UART_RX:u_cpu_pc_rx|DATA[7]                                                            ;
; 5:1                ; 16 bits   ; 48 LEs        ; 16 LEs               ; 32 LEs                 ; Yes        ; |TOP_SOC_MMIO_TEST|UART_TX:u_cpu_pc_tx|baud_cnt[8]                                                        ;
; 5:1                ; 16 bits   ; 48 LEs        ; 16 LEs               ; 32 LEs                 ; Yes        ; |TOP_SOC_MMIO_TEST|huskylens_sensor_core:u_huskylens_sensor_core|UART_TX:uart_hl_tx|baud_cnt[7]           ;
; 5:1                ; 8 bits    ; 24 LEs        ; 8 LEs                ; 16 LEs                 ; Yes        ; |TOP_SOC_MMIO_TEST|huskylens_sensor_core:u_huskylens_sensor_core|UART_RX:uart_hl_rx|DATA[3]               ;
; 5:1                ; 16 bits   ; 48 LEs        ; 16 LEs               ; 32 LEs                 ; Yes        ; |TOP_SOC_MMIO_TEST|huskylens_sensor_core:u_huskylens_sensor_core|UART_TX:uart_pc_tx|baud_cnt[13]          ;
; 5:1                ; 8 bits    ; 24 LEs        ; 8 LEs                ; 16 LEs                 ; Yes        ; |TOP_SOC_MMIO_TEST|DMEM_MMIO:u_dmem_mmio|PC_TX_DATA[1]                                                    ;
; 5:1                ; 18 bits   ; 54 LEs        ; 18 LEs               ; 36 LEs                 ; Yes        ; |TOP_SOC_MMIO_TEST|DMEM_MMIO:u_dmem_mmio|LED_OUT[14]                                                      ;
; 5:1                ; 32 bits   ; 96 LEs        ; 32 LEs               ; 64 LEs                 ; Yes        ; |TOP_SOC_MMIO_TEST|DMEM_MMIO:u_dmem_mmio|HEX_OUT[1]                                                       ;
; 5:1                ; 2 bits    ; 6 LEs         ; 2 LEs                ; 4 LEs                  ; Yes        ; |TOP_SOC_MMIO_TEST|huskylens_sensor_core:u_huskylens_sensor_core|packet_mode[0]                           ;
; 5:1                ; 7 bits    ; 21 LEs        ; 7 LEs                ; 14 LEs                 ; Yes        ; |TOP_SOC_MMIO_TEST|ov7670_lcm_wall_core:u_ov7670_lcm_wall_core|cam_low_y[3]                               ;
; 4:1                ; 24 bits   ; 48 LEs        ; 48 LEs               ; 0 LEs                  ; Yes        ; |TOP_SOC_MMIO_TEST|DMEM_MMIO:u_dmem_mmio|cpu_mmio_activity_count[14]                                      ;
; 5:1                ; 3 bits    ; 9 LEs         ; 3 LEs                ; 6 LEs                  ; Yes        ; |TOP_SOC_MMIO_TEST|huskylens_sensor_core:u_huskylens_sensor_core|hl_tx_data[6]                            ;
; 6:1                ; 2 bits    ; 8 LEs         ; 4 LEs                ; 4 LEs                  ; Yes        ; |TOP_SOC_MMIO_TEST|huskylens_sensor_core:u_huskylens_sensor_core|hl_tx_data[4]                            ;
; 6:1                ; 3 bits    ; 12 LEs        ; 3 LEs                ; 9 LEs                  ; Yes        ; |TOP_SOC_MMIO_TEST|huskylens_sensor_core:u_huskylens_sensor_core|cycle_slot[2]                            ;
; 5:1                ; 3 bits    ; 9 LEs         ; 6 LEs                ; 3 LEs                  ; Yes        ; |TOP_SOC_MMIO_TEST|ov7670_lcm_wall_core:u_ov7670_lcm_wall_core|cam_x_sample_count[1]                      ;
; 6:1                ; 8 bits    ; 32 LEs        ; 8 LEs                ; 24 LEs                 ; Yes        ; |TOP_SOC_MMIO_TEST|huskylens_sensor_core:u_huskylens_sensor_core|HL_PARSER:hl_parser|OBJ_COUNT[6]         ;
; 4:1                ; 8 bits    ; 16 LEs        ; 16 LEs               ; 0 LEs                  ; Yes        ; |TOP_SOC_MMIO_TEST|ov7670_lcm_wall_core:u_ov7670_lcm_wall_core|cam_low_x[4]                               ;
; 18:1               ; 2 bits    ; 24 LEs        ; 4 LEs                ; 20 LEs                 ; Yes        ; |TOP_SOC_MMIO_TEST|huskylens_sensor_core:u_huskylens_sensor_core|packet_kind                              ;
; 4:1                ; 24 bits   ; 48 LEs        ; 24 LEs               ; 24 LEs                 ; Yes        ; |TOP_SOC_MMIO_TEST|ov7670_lcm_wall_core:u_ov7670_lcm_wall_core|front_sum[19]                              ;
; 4:1                ; 24 bits   ; 48 LEs        ; 24 LEs               ; 24 LEs                 ; Yes        ; |TOP_SOC_MMIO_TEST|ov7670_lcm_wall_core:u_ov7670_lcm_wall_core|floor_sum[12]                              ;
; 7:1                ; 3 bits    ; 12 LEs        ; 3 LEs                ; 9 LEs                  ; Yes        ; |TOP_SOC_MMIO_TEST|UART_TX:u_cpu_pc_tx|bit_idx[0]                                                         ;
; 7:1                ; 3 bits    ; 12 LEs        ; 3 LEs                ; 9 LEs                  ; Yes        ; |TOP_SOC_MMIO_TEST|huskylens_sensor_core:u_huskylens_sensor_core|UART_TX:uart_hl_tx|bit_idx[1]            ;
; 7:1                ; 3 bits    ; 12 LEs        ; 3 LEs                ; 9 LEs                  ; Yes        ; |TOP_SOC_MMIO_TEST|huskylens_sensor_core:u_huskylens_sensor_core|UART_TX:uart_pc_tx|bit_idx[0]            ;
; 19:1               ; 4 bits    ; 48 LEs        ; 4 LEs                ; 44 LEs                 ; Yes        ; |TOP_SOC_MMIO_TEST|huskylens_sensor_core:u_huskylens_sensor_core|byte_index[2]                            ;
; 8:1                ; 3 bits    ; 15 LEs        ; 3 LEs                ; 12 LEs                 ; Yes        ; |TOP_SOC_MMIO_TEST|UART_RX:u_cpu_pc_rx|bit_idx[1]                                                         ;
; 6:1                ; 16 bits   ; 64 LEs        ; 16 LEs               ; 48 LEs                 ; Yes        ; |TOP_SOC_MMIO_TEST|UART_RX:u_cpu_pc_rx|baud_cnt[12]                                                       ;
; 8:1                ; 3 bits    ; 15 LEs        ; 3 LEs                ; 12 LEs                 ; Yes        ; |TOP_SOC_MMIO_TEST|huskylens_sensor_core:u_huskylens_sensor_core|UART_RX:uart_hl_rx|bit_idx[2]            ;
; 6:1                ; 16 bits   ; 64 LEs        ; 16 LEs               ; 48 LEs                 ; Yes        ; |TOP_SOC_MMIO_TEST|huskylens_sensor_core:u_huskylens_sensor_core|UART_RX:uart_hl_rx|baud_cnt[8]           ;
; 19:1               ; 2 bits    ; 24 LEs        ; 8 LEs                ; 16 LEs                 ; Yes        ; |TOP_SOC_MMIO_TEST|huskylens_sensor_core:u_huskylens_sensor_core|tx_state[3]                              ;
; 12:1               ; 7 bits    ; 56 LEs        ; 21 LEs               ; 35 LEs                 ; Yes        ; |TOP_SOC_MMIO_TEST|huskylens_sensor_core:u_huskylens_sensor_core|HL_PARSER:hl_parser|chksum_calc[3]       ;
; 3:1                ; 5 bits    ; 10 LEs        ; 10 LEs               ; 0 LEs                  ; No         ; |TOP_SOC_MMIO_TEST|ov7670_lcm_wall_core:u_ov7670_lcm_wall_core|frame_rd_addr                              ;
; 5:1                ; 4 bits    ; 12 LEs        ; 12 LEs               ; 0 LEs                  ; No         ; |TOP_SOC_MMIO_TEST|RV32I:u_rv32i|DATAPATH:DP|result[31]                                                   ;
; 3:1                ; 7 bits    ; 14 LEs        ; 14 LEs               ; 0 LEs                  ; No         ; |TOP_SOC_MMIO_TEST|ov7670_lcm_wall_core:u_ov7670_lcm_wall_core|LCM_DATA[0]                                ;
; 5:1                ; 2 bits    ; 6 LEs         ; 4 LEs                ; 2 LEs                  ; No         ; |TOP_SOC_MMIO_TEST|huskylens_sensor_core:u_huskylens_sensor_core|hdr_state                                ;
; 11:1               ; 2 bits    ; 14 LEs        ; 12 LEs               ; 2 LEs                  ; No         ; |TOP_SOC_MMIO_TEST|RV32I:u_rv32i|CONTROLLER:CTRL|ALUDEC:AD|Mux2                                           ;
; 4:1                ; 8 bits    ; 16 LEs        ; 8 LEs                ; 8 LEs                  ; No         ; |TOP_SOC_MMIO_TEST|RV32I:u_rv32i|DATAPATH:DP|EXTEND:extend|Mux3                                           ;
; 5:1                ; 4 bits    ; 12 LEs        ; 8 LEs                ; 4 LEs                  ; No         ; |TOP_SOC_MMIO_TEST|RV32I:u_rv32i|DATAPATH:DP|EXTEND:extend|Mux12                                          ;
; 8:1                ; 2 bits    ; 10 LEs        ; 6 LEs                ; 4 LEs                  ; No         ; |TOP_SOC_MMIO_TEST|huskylens_sensor_core:u_huskylens_sensor_core|HL_PARSER:hl_parser|state                ;
; 19:1               ; 8 bits    ; 96 LEs        ; 64 LEs               ; 32 LEs                 ; No         ; |TOP_SOC_MMIO_TEST|RV32I:u_rv32i|DATAPATH:DP|ALU:alu|Mux20                                                ;
; 20:1               ; 7 bits    ; 91 LEs        ; 70 LEs               ; 21 LEs                 ; No         ; |TOP_SOC_MMIO_TEST|RV32I:u_rv32i|DATAPATH:DP|ALU:alu|Mux9                                                 ;
; 8:1                ; 2 bits    ; 10 LEs        ; 6 LEs                ; 4 LEs                  ; No         ; |TOP_SOC_MMIO_TEST|UART_TX:u_cpu_pc_tx|state                                                              ;
; 8:1                ; 2 bits    ; 10 LEs        ; 6 LEs                ; 4 LEs                  ; No         ; |TOP_SOC_MMIO_TEST|huskylens_sensor_core:u_huskylens_sensor_core|UART_TX:uart_hl_tx|state                 ;
; 8:1                ; 2 bits    ; 10 LEs        ; 6 LEs                ; 4 LEs                  ; No         ; |TOP_SOC_MMIO_TEST|huskylens_sensor_core:u_huskylens_sensor_core|UART_TX:uart_pc_tx|state                 ;
; 20:1               ; 4 bits    ; 52 LEs        ; 40 LEs               ; 12 LEs                 ; No         ; |TOP_SOC_MMIO_TEST|RV32I:u_rv32i|DATAPATH:DP|ALU:alu|Mux25                                                ;
; 21:1               ; 4 bits    ; 56 LEs        ; 40 LEs               ; 16 LEs                 ; No         ; |TOP_SOC_MMIO_TEST|RV32I:u_rv32i|DATAPATH:DP|ALU:alu|Mux7                                                 ;
; 10:1               ; 2 bits    ; 12 LEs        ; 6 LEs                ; 6 LEs                  ; No         ; |TOP_SOC_MMIO_TEST|UART_RX:u_cpu_pc_rx|state                                                              ;
; 10:1               ; 2 bits    ; 12 LEs        ; 4 LEs                ; 8 LEs                  ; No         ; |TOP_SOC_MMIO_TEST|UART_RX:u_cpu_pc_rx|state                                                              ;
; 10:1               ; 2 bits    ; 12 LEs        ; 6 LEs                ; 6 LEs                  ; No         ; |TOP_SOC_MMIO_TEST|UART_TX:u_cpu_pc_tx|state                                                              ;
; 10:1               ; 2 bits    ; 12 LEs        ; 6 LEs                ; 6 LEs                  ; No         ; |TOP_SOC_MMIO_TEST|huskylens_sensor_core:u_huskylens_sensor_core|UART_TX:uart_hl_tx|state                 ;
; 10:1               ; 2 bits    ; 12 LEs        ; 6 LEs                ; 6 LEs                  ; No         ; |TOP_SOC_MMIO_TEST|huskylens_sensor_core:u_huskylens_sensor_core|UART_RX:uart_hl_rx|state                 ;
; 10:1               ; 2 bits    ; 12 LEs        ; 4 LEs                ; 8 LEs                  ; No         ; |TOP_SOC_MMIO_TEST|huskylens_sensor_core:u_huskylens_sensor_core|UART_RX:uart_hl_rx|state                 ;
; 10:1               ; 2 bits    ; 12 LEs        ; 6 LEs                ; 6 LEs                  ; No         ; |TOP_SOC_MMIO_TEST|huskylens_sensor_core:u_huskylens_sensor_core|UART_TX:uart_pc_tx|state                 ;
; 21:1               ; 2 bits    ; 28 LEs        ; 20 LEs               ; 8 LEs                  ; No         ; |TOP_SOC_MMIO_TEST|RV32I:u_rv32i|DATAPATH:DP|ALU:alu|Mux29                                                ;
; 22:1               ; 2 bits    ; 28 LEs        ; 20 LEs               ; 8 LEs                  ; No         ; |TOP_SOC_MMIO_TEST|RV32I:u_rv32i|DATAPATH:DP|ALU:alu|Mux2                                                 ;
; 133:1              ; 3 bits    ; 264 LEs       ; 12 LEs               ; 252 LEs                ; No         ; |TOP_SOC_MMIO_TEST|RV32I:u_rv32i|DATAPATH:DP|result[29]                                                   ;
; 260:1              ; 6 bits    ; 1038 LEs      ; 24 LEs               ; 1014 LEs               ; No         ; |TOP_SOC_MMIO_TEST|RV32I:u_rv32i|DATAPATH:DP|result[18]                                                   ;
; 260:1              ; 10 bits   ; 1730 LEs      ; 60 LEs               ; 1670 LEs               ; No         ; |TOP_SOC_MMIO_TEST|RV32I:u_rv32i|DATAPATH:DP|result[8]                                                    ;
; 260:1              ; 4 bits    ; 692 LEs       ; 28 LEs               ; 664 LEs                ; No         ; |TOP_SOC_MMIO_TEST|RV32I:u_rv32i|DATAPATH:DP|result[7]                                                    ;
; 260:1              ; 2 bits    ; 346 LEs       ; 14 LEs               ; 332 LEs                ; No         ; |TOP_SOC_MMIO_TEST|RV32I:u_rv32i|DATAPATH:DP|result[3]                                                    ;
+--------------------+-----------+---------------+----------------------+------------------------+------------+-----------------------------------------------------------------------------------------------------------+


+------------------------------------------------------------------------------------------------------------------------------+
; Source assignments for ov7670_lcm_wall_core:u_ov7670_lcm_wall_core|altsyncram:frame_buf_rtl_0|altsyncram_o4d1:auto_generated ;
+---------------------------------+--------------------+------+----------------------------------------------------------------+
; Assignment                      ; Value              ; From ; To                                                             ;
+---------------------------------+--------------------+------+----------------------------------------------------------------+
; OPTIMIZE_POWER_DURING_SYNTHESIS ; NORMAL_COMPILATION ; -    ; -                                                              ;
+---------------------------------+--------------------+------+----------------------------------------------------------------+


+----------------------------------------------------------------------------------------------------------------------------------------------------------+
; Source assignments for ov7670_lcm_wall_core:u_ov7670_lcm_wall_core|altsyncram:frame_buf_rtl_0|altsyncram_o4d1:auto_generated|altsyncram_rng1:altsyncram1 ;
+---------------------------------+--------------------+------+--------------------------------------------------------------------------------------------+
; Assignment                      ; Value              ; From ; To                                                                                         ;
+---------------------------------+--------------------+------+--------------------------------------------------------------------------------------------+
; OPTIMIZE_POWER_DURING_SYNTHESIS ; NORMAL_COMPILATION ; -    ; -                                                                                          ;
+---------------------------------+--------------------+------+--------------------------------------------------------------------------------------------+


+--------------------------------------------------------------------------------------------+
; Parameter Settings for User Entity Instance: huskylens_sensor_core:u_huskylens_sensor_core ;
+----------------+----------+----------------------------------------------------------------+
; Parameter Name ; Value    ; Type                                                           ;
+----------------+----------+----------------------------------------------------------------+
; DEBUG_SLOW     ; 0        ; Signed Integer                                                 ;
; SLOW_TICK_MAX  ; 50000000 ; Signed Integer                                                 ;
+----------------+----------+----------------------------------------------------------------+
Note: In order to hide this table in the UI and the text report file, please set the "Show Parameter Settings in Synthesis Report" option in "Analysis and Synthesis Settings -> More Settings" to "Off".


+---------------------------------------------------------------------------------------------------------------+
; Parameter Settings for User Entity Instance: huskylens_sensor_core:u_huskylens_sensor_core|UART_TX:uart_pc_tx ;
+----------------+-------+--------------------------------------------------------------------------------------+
; Parameter Name ; Value ; Type                                                                                 ;
+----------------+-------+--------------------------------------------------------------------------------------+
; BAUD_DIV       ; 5208  ; Signed Integer                                                                       ;
+----------------+-------+--------------------------------------------------------------------------------------+
Note: In order to hide this table in the UI and the text report file, please set the "Show Parameter Settings in Synthesis Report" option in "Analysis and Synthesis Settings -> More Settings" to "Off".


+---------------------------------------------------------------------------------------------------------------+
; Parameter Settings for User Entity Instance: huskylens_sensor_core:u_huskylens_sensor_core|UART_RX:uart_hl_rx ;
+----------------+-------+--------------------------------------------------------------------------------------+
; Parameter Name ; Value ; Type                                                                                 ;
+----------------+-------+--------------------------------------------------------------------------------------+
; BAUD_DIV       ; 5208  ; Signed Integer                                                                       ;
+----------------+-------+--------------------------------------------------------------------------------------+
Note: In order to hide this table in the UI and the text report file, please set the "Show Parameter Settings in Synthesis Report" option in "Analysis and Synthesis Settings -> More Settings" to "Off".


+---------------------------------------------------------------------------------------------------------------+
; Parameter Settings for User Entity Instance: huskylens_sensor_core:u_huskylens_sensor_core|UART_TX:uart_hl_tx ;
+----------------+-------+--------------------------------------------------------------------------------------+
; Parameter Name ; Value ; Type                                                                                 ;
+----------------+-------+--------------------------------------------------------------------------------------+
; BAUD_DIV       ; 5208  ; Signed Integer                                                                       ;
+----------------+-------+--------------------------------------------------------------------------------------+
Note: In order to hide this table in the UI and the text report file, please set the "Show Parameter Settings in Synthesis Report" option in "Analysis and Synthesis Settings -> More Settings" to "Off".


+------------------------------------------------------------------------------------------+
; Parameter Settings for User Entity Instance: ov7670_lcm_wall_core:u_ov7670_lcm_wall_core ;
+----------------------+----------+--------------------------------------------------------+
; Parameter Name       ; Value    ; Type                                                   ;
+----------------------+----------+--------------------------------------------------------+
; LOW_W                ; 160      ; Signed Integer                                         ;
; LOW_H                ; 120      ; Signed Integer                                         ;
; LOW_PIXELS           ; 19200    ; Signed Integer                                         ;
; CAM_X_SAMPLE         ; 2        ; Signed Integer                                         ;
; CAM_Y_SAMPLE         ; 2        ; Signed Integer                                         ;
; FRONT_X_MIN          ; 00101000 ; Unsigned Binary                                        ;
; FRONT_X_MAX          ; 01110111 ; Unsigned Binary                                        ;
; FRONT_Y_MIN          ; 0010100  ; Unsigned Binary                                        ;
; FRONT_Y_MAX          ; 1000110  ; Unsigned Binary                                        ;
; FLOOR_X_MIN          ; 00101000 ; Unsigned Binary                                        ;
; FLOOR_X_MAX          ; 01110111 ; Unsigned Binary                                        ;
; FLOOR_Y_MIN          ; 1010101  ; Unsigned Binary                                        ;
; FLOOR_Y_MAX          ; 1110011  ; Unsigned Binary                                        ;
; FRONT_SHIFT          ; 1100     ; Unsigned Binary                                        ;
; FLOOR_SHIFT          ; 1011     ; Unsigned Binary                                        ;
; WALL_ON_ABS_TH       ; 01101110 ; Unsigned Binary                                        ;
; WALL_ON_DIFF_TH      ; 00110010 ; Unsigned Binary                                        ;
; WALL_OFF_ABS_TH      ; 01011010 ; Unsigned Binary                                        ;
; WALL_OFF_DIFF_TH     ; 00011001 ; Unsigned Binary                                        ;
; WALL_DEBOUNCE_FRAMES ; 11       ; Unsigned Binary                                        ;
; H_SYNC_CYC           ; 1        ; Signed Integer                                         ;
; H_SYNC_BACK          ; 151      ; Signed Integer                                         ;
; H_SYNC_ACT           ; 960      ; Signed Integer                                         ;
; H_SYNC_FRONT         ; 59       ; Signed Integer                                         ;
; H_SYNC_TOTAL         ; 1171     ; Signed Integer                                         ;
; V_SYNC_CYC           ; 1        ; Signed Integer                                         ;
; V_SYNC_BACK          ; 13       ; Signed Integer                                         ;
; V_SYNC_ACT           ; 240      ; Signed Integer                                         ;
; V_SYNC_FRONT         ; 8        ; Signed Integer                                         ;
; V_SYNC_TOTAL         ; 262      ; Signed Integer                                         ;
; LCD_SCALE_X          ; 6        ; Signed Integer                                         ;
; LCD_SCALE_Y          ; 2        ; Signed Integer                                         ;
+----------------------+----------+--------------------------------------------------------+
Note: In order to hide this table in the UI and the text report file, please set the "Show Parameter Settings in Synthesis Report" option in "Analysis and Synthesis Settings -> More Settings" to "Off".


+-----------------------------------------------------------------------------------------------------------------------------+
; Parameter Settings for User Entity Instance: ov7670_lcm_wall_core:u_ov7670_lcm_wall_core|LCM_PLL:u0|altpll:altpll_component ;
+-------------------------------+-------------------+-------------------------------------------------------------------------+
; Parameter Name                ; Value             ; Type                                                                    ;
+-------------------------------+-------------------+-------------------------------------------------------------------------+
; OPERATION_MODE                ; NORMAL            ; Untyped                                                                 ;
; PLL_TYPE                      ; FAST              ; Untyped                                                                 ;
; LPM_HINT                      ; UNUSED            ; Untyped                                                                 ;
; QUALIFY_CONF_DONE             ; OFF               ; Untyped                                                                 ;
; COMPENSATE_CLOCK              ; CLK0              ; Untyped                                                                 ;
; SCAN_CHAIN                    ; LONG              ; Untyped                                                                 ;
; PRIMARY_CLOCK                 ; INCLK0            ; Untyped                                                                 ;
; INCLK0_INPUT_FREQUENCY        ; 20000             ; Signed Integer                                                          ;
; INCLK1_INPUT_FREQUENCY        ; 0                 ; Untyped                                                                 ;
; GATE_LOCK_SIGNAL              ; NO                ; Untyped                                                                 ;
; GATE_LOCK_COUNTER             ; 0                 ; Untyped                                                                 ;
; LOCK_HIGH                     ; 1                 ; Untyped                                                                 ;
; LOCK_LOW                      ; 1                 ; Untyped                                                                 ;
; VALID_LOCK_MULTIPLIER         ; 1                 ; Untyped                                                                 ;
; INVALID_LOCK_MULTIPLIER       ; 5                 ; Untyped                                                                 ;
; SWITCH_OVER_ON_LOSSCLK        ; OFF               ; Untyped                                                                 ;
; SWITCH_OVER_ON_GATED_LOCK     ; OFF               ; Untyped                                                                 ;
; ENABLE_SWITCH_OVER_COUNTER    ; OFF               ; Untyped                                                                 ;
; SKIP_VCO                      ; OFF               ; Untyped                                                                 ;
; SWITCH_OVER_COUNTER           ; 0                 ; Untyped                                                                 ;
; SWITCH_OVER_TYPE              ; AUTO              ; Untyped                                                                 ;
; FEEDBACK_SOURCE               ; EXTCLK0           ; Untyped                                                                 ;
; BANDWIDTH                     ; 0                 ; Untyped                                                                 ;
; BANDWIDTH_TYPE                ; AUTO              ; Untyped                                                                 ;
; SPREAD_FREQUENCY              ; 0                 ; Untyped                                                                 ;
; DOWN_SPREAD                   ; 0                 ; Untyped                                                                 ;
; SELF_RESET_ON_GATED_LOSS_LOCK ; OFF               ; Untyped                                                                 ;
; SELF_RESET_ON_LOSS_LOCK       ; OFF               ; Untyped                                                                 ;
; CLK9_MULTIPLY_BY              ; 0                 ; Untyped                                                                 ;
; CLK8_MULTIPLY_BY              ; 0                 ; Untyped                                                                 ;
; CLK7_MULTIPLY_BY              ; 0                 ; Untyped                                                                 ;
; CLK6_MULTIPLY_BY              ; 0                 ; Untyped                                                                 ;
; CLK5_MULTIPLY_BY              ; 1                 ; Untyped                                                                 ;
; CLK4_MULTIPLY_BY              ; 1                 ; Untyped                                                                 ;
; CLK3_MULTIPLY_BY              ; 1                 ; Untyped                                                                 ;
; CLK2_MULTIPLY_BY              ; 1                 ; Untyped                                                                 ;
; CLK1_MULTIPLY_BY              ; 1                 ; Untyped                                                                 ;
; CLK0_MULTIPLY_BY              ; 921               ; Signed Integer                                                          ;
; CLK9_DIVIDE_BY                ; 0                 ; Untyped                                                                 ;
; CLK8_DIVIDE_BY                ; 0                 ; Untyped                                                                 ;
; CLK7_DIVIDE_BY                ; 0                 ; Untyped                                                                 ;
; CLK6_DIVIDE_BY                ; 0                 ; Untyped                                                                 ;
; CLK5_DIVIDE_BY                ; 1                 ; Untyped                                                                 ;
; CLK4_DIVIDE_BY                ; 1                 ; Untyped                                                                 ;
; CLK3_DIVIDE_BY                ; 1                 ; Untyped                                                                 ;
; CLK2_DIVIDE_BY                ; 1                 ; Untyped                                                                 ;
; CLK1_DIVIDE_BY                ; 1                 ; Untyped                                                                 ;
; CLK0_DIVIDE_BY                ; 2500              ; Signed Integer                                                          ;
; CLK9_PHASE_SHIFT              ; 0                 ; Untyped                                                                 ;
; CLK8_PHASE_SHIFT              ; 0                 ; Untyped                                                                 ;
; CLK7_PHASE_SHIFT              ; 0                 ; Untyped                                                                 ;
; CLK6_PHASE_SHIFT              ; 0                 ; Untyped                                                                 ;
; CLK5_PHASE_SHIFT              ; 0                 ; Untyped                                                                 ;
; CLK4_PHASE_SHIFT              ; 0                 ; Untyped                                                                 ;
; CLK3_PHASE_SHIFT              ; 0                 ; Untyped                                                                 ;
; CLK2_PHASE_SHIFT              ; 0                 ; Untyped                                                                 ;
; CLK1_PHASE_SHIFT              ; 0                 ; Untyped                                                                 ;
; CLK0_PHASE_SHIFT              ; 0                 ; Untyped                                                                 ;
; CLK5_TIME_DELAY               ; 0                 ; Untyped                                                                 ;
; CLK4_TIME_DELAY               ; 0                 ; Untyped                                                                 ;
; CLK3_TIME_DELAY               ; 0                 ; Untyped                                                                 ;
; CLK2_TIME_DELAY               ; 0                 ; Untyped                                                                 ;
; CLK1_TIME_DELAY               ; 0                 ; Untyped                                                                 ;
; CLK0_TIME_DELAY               ; 0                 ; Untyped                                                                 ;
; CLK9_DUTY_CYCLE               ; 50                ; Untyped                                                                 ;
; CLK8_DUTY_CYCLE               ; 50                ; Untyped                                                                 ;
; CLK7_DUTY_CYCLE               ; 50                ; Untyped                                                                 ;
; CLK6_DUTY_CYCLE               ; 50                ; Untyped                                                                 ;
; CLK5_DUTY_CYCLE               ; 50                ; Untyped                                                                 ;
; CLK4_DUTY_CYCLE               ; 50                ; Untyped                                                                 ;
; CLK3_DUTY_CYCLE               ; 50                ; Untyped                                                                 ;
; CLK2_DUTY_CYCLE               ; 50                ; Untyped                                                                 ;
; CLK1_DUTY_CYCLE               ; 50                ; Untyped                                                                 ;
; CLK0_DUTY_CYCLE               ; 50                ; Signed Integer                                                          ;
; CLK9_USE_EVEN_COUNTER_MODE    ; OFF               ; Untyped                                                                 ;
; CLK8_USE_EVEN_COUNTER_MODE    ; OFF               ; Untyped                                                                 ;
; CLK7_USE_EVEN_COUNTER_MODE    ; OFF               ; Untyped                                                                 ;
; CLK6_USE_EVEN_COUNTER_MODE    ; OFF               ; Untyped                                                                 ;
; CLK5_USE_EVEN_COUNTER_MODE    ; OFF               ; Untyped                                                                 ;
; CLK4_USE_EVEN_COUNTER_MODE    ; OFF               ; Untyped                                                                 ;
; CLK3_USE_EVEN_COUNTER_MODE    ; OFF               ; Untyped                                                                 ;
; CLK2_USE_EVEN_COUNTER_MODE    ; OFF               ; Untyped                                                                 ;
; CLK1_USE_EVEN_COUNTER_MODE    ; OFF               ; Untyped                                                                 ;
; CLK0_USE_EVEN_COUNTER_MODE    ; OFF               ; Untyped                                                                 ;
; CLK9_USE_EVEN_COUNTER_VALUE   ; OFF               ; Untyped                                                                 ;
; CLK8_USE_EVEN_COUNTER_VALUE   ; OFF               ; Untyped                                                                 ;
; CLK7_USE_EVEN_COUNTER_VALUE   ; OFF               ; Untyped                                                                 ;
; CLK6_USE_EVEN_COUNTER_VALUE   ; OFF               ; Untyped                                                                 ;
; CLK5_USE_EVEN_COUNTER_VALUE   ; OFF               ; Untyped                                                                 ;
; CLK4_USE_EVEN_COUNTER_VALUE   ; OFF               ; Untyped                                                                 ;
; CLK3_USE_EVEN_COUNTER_VALUE   ; OFF               ; Untyped                                                                 ;
; CLK2_USE_EVEN_COUNTER_VALUE   ; OFF               ; Untyped                                                                 ;
; CLK1_USE_EVEN_COUNTER_VALUE   ; OFF               ; Untyped                                                                 ;
; CLK0_USE_EVEN_COUNTER_VALUE   ; OFF               ; Untyped                                                                 ;
; LOCK_WINDOW_UI                ;  0.05             ; Untyped                                                                 ;
; LOCK_WINDOW_UI_BITS           ; UNUSED            ; Untyped                                                                 ;
; VCO_RANGE_DETECTOR_LOW_BITS   ; UNUSED            ; Untyped                                                                 ;
; VCO_RANGE_DETECTOR_HIGH_BITS  ; UNUSED            ; Untyped                                                                 ;
; DPA_MULTIPLY_BY               ; 0                 ; Untyped                                                                 ;
; DPA_DIVIDE_BY                 ; 1                 ; Untyped                                                                 ;
; DPA_DIVIDER                   ; 0                 ; Untyped                                                                 ;
; EXTCLK3_MULTIPLY_BY           ; 1                 ; Untyped                                                                 ;
; EXTCLK2_MULTIPLY_BY           ; 1                 ; Untyped                                                                 ;
; EXTCLK1_MULTIPLY_BY           ; 1                 ; Untyped                                                                 ;
; EXTCLK0_MULTIPLY_BY           ; 1                 ; Untyped                                                                 ;
; EXTCLK3_DIVIDE_BY             ; 1                 ; Untyped                                                                 ;
; EXTCLK2_DIVIDE_BY             ; 1                 ; Untyped                                                                 ;
; EXTCLK1_DIVIDE_BY             ; 1                 ; Untyped                                                                 ;
; EXTCLK0_DIVIDE_BY             ; 1                 ; Untyped                                                                 ;
; EXTCLK3_PHASE_SHIFT           ; 0                 ; Untyped                                                                 ;
; EXTCLK2_PHASE_SHIFT           ; 0                 ; Untyped                                                                 ;
; EXTCLK1_PHASE_SHIFT           ; 0                 ; Untyped                                                                 ;
; EXTCLK0_PHASE_SHIFT           ; 0                 ; Untyped                                                                 ;
; EXTCLK3_TIME_DELAY            ; 0                 ; Untyped                                                                 ;
; EXTCLK2_TIME_DELAY            ; 0                 ; Untyped                                                                 ;
; EXTCLK1_TIME_DELAY            ; 0                 ; Untyped                                                                 ;
; EXTCLK0_TIME_DELAY            ; 0                 ; Untyped                                                                 ;
; EXTCLK3_DUTY_CYCLE            ; 50                ; Untyped                                                                 ;
; EXTCLK2_DUTY_CYCLE            ; 50                ; Untyped                                                                 ;
; EXTCLK1_DUTY_CYCLE            ; 50                ; Untyped                                                                 ;
; EXTCLK0_DUTY_CYCLE            ; 50                ; Untyped                                                                 ;
; VCO_MULTIPLY_BY               ; 0                 ; Untyped                                                                 ;
; VCO_DIVIDE_BY                 ; 0                 ; Untyped                                                                 ;
; SCLKOUT0_PHASE_SHIFT          ; 0                 ; Untyped                                                                 ;
; SCLKOUT1_PHASE_SHIFT          ; 0                 ; Untyped                                                                 ;
; VCO_MIN                       ; 0                 ; Untyped                                                                 ;
; VCO_MAX                       ; 0                 ; Untyped                                                                 ;
; VCO_CENTER                    ; 0                 ; Untyped                                                                 ;
; PFD_MIN                       ; 0                 ; Untyped                                                                 ;
; PFD_MAX                       ; 0                 ; Untyped                                                                 ;
; M_INITIAL                     ; 0                 ; Untyped                                                                 ;
; M                             ; 0                 ; Untyped                                                                 ;
; N                             ; 1                 ; Untyped                                                                 ;
; M2                            ; 1                 ; Untyped                                                                 ;
; N2                            ; 1                 ; Untyped                                                                 ;
; SS                            ; 1                 ; Untyped                                                                 ;
; C0_HIGH                       ; 0                 ; Untyped                                                                 ;
; C1_HIGH                       ; 0                 ; Untyped                                                                 ;
; C2_HIGH                       ; 0                 ; Untyped                                                                 ;
; C3_HIGH                       ; 0                 ; Untyped                                                                 ;
; C4_HIGH                       ; 0                 ; Untyped                                                                 ;
; C5_HIGH                       ; 0                 ; Untyped                                                                 ;
; C6_HIGH                       ; 0                 ; Untyped                                                                 ;
; C7_HIGH                       ; 0                 ; Untyped                                                                 ;
; C8_HIGH                       ; 0                 ; Untyped                                                                 ;
; C9_HIGH                       ; 0                 ; Untyped                                                                 ;
; C0_LOW                        ; 0                 ; Untyped                                                                 ;
; C1_LOW                        ; 0                 ; Untyped                                                                 ;
; C2_LOW                        ; 0                 ; Untyped                                                                 ;
; C3_LOW                        ; 0                 ; Untyped                                                                 ;
; C4_LOW                        ; 0                 ; Untyped                                                                 ;
; C5_LOW                        ; 0                 ; Untyped                                                                 ;
; C6_LOW                        ; 0                 ; Untyped                                                                 ;
; C7_LOW                        ; 0                 ; Untyped                                                                 ;
; C8_LOW                        ; 0                 ; Untyped                                                                 ;
; C9_LOW                        ; 0                 ; Untyped                                                                 ;
; C0_INITIAL                    ; 0                 ; Untyped                                                                 ;
; C1_INITIAL                    ; 0                 ; Untyped                                                                 ;
; C2_INITIAL                    ; 0                 ; Untyped                                                                 ;
; C3_INITIAL                    ; 0                 ; Untyped                                                                 ;
; C4_INITIAL                    ; 0                 ; Untyped                                                                 ;
; C5_INITIAL                    ; 0                 ; Untyped                                                                 ;
; C6_INITIAL                    ; 0                 ; Untyped                                                                 ;
; C7_INITIAL                    ; 0                 ; Untyped                                                                 ;
; C8_INITIAL                    ; 0                 ; Untyped                                                                 ;
; C9_INITIAL                    ; 0                 ; Untyped                                                                 ;
; C0_MODE                       ; BYPASS            ; Untyped                                                                 ;
; C1_MODE                       ; BYPASS            ; Untyped                                                                 ;
; C2_MODE                       ; BYPASS            ; Untyped                                                                 ;
; C3_MODE                       ; BYPASS            ; Untyped                                                                 ;
; C4_MODE                       ; BYPASS            ; Untyped                                                                 ;
; C5_MODE                       ; BYPASS            ; Untyped                                                                 ;
; C6_MODE                       ; BYPASS            ; Untyped                                                                 ;
; C7_MODE                       ; BYPASS            ; Untyped                                                                 ;
; C8_MODE                       ; BYPASS            ; Untyped                                                                 ;
; C9_MODE                       ; BYPASS            ; Untyped                                                                 ;
; C0_PH                         ; 0                 ; Untyped                                                                 ;
; C1_PH                         ; 0                 ; Untyped                                                                 ;
; C2_PH                         ; 0                 ; Untyped                                                                 ;
; C3_PH                         ; 0                 ; Untyped                                                                 ;
; C4_PH                         ; 0                 ; Untyped                                                                 ;
; C5_PH                         ; 0                 ; Untyped                                                                 ;
; C6_PH                         ; 0                 ; Untyped                                                                 ;
; C7_PH                         ; 0                 ; Untyped                                                                 ;
; C8_PH                         ; 0                 ; Untyped                                                                 ;
; C9_PH                         ; 0                 ; Untyped                                                                 ;
; L0_HIGH                       ; 1                 ; Untyped                                                                 ;
; L1_HIGH                       ; 1                 ; Untyped                                                                 ;
; G0_HIGH                       ; 1                 ; Untyped                                                                 ;
; G1_HIGH                       ; 1                 ; Untyped                                                                 ;
; G2_HIGH                       ; 1                 ; Untyped                                                                 ;
; G3_HIGH                       ; 1                 ; Untyped                                                                 ;
; E0_HIGH                       ; 1                 ; Untyped                                                                 ;
; E1_HIGH                       ; 1                 ; Untyped                                                                 ;
; E2_HIGH                       ; 1                 ; Untyped                                                                 ;
; E3_HIGH                       ; 1                 ; Untyped                                                                 ;
; L0_LOW                        ; 1                 ; Untyped                                                                 ;
; L1_LOW                        ; 1                 ; Untyped                                                                 ;
; G0_LOW                        ; 1                 ; Untyped                                                                 ;
; G1_LOW                        ; 1                 ; Untyped                                                                 ;
; G2_LOW                        ; 1                 ; Untyped                                                                 ;
; G3_LOW                        ; 1                 ; Untyped                                                                 ;
; E0_LOW                        ; 1                 ; Untyped                                                                 ;
; E1_LOW                        ; 1                 ; Untyped                                                                 ;
; E2_LOW                        ; 1                 ; Untyped                                                                 ;
; E3_LOW                        ; 1                 ; Untyped                                                                 ;
; L0_INITIAL                    ; 1                 ; Untyped                                                                 ;
; L1_INITIAL                    ; 1                 ; Untyped                                                                 ;
; G0_INITIAL                    ; 1                 ; Untyped                                                                 ;
; G1_INITIAL                    ; 1                 ; Untyped                                                                 ;
; G2_INITIAL                    ; 1                 ; Untyped                                                                 ;
; G3_INITIAL                    ; 1                 ; Untyped                                                                 ;
; E0_INITIAL                    ; 1                 ; Untyped                                                                 ;
; E1_INITIAL                    ; 1                 ; Untyped                                                                 ;
; E2_INITIAL                    ; 1                 ; Untyped                                                                 ;
; E3_INITIAL                    ; 1                 ; Untyped                                                                 ;
; L0_MODE                       ; BYPASS            ; Untyped                                                                 ;
; L1_MODE                       ; BYPASS            ; Untyped                                                                 ;
; G0_MODE                       ; BYPASS            ; Untyped                                                                 ;
; G1_MODE                       ; BYPASS            ; Untyped                                                                 ;
; G2_MODE                       ; BYPASS            ; Untyped                                                                 ;
; G3_MODE                       ; BYPASS            ; Untyped                                                                 ;
; E0_MODE                       ; BYPASS            ; Untyped                                                                 ;
; E1_MODE                       ; BYPASS            ; Untyped                                                                 ;
; E2_MODE                       ; BYPASS            ; Untyped                                                                 ;
; E3_MODE                       ; BYPASS            ; Untyped                                                                 ;
; L0_PH                         ; 0                 ; Untyped                                                                 ;
; L1_PH                         ; 0                 ; Untyped                                                                 ;
; G0_PH                         ; 0                 ; Untyped                                                                 ;
; G1_PH                         ; 0                 ; Untyped                                                                 ;
; G2_PH                         ; 0                 ; Untyped                                                                 ;
; G3_PH                         ; 0                 ; Untyped                                                                 ;
; E0_PH                         ; 0                 ; Untyped                                                                 ;
; E1_PH                         ; 0                 ; Untyped                                                                 ;
; E2_PH                         ; 0                 ; Untyped                                                                 ;
; E3_PH                         ; 0                 ; Untyped                                                                 ;
; M_PH                          ; 0                 ; Untyped                                                                 ;
; C1_USE_CASC_IN                ; OFF               ; Untyped                                                                 ;
; C2_USE_CASC_IN                ; OFF               ; Untyped                                                                 ;
; C3_USE_CASC_IN                ; OFF               ; Untyped                                                                 ;
; C4_USE_CASC_IN                ; OFF               ; Untyped                                                                 ;
; C5_USE_CASC_IN                ; OFF               ; Untyped                                                                 ;
; C6_USE_CASC_IN                ; OFF               ; Untyped                                                                 ;
; C7_USE_CASC_IN                ; OFF               ; Untyped                                                                 ;
; C8_USE_CASC_IN                ; OFF               ; Untyped                                                                 ;
; C9_USE_CASC_IN                ; OFF               ; Untyped                                                                 ;
; CLK0_COUNTER                  ; G0                ; Untyped                                                                 ;
; CLK1_COUNTER                  ; G0                ; Untyped                                                                 ;
; CLK2_COUNTER                  ; G0                ; Untyped                                                                 ;
; CLK3_COUNTER                  ; G0                ; Untyped                                                                 ;
; CLK4_COUNTER                  ; G0                ; Untyped                                                                 ;
; CLK5_COUNTER                  ; G0                ; Untyped                                                                 ;
; CLK6_COUNTER                  ; E0                ; Untyped                                                                 ;
; CLK7_COUNTER                  ; E1                ; Untyped                                                                 ;
; CLK8_COUNTER                  ; E2                ; Untyped                                                                 ;
; CLK9_COUNTER                  ; E3                ; Untyped                                                                 ;
; L0_TIME_DELAY                 ; 0                 ; Untyped                                                                 ;
; L1_TIME_DELAY                 ; 0                 ; Untyped                                                                 ;
; G0_TIME_DELAY                 ; 0                 ; Untyped                                                                 ;
; G1_TIME_DELAY                 ; 0                 ; Untyped                                                                 ;
; G2_TIME_DELAY                 ; 0                 ; Untyped                                                                 ;
; G3_TIME_DELAY                 ; 0                 ; Untyped                                                                 ;
; E0_TIME_DELAY                 ; 0                 ; Untyped                                                                 ;
; E1_TIME_DELAY                 ; 0                 ; Untyped                                                                 ;
; E2_TIME_DELAY                 ; 0                 ; Untyped                                                                 ;
; E3_TIME_DELAY                 ; 0                 ; Untyped                                                                 ;
; M_TIME_DELAY                  ; 0                 ; Untyped                                                                 ;
; N_TIME_DELAY                  ; 0                 ; Untyped                                                                 ;
; EXTCLK3_COUNTER               ; E3                ; Untyped                                                                 ;
; EXTCLK2_COUNTER               ; E2                ; Untyped                                                                 ;
; EXTCLK1_COUNTER               ; E1                ; Untyped                                                                 ;
; EXTCLK0_COUNTER               ; E0                ; Untyped                                                                 ;
; ENABLE0_COUNTER               ; L0                ; Untyped                                                                 ;
; ENABLE1_COUNTER               ; L0                ; Untyped                                                                 ;
; CHARGE_PUMP_CURRENT           ; 2                 ; Untyped                                                                 ;
; LOOP_FILTER_R                 ;  1.000000         ; Untyped                                                                 ;
; LOOP_FILTER_C                 ; 5                 ; Untyped                                                                 ;
; CHARGE_PUMP_CURRENT_BITS      ; 9999              ; Untyped                                                                 ;
; LOOP_FILTER_R_BITS            ; 9999              ; Untyped                                                                 ;
; LOOP_FILTER_C_BITS            ; 9999              ; Untyped                                                                 ;
; VCO_POST_SCALE                ; 0                 ; Untyped                                                                 ;
; CLK2_OUTPUT_FREQUENCY         ; 0                 ; Untyped                                                                 ;
; CLK1_OUTPUT_FREQUENCY         ; 0                 ; Untyped                                                                 ;
; CLK0_OUTPUT_FREQUENCY         ; 0                 ; Untyped                                                                 ;
; INTENDED_DEVICE_FAMILY        ; Cyclone II        ; Untyped                                                                 ;
; PORT_CLKENA0                  ; PORT_CONNECTIVITY ; Untyped                                                                 ;
; PORT_CLKENA1                  ; PORT_CONNECTIVITY ; Untyped                                                                 ;
; PORT_CLKENA2                  ; PORT_CONNECTIVITY ; Untyped                                                                 ;
; PORT_CLKENA3                  ; PORT_CONNECTIVITY ; Untyped                                                                 ;
; PORT_CLKENA4                  ; PORT_CONNECTIVITY ; Untyped                                                                 ;
; PORT_CLKENA5                  ; PORT_CONNECTIVITY ; Untyped                                                                 ;
; PORT_EXTCLKENA0               ; PORT_CONNECTIVITY ; Untyped                                                                 ;
; PORT_EXTCLKENA1               ; PORT_CONNECTIVITY ; Untyped                                                                 ;
; PORT_EXTCLKENA2               ; PORT_CONNECTIVITY ; Untyped                                                                 ;
; PORT_EXTCLKENA3               ; PORT_CONNECTIVITY ; Untyped                                                                 ;
; PORT_EXTCLK0                  ; PORT_CONNECTIVITY ; Untyped                                                                 ;
; PORT_EXTCLK1                  ; PORT_CONNECTIVITY ; Untyped                                                                 ;
; PORT_EXTCLK2                  ; PORT_CONNECTIVITY ; Untyped                                                                 ;
; PORT_EXTCLK3                  ; PORT_CONNECTIVITY ; Untyped                                                                 ;
; PORT_CLKBAD0                  ; PORT_CONNECTIVITY ; Untyped                                                                 ;
; PORT_CLKBAD1                  ; PORT_CONNECTIVITY ; Untyped                                                                 ;
; PORT_CLK0                     ; PORT_CONNECTIVITY ; Untyped                                                                 ;
; PORT_CLK1                     ; PORT_CONNECTIVITY ; Untyped                                                                 ;
; PORT_CLK2                     ; PORT_CONNECTIVITY ; Untyped                                                                 ;
; PORT_CLK3                     ; PORT_CONNECTIVITY ; Untyped                                                                 ;
; PORT_CLK4                     ; PORT_CONNECTIVITY ; Untyped                                                                 ;
; PORT_CLK5                     ; PORT_CONNECTIVITY ; Untyped                                                                 ;
; PORT_CLK6                     ; PORT_UNUSED       ; Untyped                                                                 ;
; PORT_CLK7                     ; PORT_UNUSED       ; Untyped                                                                 ;
; PORT_CLK8                     ; PORT_UNUSED       ; Untyped                                                                 ;
; PORT_CLK9                     ; PORT_UNUSED       ; Untyped                                                                 ;
; PORT_SCANDATA                 ; PORT_CONNECTIVITY ; Untyped                                                                 ;
; PORT_SCANDATAOUT              ; PORT_CONNECTIVITY ; Untyped                                                                 ;
; PORT_SCANDONE                 ; PORT_CONNECTIVITY ; Untyped                                                                 ;
; PORT_SCLKOUT1                 ; PORT_CONNECTIVITY ; Untyped                                                                 ;
; PORT_SCLKOUT0                 ; PORT_CONNECTIVITY ; Untyped                                                                 ;
; PORT_ACTIVECLOCK              ; PORT_CONNECTIVITY ; Untyped                                                                 ;
; PORT_CLKLOSS                  ; PORT_CONNECTIVITY ; Untyped                                                                 ;
; PORT_INCLK1                   ; PORT_CONNECTIVITY ; Untyped                                                                 ;
; PORT_INCLK0                   ; PORT_CONNECTIVITY ; Untyped                                                                 ;
; PORT_FBIN                     ; PORT_CONNECTIVITY ; Untyped                                                                 ;
; PORT_PLLENA                   ; PORT_CONNECTIVITY ; Untyped                                                                 ;
; PORT_CLKSWITCH                ; PORT_CONNECTIVITY ; Untyped                                                                 ;
; PORT_ARESET                   ; PORT_CONNECTIVITY ; Untyped                                                                 ;
; PORT_PFDENA                   ; PORT_CONNECTIVITY ; Untyped                                                                 ;
; PORT_SCANCLK                  ; PORT_CONNECTIVITY ; Untyped                                                                 ;
; PORT_SCANACLR                 ; PORT_CONNECTIVITY ; Untyped                                                                 ;
; PORT_SCANREAD                 ; PORT_CONNECTIVITY ; Untyped                                                                 ;
; PORT_SCANWRITE                ; PORT_CONNECTIVITY ; Untyped                                                                 ;
; PORT_ENABLE0                  ; PORT_CONNECTIVITY ; Untyped                                                                 ;
; PORT_ENABLE1                  ; PORT_CONNECTIVITY ; Untyped                                                                 ;
; PORT_LOCKED                   ; PORT_CONNECTIVITY ; Untyped                                                                 ;
; PORT_CONFIGUPDATE             ; PORT_CONNECTIVITY ; Untyped                                                                 ;
; PORT_FBOUT                    ; PORT_CONNECTIVITY ; Untyped                                                                 ;
; PORT_PHASEDONE                ; PORT_CONNECTIVITY ; Untyped                                                                 ;
; PORT_PHASESTEP                ; PORT_CONNECTIVITY ; Untyped                                                                 ;
; PORT_PHASEUPDOWN              ; PORT_CONNECTIVITY ; Untyped                                                                 ;
; PORT_SCANCLKENA               ; PORT_CONNECTIVITY ; Untyped                                                                 ;
; PORT_PHASECOUNTERSELECT       ; PORT_CONNECTIVITY ; Untyped                                                                 ;
; PORT_VCOOVERRANGE             ; PORT_CONNECTIVITY ; Untyped                                                                 ;
; PORT_VCOUNDERRANGE            ; PORT_CONNECTIVITY ; Untyped                                                                 ;
; M_TEST_SOURCE                 ; 5                 ; Untyped                                                                 ;
; C0_TEST_SOURCE                ; 5                 ; Untyped                                                                 ;
; C1_TEST_SOURCE                ; 5                 ; Untyped                                                                 ;
; C2_TEST_SOURCE                ; 5                 ; Untyped                                                                 ;
; C3_TEST_SOURCE                ; 5                 ; Untyped                                                                 ;
; C4_TEST_SOURCE                ; 5                 ; Untyped                                                                 ;
; C5_TEST_SOURCE                ; 5                 ; Untyped                                                                 ;
; C6_TEST_SOURCE                ; 5                 ; Untyped                                                                 ;
; C7_TEST_SOURCE                ; 5                 ; Untyped                                                                 ;
; C8_TEST_SOURCE                ; 5                 ; Untyped                                                                 ;
; C9_TEST_SOURCE                ; 5                 ; Untyped                                                                 ;
; CBXI_PARAMETER                ; NOTHING           ; Untyped                                                                 ;
; VCO_FREQUENCY_CONTROL         ; AUTO              ; Untyped                                                                 ;
; VCO_PHASE_SHIFT_STEP          ; 0                 ; Untyped                                                                 ;
; WIDTH_CLOCK                   ; 6                 ; Untyped                                                                 ;
; WIDTH_PHASECOUNTERSELECT      ; 4                 ; Untyped                                                                 ;
; USING_FBMIMICBIDIR_PORT       ; OFF               ; Untyped                                                                 ;
; DEVICE_FAMILY                 ; Cyclone II        ; Untyped                                                                 ;
; SCAN_CHAIN_MIF_FILE           ; UNUSED            ; Untyped                                                                 ;
; SIM_GATE_LOCK_DEVICE_BEHAVIOR ; OFF               ; Untyped                                                                 ;
; AUTO_CARRY_CHAINS             ; ON                ; AUTO_CARRY                                                              ;
; IGNORE_CARRY_BUFFERS          ; OFF               ; IGNORE_CARRY                                                            ;
; AUTO_CASCADE_CHAINS           ; ON                ; AUTO_CASCADE                                                            ;
; IGNORE_CASCADE_BUFFERS        ; OFF               ; IGNORE_CASCADE                                                          ;
+-------------------------------+-------------------+-------------------------------------------------------------------------+
Note: In order to hide this table in the UI and the text report file, please set the "Show Parameter Settings in Synthesis Report" option in "Analysis and Synthesis Settings -> More Settings" to "Off".


+------------------------------------------------------------------------------------------------------------+
; Parameter Settings for User Entity Instance: ov7670_lcm_wall_core:u_ov7670_lcm_wall_core|I2S_LCM_Config:u4 ;
+----------------+-------+-----------------------------------------------------------------------------------+
; Parameter Name ; Value ; Type                                                                              ;
+----------------+-------+-----------------------------------------------------------------------------------+
; LUT_SIZE       ; 8     ; Signed Integer                                                                    ;
+----------------+-------+-----------------------------------------------------------------------------------+
Note: In order to hide this table in the UI and the text report file, please set the "Show Parameter Settings in Synthesis Report" option in "Analysis and Synthesis Settings -> More Settings" to "Off".


+------------------------------------------------------------------------------------------------------------------------------+
; Parameter Settings for User Entity Instance: ov7670_lcm_wall_core:u_ov7670_lcm_wall_core|I2S_LCM_Config:u4|I2S_Controller:u0 ;
+----------------+----------+--------------------------------------------------------------------------------------------------+
; Parameter Name ; Value    ; Type                                                                                             ;
+----------------+----------+--------------------------------------------------------------------------------------------------+
; CLK_Freq       ; 50000000 ; Signed Integer                                                                                   ;
; I2S_Freq       ; 20000    ; Signed Integer                                                                                   ;
+----------------+----------+--------------------------------------------------------------------------------------------------+
Note: In order to hide this table in the UI and the text report file, please set the "Show Parameter Settings in Synthesis Report" option in "Analysis and Synthesis Settings -> More Settings" to "Off".


+------------------------------------------------------------------+
; Parameter Settings for User Entity Instance: UART_TX:u_cpu_pc_tx ;
+----------------+-------+-----------------------------------------+
; Parameter Name ; Value ; Type                                    ;
+----------------+-------+-----------------------------------------+
; BAUD_DIV       ; 5208  ; Signed Integer                          ;
+----------------+-------+-----------------------------------------+
Note: In order to hide this table in the UI and the text report file, please set the "Show Parameter Settings in Synthesis Report" option in "Analysis and Synthesis Settings -> More Settings" to "Off".


+------------------------------------------------------------------+
; Parameter Settings for User Entity Instance: UART_RX:u_cpu_pc_rx ;
+----------------+-------+-----------------------------------------+
; Parameter Name ; Value ; Type                                    ;
+----------------+-------+-----------------------------------------+
; BAUD_DIV       ; 5208  ; Signed Integer                          ;
+----------------+-------+-----------------------------------------+
Note: In order to hide this table in the UI and the text report file, please set the "Show Parameter Settings in Synthesis Report" option in "Analysis and Synthesis Settings -> More Settings" to "Off".


+-------------------------------------------------------------------------------------------------------------------------+
; Parameter Settings for Inferred Entity Instance: ov7670_lcm_wall_core:u_ov7670_lcm_wall_core|altsyncram:frame_buf_rtl_0 ;
+------------------------------------+----------------------+-------------------------------------------------------------+
; Parameter Name                     ; Value                ; Type                                                        ;
+------------------------------------+----------------------+-------------------------------------------------------------+
; BYTE_SIZE_BLOCK                    ; 8                    ; Untyped                                                     ;
; AUTO_CARRY_CHAINS                  ; ON                   ; AUTO_CARRY                                                  ;
; IGNORE_CARRY_BUFFERS               ; OFF                  ; IGNORE_CARRY                                                ;
; AUTO_CASCADE_CHAINS                ; ON                   ; AUTO_CASCADE                                                ;
; IGNORE_CASCADE_BUFFERS             ; OFF                  ; IGNORE_CASCADE                                              ;
; WIDTH_BYTEENA                      ; 1                    ; Untyped                                                     ;
; OPERATION_MODE                     ; DUAL_PORT            ; Untyped                                                     ;
; WIDTH_A                            ; 8                    ; Untyped                                                     ;
; WIDTHAD_A                          ; 15                   ; Untyped                                                     ;
; NUMWORDS_A                         ; 19200                ; Untyped                                                     ;
; OUTDATA_REG_A                      ; UNREGISTERED         ; Untyped                                                     ;
; ADDRESS_ACLR_A                     ; NONE                 ; Untyped                                                     ;
; OUTDATA_ACLR_A                     ; NONE                 ; Untyped                                                     ;
; WRCONTROL_ACLR_A                   ; NONE                 ; Untyped                                                     ;
; INDATA_ACLR_A                      ; NONE                 ; Untyped                                                     ;
; BYTEENA_ACLR_A                     ; NONE                 ; Untyped                                                     ;
; WIDTH_B                            ; 8                    ; Untyped                                                     ;
; WIDTHAD_B                          ; 15                   ; Untyped                                                     ;
; NUMWORDS_B                         ; 19200                ; Untyped                                                     ;
; INDATA_REG_B                       ; CLOCK1               ; Untyped                                                     ;
; WRCONTROL_WRADDRESS_REG_B          ; CLOCK1               ; Untyped                                                     ;
; RDCONTROL_REG_B                    ; CLOCK1               ; Untyped                                                     ;
; ADDRESS_REG_B                      ; CLOCK1               ; Untyped                                                     ;
; OUTDATA_REG_B                      ; UNREGISTERED         ; Untyped                                                     ;
; BYTEENA_REG_B                      ; CLOCK1               ; Untyped                                                     ;
; INDATA_ACLR_B                      ; NONE                 ; Untyped                                                     ;
; WRCONTROL_ACLR_B                   ; NONE                 ; Untyped                                                     ;
; ADDRESS_ACLR_B                     ; NONE                 ; Untyped                                                     ;
; OUTDATA_ACLR_B                     ; NONE                 ; Untyped                                                     ;
; RDCONTROL_ACLR_B                   ; NONE                 ; Untyped                                                     ;
; BYTEENA_ACLR_B                     ; NONE                 ; Untyped                                                     ;
; WIDTH_BYTEENA_A                    ; 1                    ; Untyped                                                     ;
; WIDTH_BYTEENA_B                    ; 1                    ; Untyped                                                     ;
; RAM_BLOCK_TYPE                     ; AUTO                 ; Untyped                                                     ;
; BYTE_SIZE                          ; 8                    ; Untyped                                                     ;
; READ_DURING_WRITE_MODE_MIXED_PORTS ; DONT_CARE            ; Untyped                                                     ;
; READ_DURING_WRITE_MODE_PORT_A      ; NEW_DATA_NO_NBE_READ ; Untyped                                                     ;
; READ_DURING_WRITE_MODE_PORT_B      ; NEW_DATA_NO_NBE_READ ; Untyped                                                     ;
; INIT_FILE                          ; UNUSED               ; Untyped                                                     ;
; INIT_FILE_LAYOUT                   ; PORT_A               ; Untyped                                                     ;
; MAXIMUM_DEPTH                      ; 0                    ; Untyped                                                     ;
; CLOCK_ENABLE_INPUT_A               ; NORMAL               ; Untyped                                                     ;
; CLOCK_ENABLE_INPUT_B               ; NORMAL               ; Untyped                                                     ;
; CLOCK_ENABLE_OUTPUT_A              ; NORMAL               ; Untyped                                                     ;
; CLOCK_ENABLE_OUTPUT_B              ; NORMAL               ; Untyped                                                     ;
; CLOCK_ENABLE_CORE_A                ; USE_INPUT_CLKEN      ; Untyped                                                     ;
; CLOCK_ENABLE_CORE_B                ; USE_INPUT_CLKEN      ; Untyped                                                     ;
; ENABLE_ECC                         ; FALSE                ; Untyped                                                     ;
; ECC_PIPELINE_STAGE_ENABLED         ; FALSE                ; Untyped                                                     ;
; WIDTH_ECCSTATUS                    ; 3                    ; Untyped                                                     ;
; DEVICE_FAMILY                      ; Cyclone II           ; Untyped                                                     ;
; CBXI_PARAMETER                     ; altsyncram_o4d1      ; Untyped                                                     ;
+------------------------------------+----------------------+-------------------------------------------------------------+
Note: In order to hide this table in the UI and the text report file, please set the "Show Parameter Settings in Synthesis Report" option in "Analysis and Synthesis Settings -> More Settings" to "Off".


+--------------------------------------------------------------------------------------------------------------+
; Parameter Settings for Inferred Entity Instance: ov7670_lcm_wall_core:u_ov7670_lcm_wall_core|lpm_divide:Div0 ;
+------------------------+----------------+--------------------------------------------------------------------+
; Parameter Name         ; Value          ; Type                                                               ;
+------------------------+----------------+--------------------------------------------------------------------+
; LPM_WIDTHN             ; 11             ; Untyped                                                            ;
; LPM_WIDTHD             ; 3              ; Untyped                                                            ;
; LPM_NREPRESENTATION    ; UNSIGNED       ; Untyped                                                            ;
; LPM_DREPRESENTATION    ; UNSIGNED       ; Untyped                                                            ;
; LPM_PIPELINE           ; 0              ; Untyped                                                            ;
; LPM_REMAINDERPOSITIVE  ; TRUE           ; Untyped                                                            ;
; MAXIMIZE_SPEED         ; 5              ; Untyped                                                            ;
; CBXI_PARAMETER         ; lpm_divide_aem ; Untyped                                                            ;
; CARRY_CHAIN            ; MANUAL         ; Untyped                                                            ;
; OPTIMIZE_FOR_SPEED     ; 5              ; Untyped                                                            ;
; AUTO_CARRY_CHAINS      ; ON             ; AUTO_CARRY                                                         ;
; IGNORE_CARRY_BUFFERS   ; OFF            ; IGNORE_CARRY                                                       ;
; AUTO_CASCADE_CHAINS    ; ON             ; AUTO_CASCADE                                                       ;
; IGNORE_CASCADE_BUFFERS ; OFF            ; IGNORE_CASCADE                                                     ;
+------------------------+----------------+--------------------------------------------------------------------+
Note: In order to hide this table in the UI and the text report file, please set the "Show Parameter Settings in Synthesis Report" option in "Analysis and Synthesis Settings -> More Settings" to "Off".


+----------------------------------------------------------------------------------------------------------------+
; altpll Parameter Settings by Entity Instance                                                                   ;
+-------------------------------+--------------------------------------------------------------------------------+
; Name                          ; Value                                                                          ;
+-------------------------------+--------------------------------------------------------------------------------+
; Number of entity instances    ; 1                                                                              ;
; Entity Instance               ; ov7670_lcm_wall_core:u_ov7670_lcm_wall_core|LCM_PLL:u0|altpll:altpll_component ;
;     -- OPERATION_MODE         ; NORMAL                                                                         ;
;     -- PLL_TYPE               ; FAST                                                                           ;
;     -- PRIMARY_CLOCK          ; INCLK0                                                                         ;
;     -- INCLK0_INPUT_FREQUENCY ; 20000                                                                          ;
;     -- INCLK1_INPUT_FREQUENCY ; 0                                                                              ;
;     -- VCO_MULTIPLY_BY        ; 0                                                                              ;
;     -- VCO_DIVIDE_BY          ; 0                                                                              ;
+-------------------------------+--------------------------------------------------------------------------------+


+--------------------------------------------------------------------------------------------------------------------+
; altsyncram Parameter Settings by Entity Instance                                                                   ;
+-------------------------------------------+------------------------------------------------------------------------+
; Name                                      ; Value                                                                  ;
+-------------------------------------------+------------------------------------------------------------------------+
; Number of entity instances                ; 1                                                                      ;
; Entity Instance                           ; ov7670_lcm_wall_core:u_ov7670_lcm_wall_core|altsyncram:frame_buf_rtl_0 ;
;     -- OPERATION_MODE                     ; DUAL_PORT                                                              ;
;     -- WIDTH_A                            ; 8                                                                      ;
;     -- NUMWORDS_A                         ; 19200                                                                  ;
;     -- OUTDATA_REG_A                      ; UNREGISTERED                                                           ;
;     -- WIDTH_B                            ; 8                                                                      ;
;     -- NUMWORDS_B                         ; 19200                                                                  ;
;     -- ADDRESS_REG_B                      ; CLOCK1                                                                 ;
;     -- OUTDATA_REG_B                      ; UNREGISTERED                                                           ;
;     -- RAM_BLOCK_TYPE                     ; AUTO                                                                   ;
;     -- READ_DURING_WRITE_MODE_MIXED_PORTS ; DONT_CARE                                                              ;
+-------------------------------------------+------------------------------------------------------------------------+


+------------------------------------------------------------------------------------------------------------------------------+
; Port Connectivity Checks: "ov7670_lcm_wall_core:u_ov7670_lcm_wall_core"                                                      ;
+--------------------+--------+----------+-------------------------------------------------------------------------------------+
; Port               ; Type   ; Severity ; Details                                                                             ;
+--------------------+--------+----------+-------------------------------------------------------------------------------------+
; wall_update_toggle ; Output ; Info     ; Connected to dangling logic. Logic that only feeds a dangling port will be removed. ;
; camera_pixel_dbg   ; Output ; Info     ; Connected to dangling logic. Logic that only feeds a dangling port will be removed. ;
+--------------------+--------+----------+-------------------------------------------------------------------------------------+


+------------------------------------------------------------------------------------------------------------------------+
; Port Connectivity Checks: "huskylens_sensor_core:u_huskylens_sensor_core|HL_PARSER:hl_parser"                          ;
+--------------+--------+----------+-------------------------------------------------------------------------------------+
; Port         ; Type   ; Severity ; Details                                                                             ;
+--------------+--------+----------+-------------------------------------------------------------------------------------+
; OBJ_X[15..8] ; Output ; Info     ; Connected to dangling logic. Logic that only feeds a dangling port will be removed. ;
; OBJ_Y[15..8] ; Output ; Info     ; Connected to dangling logic. Logic that only feeds a dangling port will be removed. ;
+--------------+--------+----------+-------------------------------------------------------------------------------------+


+----------------------------------------------------------------------------------------------+
; Port Connectivity Checks: "huskylens_sensor_core:u_huskylens_sensor_core|UART_TX:uart_pc_tx" ;
+------+--------+----------+-------------------------------------------------------------------+
; Port ; Type   ; Severity ; Details                                                           ;
+------+--------+----------+-------------------------------------------------------------------+
; BUSY ; Output ; Info     ; Explicitly unconnected                                            ;
+------+--------+----------+-------------------------------------------------------------------+


+-----------------------------------------------------------------------------------------------------------------------+
; Port Connectivity Checks: "huskylens_sensor_core:u_huskylens_sensor_core"                                             ;
+-------------+--------+----------+-------------------------------------------------------------------------------------+
; Port        ; Type   ; Severity ; Details                                                                             ;
+-------------+--------+----------+-------------------------------------------------------------------------------------+
; pc_uart_rx  ; Input  ; Info     ; Stuck at VCC                                                                        ;
; pc_uart_tx  ; Output ; Info     ; Explicitly unconnected                                                              ;
; enable      ; Input  ; Info     ; Stuck at VCC                                                                        ;
; manual_mode ; Input  ; Info     ; Stuck at GND                                                                        ;
; line_cmd    ; Output ; Info     ; Connected to dangling logic. Logic that only feeds a dangling port will be removed. ;
; frame_seen  ; Output ; Info     ; Connected to dangling logic. Logic that only feeds a dangling port will be removed. ;
; header_seen ; Output ; Info     ; Connected to dangling logic. Logic that only feeds a dangling port will be removed. ;
; rx_count    ; Output ; Info     ; Connected to dangling logic. Logic that only feeds a dangling port will be removed. ;
; debug_state ; Output ; Info     ; Connected to dangling logic. Logic that only feeds a dangling port will be removed. ;
+-------------+--------+----------+-------------------------------------------------------------------------------------+


+---------------------------------------------------------------------------------------------------------------------------+
; Port Connectivity Checks: "DMEM_MMIO:u_dmem_mmio"                                                                         ;
+-----------------+--------+----------+-------------------------------------------------------------------------------------+
; Port            ; Type   ; Severity ; Details                                                                             ;
+-----------------+--------+----------+-------------------------------------------------------------------------------------+
; HL_OBJ_X[15..8] ; Input  ; Info     ; Stuck at GND                                                                        ;
; HL_OBJ_Y[15..8] ; Input  ; Info     ; Stuck at GND                                                                        ;
; HL_CMD          ; Output ; Info     ; Connected to dangling logic. Logic that only feeds a dangling port will be removed. ;
; HL_CMD_VALID    ; Output ; Info     ; Connected to dangling logic. Logic that only feeds a dangling port will be removed. ;
; HL_TX_BUSY      ; Input  ; Info     ; Stuck at GND                                                                        ;
; TIMER_FLAG      ; Input  ; Info     ; Stuck at GND                                                                        ;
; TIMER_CLEAR     ; Output ; Info     ; Connected to dangling logic. Logic that only feeds a dangling port will be removed. ;
+-----------------+--------+----------+-------------------------------------------------------------------------------------+


+----------------------------------------------------------------------------------------------------------------+
; Port Connectivity Checks: "RV32I:u_rv32i|CONTROLLER:CTRL"                                                      ;
+------+--------+----------+-------------------------------------------------------------------------------------+
; Port ; Type   ; Severity ; Details                                                                             ;
+------+--------+----------+-------------------------------------------------------------------------------------+
; JUMP ; Output ; Info     ; Connected to dangling logic. Logic that only feeds a dangling port will be removed. ;
+------+--------+----------+-------------------------------------------------------------------------------------+


+-------------------------------+
; Elapsed Time Per Partition    ;
+----------------+--------------+
; Partition Name ; Elapsed Time ;
+----------------+--------------+
; Top            ; 00:00:56     ;
+----------------+--------------+


+-------------------------------+
; Analysis & Synthesis Messages ;
+-------------------------------+
Info: *******************************************************************
Info: Running Quartus II 64-Bit Analysis & Synthesis
    Info: Version 13.0.1 Build 232 06/12/2013 Service Pack 1 SJ Web Edition
    Info: Processing started: Thu Jun 11 19:03:01 2026
Info: Command: quartus_map --read_settings_files=on --write_settings_files=off prj2 -c prj2
Warning (20028): Parallel compilation is not licensed and has been disabled
Info (12021): Found 1 design units, including 1 entities, in source file rtl/top_soc_mmio_test.v
    Info (12023): Found entity 1: TOP_SOC_MMIO_TEST
Info (12021): Found 1 design units, including 1 entities, in source file rtl/huskylens_sensor_core.v
    Info (12023): Found entity 1: huskylens_sensor_core
Info (12021): Found 1 design units, including 1 entities, in source file rtl/ov7670_lcm_wall_core.v
    Info (12023): Found entity 1: ov7670_lcm_wall_core
Info (12021): Found 1 design units, including 1 entities, in source file rtl/lcm_pll.v
    Info (12023): Found entity 1: LCM_PLL
Info (12021): Found 1 design units, including 1 entities, in source file rtl/i2s_lcm_config.v
    Info (12023): Found entity 1: I2S_LCM_Config
Info (12021): Found 1 design units, including 1 entities, in source file rtl/i2s_controller.v
    Info (12023): Found entity 1: I2S_Controller
Info (12021): Found 1 design units, including 1 entities, in source file rtl/uart_tx.v
    Info (12023): Found entity 1: UART_TX
Info (12021): Found 1 design units, including 1 entities, in source file rtl/uart_rx.v
    Info (12023): Found entity 1: UART_RX
Info (12021): Found 1 design units, including 1 entities, in source file rtl/timer.v
    Info (12023): Found entity 1: TIMER
Info (12021): Found 1 design units, including 1 entities, in source file rtl/rv32i.v
    Info (12023): Found entity 1: RV32I
Info (12021): Found 1 design units, including 1 entities, in source file rtl/regfile.v
    Info (12023): Found entity 1: REGFILE
Info (12021): Found 1 design units, including 1 entities, in source file rtl/pc.v
    Info (12023): Found entity 1: PC
Info (12021): Found 1 design units, including 1 entities, in source file rtl/maindec.v
    Info (12023): Found entity 1: MAINDEC
Info (12021): Found 1 design units, including 1 entities, in source file rtl/imem.v
    Info (12023): Found entity 1: IMEM
Info (12021): Found 1 design units, including 1 entities, in source file rtl/hl_parser.v
    Info (12023): Found entity 1: HL_PARSER
Info (12021): Found 1 design units, including 1 entities, in source file rtl/extend.v
    Info (12023): Found entity 1: EXTEND
Info (12021): Found 1 design units, including 1 entities, in source file rtl/dmem_mmio.v
    Info (12023): Found entity 1: DMEM_MMIO
Info (12021): Found 1 design units, including 1 entities, in source file rtl/datapath.v
    Info (12023): Found entity 1: DATAPATH
Info (12021): Found 1 design units, including 1 entities, in source file rtl/controller.v
    Info (12023): Found entity 1: CONTROLLER
Info (12021): Found 1 design units, including 1 entities, in source file rtl/aludec.v
    Info (12023): Found entity 1: ALUDEC
Info (12021): Found 1 design units, including 1 entities, in source file rtl/alu.v
    Info (12023): Found entity 1: ALU
Info (12127): Elaborating entity "TOP_SOC_MMIO_TEST" for the top level hierarchy
Info (12128): Elaborating entity "RV32I" for hierarchy "RV32I:u_rv32i"
Info (12128): Elaborating entity "CONTROLLER" for hierarchy "RV32I:u_rv32i|CONTROLLER:CTRL"
Info (12128): Elaborating entity "MAINDEC" for hierarchy "RV32I:u_rv32i|CONTROLLER:CTRL|MAINDEC:MD"
Info (12128): Elaborating entity "ALUDEC" for hierarchy "RV32I:u_rv32i|CONTROLLER:CTRL|ALUDEC:AD"
Info (12128): Elaborating entity "DATAPATH" for hierarchy "RV32I:u_rv32i|DATAPATH:DP"
Info (12128): Elaborating entity "PC" for hierarchy "RV32I:u_rv32i|DATAPATH:DP|PC:pc"
Info (12128): Elaborating entity "REGFILE" for hierarchy "RV32I:u_rv32i|DATAPATH:DP|REGFILE:regfile"
Info (12128): Elaborating entity "ALU" for hierarchy "RV32I:u_rv32i|DATAPATH:DP|ALU:alu"
Info (12128): Elaborating entity "EXTEND" for hierarchy "RV32I:u_rv32i|DATAPATH:DP|EXTEND:extend"
Info (12128): Elaborating entity "IMEM" for hierarchy "IMEM:u_imem"
Warning (10850): Verilog HDL warning at IMEM.v(8): number of words (236) in memory file does not match the number of elements in the address range [0:511]
Warning (10030): Net "RAM.data_a" at IMEM.v(5) has no driver or initial value, using a default initial value '0'
Warning (10030): Net "RAM.waddr_a" at IMEM.v(5) has no driver or initial value, using a default initial value '0'
Warning (10030): Net "RAM.we_a" at IMEM.v(5) has no driver or initial value, using a default initial value '0'
Info (12128): Elaborating entity "DMEM_MMIO" for hierarchy "DMEM_MMIO:u_dmem_mmio"
Info (12128): Elaborating entity "huskylens_sensor_core" for hierarchy "huskylens_sensor_core:u_huskylens_sensor_core"
Warning (10036): Verilog HDL or VHDL warning at huskylens_sensor_core.v(127): object "unused_pc_rx" assigned a value but never read
Info (12128): Elaborating entity "UART_TX" for hierarchy "huskylens_sensor_core:u_huskylens_sensor_core|UART_TX:uart_pc_tx"
Info (12128): Elaborating entity "UART_RX" for hierarchy "huskylens_sensor_core:u_huskylens_sensor_core|UART_RX:uart_hl_rx"
Info (12128): Elaborating entity "HL_PARSER" for hierarchy "huskylens_sensor_core:u_huskylens_sensor_core|HL_PARSER:hl_parser"
Info (12128): Elaborating entity "TIMER" for hierarchy "huskylens_sensor_core:u_huskylens_sensor_core|TIMER:timer_inst"
Info (12128): Elaborating entity "ov7670_lcm_wall_core" for hierarchy "ov7670_lcm_wall_core:u_ov7670_lcm_wall_core"
Warning (10230): Verilog HDL assignment warning at ov7670_lcm_wall_core.v(187): truncated value with size 24 to match size of target (12)
Warning (10230): Verilog HDL assignment warning at ov7670_lcm_wall_core.v(188): truncated value with size 24 to match size of target (13)
Warning (10230): Verilog HDL assignment warning at ov7670_lcm_wall_core.v(400): truncated value with size 32 to match size of target (11)
Warning (10230): Verilog HDL assignment warning at ov7670_lcm_wall_core.v(401): truncated value with size 32 to match size of target (11)
Warning (10230): Verilog HDL assignment warning at ov7670_lcm_wall_core.v(403): truncated value with size 32 to match size of target (8)
Warning (10230): Verilog HDL assignment warning at ov7670_lcm_wall_core.v(404): truncated value with size 32 to match size of target (7)
Warning (10230): Verilog HDL assignment warning at ov7670_lcm_wall_core.v(406): truncated value with size 32 to match size of target (8)
Warning (10230): Verilog HDL assignment warning at ov7670_lcm_wall_core.v(407): truncated value with size 32 to match size of target (7)
Info (12128): Elaborating entity "LCM_PLL" for hierarchy "ov7670_lcm_wall_core:u_ov7670_lcm_wall_core|LCM_PLL:u0"
Info (12128): Elaborating entity "altpll" for hierarchy "ov7670_lcm_wall_core:u_ov7670_lcm_wall_core|LCM_PLL:u0|altpll:altpll_component"
Info (12130): Elaborated megafunction instantiation "ov7670_lcm_wall_core:u_ov7670_lcm_wall_core|LCM_PLL:u0|altpll:altpll_component"
Info (12133): Instantiated megafunction "ov7670_lcm_wall_core:u_ov7670_lcm_wall_core|LCM_PLL:u0|altpll:altpll_component" with the following parameter:
    Info (12134): Parameter "clk0_divide_by" = "2500"
    Info (12134): Parameter "clk0_duty_cycle" = "50"
    Info (12134): Parameter "clk0_multiply_by" = "921"
    Info (12134): Parameter "clk0_phase_shift" = "0"
    Info (12134): Parameter "compensate_clock" = "CLK0"
    Info (12134): Parameter "inclk0_input_frequency" = "20000"
    Info (12134): Parameter "intended_device_family" = "Cyclone II"
    Info (12134): Parameter "lpm_type" = "altpll"
    Info (12134): Parameter "operation_mode" = "NORMAL"
    Info (12134): Parameter "pll_type" = "FAST"
Info (12128): Elaborating entity "I2S_LCM_Config" for hierarchy "ov7670_lcm_wall_core:u_ov7670_lcm_wall_core|I2S_LCM_Config:u4"
Warning (10230): Verilog HDL assignment warning at I2S_LCM_Config.v(71): truncated value with size 32 to match size of target (6)
Info (12128): Elaborating entity "I2S_Controller" for hierarchy "ov7670_lcm_wall_core:u_ov7670_lcm_wall_core|I2S_LCM_Config:u4|I2S_Controller:u0"
Warning (10230): Verilog HDL assignment warning at I2S_Controller.v(90): truncated value with size 32 to match size of target (16)
Warning (276027): Inferred dual-clock RAM node "ov7670_lcm_wall_core:u_ov7670_lcm_wall_core|frame_buf_rtl_0" from synchronous design logic.  The read-during-write behavior of a dual-clock RAM is undefined and may not match the behavior of the original design.
Info (276014): Found 2 instances of uninferred RAM logic
    Info (276007): RAM logic "RV32I:u_rv32i|DATAPATH:DP|REGFILE:regfile|RF" is uninferred due to asynchronous read logic
    Info (276007): RAM logic "DMEM_MMIO:u_dmem_mmio|RAM" is uninferred due to asynchronous read logic
Warning (127007): Memory Initialization File or Hexadecimal (Intel-Format) File "C:/Users/yerin/proj/Proj2/db/prj2.ram0_IMEM_257482.hdl.mif" contains "don't care" values -- overwriting them with 0s
Info (19000): Inferred 1 megafunctions from design logic
    Info (276029): Inferred altsyncram megafunction from the following design logic: "ov7670_lcm_wall_core:u_ov7670_lcm_wall_core|frame_buf_rtl_0" 
        Info (286033): Parameter OPERATION_MODE set to DUAL_PORT
        Info (286033): Parameter WIDTH_A set to 8
        Info (286033): Parameter WIDTHAD_A set to 15
        Info (286033): Parameter NUMWORDS_A set to 19200
        Info (286033): Parameter WIDTH_B set to 8
        Info (286033): Parameter WIDTHAD_B set to 15
        Info (286033): Parameter NUMWORDS_B set to 19200
        Info (286033): Parameter ADDRESS_ACLR_A set to NONE
        Info (286033): Parameter OUTDATA_REG_B set to UNREGISTERED
        Info (286033): Parameter ADDRESS_ACLR_B set to NONE
        Info (286033): Parameter OUTDATA_ACLR_B set to NONE
        Info (286033): Parameter ADDRESS_REG_B set to CLOCK1
        Info (286033): Parameter INDATA_ACLR_A set to NONE
        Info (286033): Parameter WRCONTROL_ACLR_A set to NONE
Info (278001): Inferred 1 megafunctions from design logic
    Info (278004): Inferred divider/modulo megafunction ("lpm_divide") from the following logic: "ov7670_lcm_wall_core:u_ov7670_lcm_wall_core|Div0"
Info (12130): Elaborated megafunction instantiation "ov7670_lcm_wall_core:u_ov7670_lcm_wall_core|altsyncram:frame_buf_rtl_0"
Info (12133): Instantiated megafunction "ov7670_lcm_wall_core:u_ov7670_lcm_wall_core|altsyncram:frame_buf_rtl_0" with the following parameter:
    Info (12134): Parameter "OPERATION_MODE" = "DUAL_PORT"
    Info (12134): Parameter "WIDTH_A" = "8"
    Info (12134): Parameter "WIDTHAD_A" = "15"
    Info (12134): Parameter "NUMWORDS_A" = "19200"
    Info (12134): Parameter "WIDTH_B" = "8"
    Info (12134): Parameter "WIDTHAD_B" = "15"
    Info (12134): Parameter "NUMWORDS_B" = "19200"
    Info (12134): Parameter "ADDRESS_ACLR_A" = "NONE"
    Info (12134): Parameter "OUTDATA_REG_B" = "UNREGISTERED"
    Info (12134): Parameter "ADDRESS_ACLR_B" = "NONE"
    Info (12134): Parameter "OUTDATA_ACLR_B" = "NONE"
    Info (12134): Parameter "ADDRESS_REG_B" = "CLOCK1"
    Info (12134): Parameter "INDATA_ACLR_A" = "NONE"
    Info (12134): Parameter "WRCONTROL_ACLR_A" = "NONE"
Info (12021): Found 1 design units, including 1 entities, in source file db/altsyncram_o4d1.tdf
    Info (12023): Found entity 1: altsyncram_o4d1
Info (12021): Found 1 design units, including 1 entities, in source file db/altsyncram_rng1.tdf
    Info (12023): Found entity 1: altsyncram_rng1
Info (12021): Found 1 design units, including 1 entities, in source file db/decode_6oa.tdf
    Info (12023): Found entity 1: decode_6oa
Info (12021): Found 1 design units, including 1 entities, in source file db/mux_mib.tdf
    Info (12023): Found entity 1: mux_mib
Info (12130): Elaborated megafunction instantiation "ov7670_lcm_wall_core:u_ov7670_lcm_wall_core|lpm_divide:Div0"
Info (12133): Instantiated megafunction "ov7670_lcm_wall_core:u_ov7670_lcm_wall_core|lpm_divide:Div0" with the following parameter:
    Info (12134): Parameter "LPM_WIDTHN" = "11"
    Info (12134): Parameter "LPM_WIDTHD" = "3"
    Info (12134): Parameter "LPM_NREPRESENTATION" = "UNSIGNED"
    Info (12134): Parameter "LPM_DREPRESENTATION" = "UNSIGNED"
Info (12021): Found 1 design units, including 1 entities, in source file db/lpm_divide_aem.tdf
    Info (12023): Found entity 1: lpm_divide_aem
Info (12021): Found 1 design units, including 1 entities, in source file db/sign_div_unsign_klh.tdf
    Info (12023): Found entity 1: sign_div_unsign_klh
Info (12021): Found 1 design units, including 1 entities, in source file db/alt_u_div_a2f.tdf
    Info (12023): Found entity 1: alt_u_div_a2f
Info (12021): Found 1 design units, including 1 entities, in source file db/add_sub_lkc.tdf
    Info (12023): Found entity 1: add_sub_lkc
Info (12021): Found 1 design units, including 1 entities, in source file db/add_sub_mkc.tdf
    Info (12023): Found entity 1: add_sub_mkc
Warning (13034): The following nodes have both tri-state and non-tri-state drivers
    Warning (13035): Inserted always-enabled tri-state buffer between "GPIO_0[18]" and its non-tri-state driver.
    Warning (13035): Inserted always-enabled tri-state buffer between "GPIO_0[19]" and its non-tri-state driver.
    Warning (13035): Inserted always-enabled tri-state buffer between "GPIO_0[20]" and its non-tri-state driver.
    Warning (13035): Inserted always-enabled tri-state buffer between "GPIO_0[21]" and its non-tri-state driver.
    Warning (13035): Inserted always-enabled tri-state buffer between "GPIO_0[22]" and its non-tri-state driver.
    Warning (13035): Inserted always-enabled tri-state buffer between "GPIO_0[23]" and its non-tri-state driver.
    Warning (13035): Inserted always-enabled tri-state buffer between "GPIO_0[24]" and its non-tri-state driver.
    Warning (13035): Inserted always-enabled tri-state buffer between "GPIO_0[25]" and its non-tri-state driver.
    Warning (13035): Inserted always-enabled tri-state buffer between "GPIO_0[26]" and its non-tri-state driver.
    Warning (13035): Inserted always-enabled tri-state buffer between "GPIO_0[28]" and its non-tri-state driver.
    Warning (13035): Inserted always-enabled tri-state buffer between "GPIO_0[29]" and its non-tri-state driver.
    Warning (13035): Inserted always-enabled tri-state buffer between "GPIO_0[30]" and its non-tri-state driver.
    Warning (13035): Inserted always-enabled tri-state buffer between "GPIO_0[33]" and its non-tri-state driver.
    Warning (13035): Inserted always-enabled tri-state buffer between "GPIO_0[35]" and its non-tri-state driver.
    Warning (13035): Inserted always-enabled tri-state buffer between "GPIO_1[1]" and its non-tri-state driver.
    Warning (13035): Inserted always-enabled tri-state buffer between "GPIO_1[4]" and its non-tri-state driver.
Warning (13032): The following tri-state nodes are fed by constants
    Warning (13033): The pin "GPIO_0[31]" is fed by VCC
Warning (13027): Removed fan-outs from the following always-disabled I/O buffers
    Warning (13028): Removed fan-out from the always-disabled I/O buffer "ov7670_lcm_wall_core:u_ov7670_lcm_wall_core|GPIO_0[18]" to the node "GPIO_0[18]"
    Warning (13028): Removed fan-out from the always-disabled I/O buffer "ov7670_lcm_wall_core:u_ov7670_lcm_wall_core|GPIO_0[19]" to the node "GPIO_0[19]"
    Warning (13028): Removed fan-out from the always-disabled I/O buffer "ov7670_lcm_wall_core:u_ov7670_lcm_wall_core|GPIO_0[20]" to the node "GPIO_0[20]"
    Warning (13028): Removed fan-out from the always-disabled I/O buffer "ov7670_lcm_wall_core:u_ov7670_lcm_wall_core|GPIO_0[21]" to the node "GPIO_0[21]"
    Warning (13028): Removed fan-out from the always-disabled I/O buffer "ov7670_lcm_wall_core:u_ov7670_lcm_wall_core|GPIO_0[22]" to the node "GPIO_0[22]"
    Warning (13028): Removed fan-out from the always-disabled I/O buffer "ov7670_lcm_wall_core:u_ov7670_lcm_wall_core|GPIO_0[23]" to the node "GPIO_0[23]"
    Warning (13028): Removed fan-out from the always-disabled I/O buffer "ov7670_lcm_wall_core:u_ov7670_lcm_wall_core|GPIO_0[24]" to the node "GPIO_0[24]"
    Warning (13028): Removed fan-out from the always-disabled I/O buffer "ov7670_lcm_wall_core:u_ov7670_lcm_wall_core|GPIO_0[25]" to the node "GPIO_0[25]"
    Warning (13028): Removed fan-out from the always-disabled I/O buffer "ov7670_lcm_wall_core:u_ov7670_lcm_wall_core|GPIO_0[26]" to the node "GPIO_0[26]"
    Warning (13028): Removed fan-out from the always-disabled I/O buffer "ov7670_lcm_wall_core:u_ov7670_lcm_wall_core|GPIO_0[28]" to the node "GPIO_0[28]"
    Warning (13028): Removed fan-out from the always-disabled I/O buffer "ov7670_lcm_wall_core:u_ov7670_lcm_wall_core|GPIO_0[29]" to the node "GPIO_0[29]"
    Warning (13028): Removed fan-out from the always-disabled I/O buffer "ov7670_lcm_wall_core:u_ov7670_lcm_wall_core|GPIO_0[30]" to the node "GPIO_0[30]"
    Warning (13028): Removed fan-out from the always-disabled I/O buffer "ov7670_lcm_wall_core:u_ov7670_lcm_wall_core|GPIO_0[31]" to the node "GPIO_0[31]"
    Warning (13028): Removed fan-out from the always-disabled I/O buffer "ov7670_lcm_wall_core:u_ov7670_lcm_wall_core|GPIO_0[33]" to the node "GPIO_0[33]"
    Warning (13028): Removed fan-out from the always-disabled I/O buffer "ov7670_lcm_wall_core:u_ov7670_lcm_wall_core|GPIO_0[34]" to the node "GPIO_0[34]"
    Warning (13028): Removed fan-out from the always-disabled I/O buffer "ov7670_lcm_wall_core:u_ov7670_lcm_wall_core|GPIO_0[35]" to the node "GPIO_0[35]"
    Warning (13028): Removed fan-out from the always-disabled I/O buffer "ov7670_lcm_wall_core:u_ov7670_lcm_wall_core|GPIO_1[1]" to the node "GPIO_1[1]"
    Warning (13028): Removed fan-out from the always-disabled I/O buffer "ov7670_lcm_wall_core:u_ov7670_lcm_wall_core|GPIO_1[4]" to the node "GPIO_1[4]"
Warning (13046): Tri-state node(s) do not directly drive top-level pin(s)
    Warning (13047): Converted the fan-out from the tri-state buffer "ov7670_lcm_wall_core:u_ov7670_lcm_wall_core|I2S_LCM_Config:u4|I2S_Controller:u0|I2S_DATA" to the node "ov7670_lcm_wall_core:u_ov7670_lcm_wall_core|I2S_LCM_Config:u4|I2S_Controller:u0|mACK" into an OR gate
Info (13000): Registers with preset signals will power-up high
Info (13003): DEV_CLRn pin will set, and not reset, register with preset signal due to NOT Gate Push-Back
Warning (13009): TRI or OPNDRN buffers permanently enabled
    Warning (13010): Node "GPIO_0[18]~synth"
    Warning (13010): Node "GPIO_0[19]~synth"
    Warning (13010): Node "GPIO_0[20]~synth"
    Warning (13010): Node "GPIO_0[21]~synth"
    Warning (13010): Node "GPIO_0[22]~synth"
    Warning (13010): Node "GPIO_0[23]~synth"
    Warning (13010): Node "GPIO_0[24]~synth"
    Warning (13010): Node "GPIO_0[25]~synth"
    Warning (13010): Node "GPIO_0[26]~synth"
    Warning (13010): Node "GPIO_0[28]~synth"
    Warning (13010): Node "GPIO_0[29]~synth"
    Warning (13010): Node "GPIO_0[30]~synth"
    Warning (13010): Node "GPIO_0[31]~synth"
    Warning (13010): Node "GPIO_0[33]~synth"
    Warning (13010): Node "GPIO_0[35]~synth"
    Warning (13010): Node "GPIO_1[1]~synth"
    Warning (13010): Node "GPIO_1[4]~synth"
Warning (18029): Output pin "LEDG[1]" driven by bidirectional pin "GPIO_1[6]" cannot be tri-stated
Warning (18029): Output pin "LEDG[0]" driven by bidirectional pin "GPIO_1[7]" cannot be tri-stated
Info (17049): 42 registers lost all their fanouts during netlist optimizations.
Info (144001): Generated suppressed messages file C:/Users/yerin/proj/Proj2/output_files/prj2.map.smsg
Info (16010): Generating hard_block partition "hard_block:auto_generated_inst"
    Info (16011): Adding 1 node(s), including 0 DDIO, 1 PLL, 0 transceiver and 0 LCELL
Info (21057): Implemented 20050 device resources after synthesis - the final resource count might be different
    Info (21058): Implemented 24 input pins
    Info (21059): Implemented 83 output pins
    Info (21060): Implemented 72 bidirectional pins
    Info (21061): Implemented 19830 logic cells
    Info (21064): Implemented 40 RAM segments
    Info (21065): Implemented 1 PLLs
Info: Quartus II 64-Bit Analysis & Synthesis was successful. 0 errors, 78 warnings
    Info: Peak virtual memory: 4698 megabytes
    Info: Processing ended: Thu Jun 11 19:04:03 2026
    Info: Elapsed time: 00:01:02
    Info: Total CPU time (on all processors): 00:00:59


+------------------------------------------+
; Analysis & Synthesis Suppressed Messages ;
+------------------------------------------+
The suppressed messages can be found in C:/Users/yerin/proj/Proj2/output_files/prj2.map.smsg.


