TimeQuest Timing Analyzer report for prj2
Thu Jun 11 19:11:21 2026
Quartus II 64-Bit Version 13.0.1 Build 232 06/12/2013 Service Pack 1 SJ Web Edition


---------------------
; Table of Contents ;
---------------------
  1. Legal Notice
  2. TimeQuest Timing Analyzer Summary
  3. Parallel Compilation
  4. SDC File List
  5. Clocks
  6. Slow Model Fmax Summary
  7. Slow Model Setup Summary
  8. Slow Model Hold Summary
  9. Slow Model Recovery Summary
 10. Slow Model Removal Summary
 11. Slow Model Minimum Pulse Width Summary
 12. Slow Model Setup: 'CLOCK_50'
 13. Slow Model Setup: 'u_ov7670_lcm_wall_core|u0|altpll_component|pll|clk[0]'
 14. Slow Model Hold: 'CLOCK_50'
 15. Slow Model Hold: 'u_ov7670_lcm_wall_core|u0|altpll_component|pll|clk[0]'
 16. Slow Model Minimum Pulse Width: 'CLOCK_50'
 17. Slow Model Minimum Pulse Width: 'u_ov7670_lcm_wall_core|u0|altpll_component|pll|clk[0]'
 18. Setup Times
 19. Hold Times
 20. Clock to Output Times
 21. Minimum Clock to Output Times
 22. Propagation Delay
 23. Minimum Propagation Delay
 24. Fast Model Setup Summary
 25. Fast Model Hold Summary
 26. Fast Model Recovery Summary
 27. Fast Model Removal Summary
 28. Fast Model Minimum Pulse Width Summary
 29. Fast Model Setup: 'CLOCK_50'
 30. Fast Model Setup: 'u_ov7670_lcm_wall_core|u0|altpll_component|pll|clk[0]'
 31. Fast Model Hold: 'CLOCK_50'
 32. Fast Model Hold: 'u_ov7670_lcm_wall_core|u0|altpll_component|pll|clk[0]'
 33. Fast Model Minimum Pulse Width: 'CLOCK_50'
 34. Fast Model Minimum Pulse Width: 'u_ov7670_lcm_wall_core|u0|altpll_component|pll|clk[0]'
 35. Setup Times
 36. Hold Times
 37. Clock to Output Times
 38. Minimum Clock to Output Times
 39. Propagation Delay
 40. Minimum Propagation Delay
 41. Multicorner Timing Analysis Summary
 42. Setup Times
 43. Hold Times
 44. Clock to Output Times
 45. Minimum Clock to Output Times
 46. Progagation Delay
 47. Minimum Progagation Delay
 48. Setup Transfers
 49. Hold Transfers
 50. Report TCCS
 51. Report RSKM
 52. Unconstrained Paths
 53. TimeQuest Timing Analyzer Messages



----------------
; Legal Notice ;
----------------
Copyright (C) 1991-2013 Altera Corporation
Your use of Altera Corporation's design tools, logic functions 
and other software and tools, and its AMPP partner logic 
functions, and any output files from any of the foregoing 
(including device programming or simulation files), and any 
associated documentation or information are expressly subject 
to the terms and conditions of the Altera Program License 
Subscription Agreement, Altera MegaCore Function License 
Agreement, or other applicable license agreement, including, 
without limitation, that your use is for the sole purpose of 
programming logic devices manufactured by Altera and sold by 
Altera or its authorized distributors.  Please refer to the 
applicable agreement for further details.



+----------------------------------------------------------------------------------------+
; TimeQuest Timing Analyzer Summary                                                      ;
+--------------------+-------------------------------------------------------------------+
; Quartus II Version ; Version 13.0.1 Build 232 06/12/2013 Service Pack 1 SJ Web Edition ;
; Revision Name      ; prj2                                                              ;
; Device Family      ; Cyclone II                                                        ;
; Device Name        ; EP2C35F672C6                                                      ;
; Timing Models      ; Final                                                             ;
; Delay Model        ; Combined                                                          ;
; Rise/Fall Delays   ; Unavailable                                                       ;
+--------------------+-------------------------------------------------------------------+


Parallel compilation was disabled, but you have multiple processors available. Enable parallel compilation to reduce compilation time.
+-------------------------------------+
; Parallel Compilation                ;
+----------------------------+--------+
; Processors                 ; Number ;
+----------------------------+--------+
; Number detected on machine ; 16     ;
; Maximum allowed            ; 1      ;
+----------------------------+--------+


+---------------------------------------------------+
; SDC File List                                     ;
+---------------+--------+--------------------------+
; SDC File Path ; Status ; Read at                  ;
+---------------+--------+--------------------------+
; prj2.sdc      ; OK     ; Thu Jun 11 19:11:19 2026 ;
+---------------+--------+--------------------------+


+--------------------------------------------------------------------------------------------------------------------------------------------------------------------------------------------------------------------------------------------------------------------------------------------------------------------------------------+
; Clocks                                                                                                                                                                                                                                                                                                                               ;
+-------------------------------------------------------+-----------+--------+-----------+-------+--------+------------+-----------+-------------+-------+--------+-----------+------------+----------+----------+---------------------------------------------------------+-----------------------------------------------------------+
; Clock Name                                            ; Type      ; Period ; Frequency ; Rise  ; Fall   ; Duty Cycle ; Divide by ; Multiply by ; Phase ; Offset ; Edge List ; Edge Shift ; Inverted ; Master   ; Source                                                  ; Targets                                                   ;
+-------------------------------------------------------+-----------+--------+-----------+-------+--------+------------+-----------+-------------+-------+--------+-----------+------------+----------+----------+---------------------------------------------------------+-----------------------------------------------------------+
; CLOCK_50                                              ; Base      ; 20.000 ; 50.0 MHz  ; 0.000 ; 10.000 ;            ;           ;             ;       ;        ;           ;            ;          ;          ;                                                         ; { CLOCK_50 }                                              ;
; u_ov7670_lcm_wall_core|u0|altpll_component|pll|clk[0] ; Generated ; 54.285 ; 18.42 MHz ; 0.000 ; 27.142 ; 50.00      ; 19        ; 7           ;       ;        ;           ;            ; false    ; CLOCK_50 ; u_ov7670_lcm_wall_core|u0|altpll_component|pll|inclk[0] ; { u_ov7670_lcm_wall_core|u0|altpll_component|pll|clk[0] } ;
+-------------------------------------------------------+-----------+--------+-----------+-------+--------+------------+-----------+-------------+-------+--------+-----------+------------+----------+----------+---------------------------------------------------------+-----------------------------------------------------------+


+--------------------------------------------------------------------------------------------+
; Slow Model Fmax Summary                                                                    ;
+-----------+-----------------+-------------------------------------------------------+------+
; Fmax      ; Restricted Fmax ; Clock Name                                            ; Note ;
+-----------+-----------------+-------------------------------------------------------+------+
; 38.16 MHz ; 38.16 MHz       ; CLOCK_50                                              ;      ;
; 41.45 MHz ; 41.45 MHz       ; u_ov7670_lcm_wall_core|u0|altpll_component|pll|clk[0] ;      ;
+-----------+-----------------+-------------------------------------------------------+------+
This panel reports FMAX for every clock in the design, regardless of the user-specified clock periods.  FMAX is only computed for paths where the source and destination registers or ports are driven by the same clock.  Paths of different clocks, including generated clocks, are ignored.  For paths between a clock and its inversion, FMAX is computed as if the rising and falling edges are scaled along with FMAX, such that the duty cycle (in terms of a percentage) is maintained. Altera recommends that you always use clock constraints and other slack reports for sign-off analysis.


+--------------------------------------------------------------------------------+
; Slow Model Setup Summary                                                       ;
+-------------------------------------------------------+--------+---------------+
; Clock                                                 ; Slack  ; End Point TNS ;
+-------------------------------------------------------+--------+---------------+
; CLOCK_50                                              ; -6.206 ; -24701.327    ;
; u_ov7670_lcm_wall_core|u0|altpll_component|pll|clk[0] ; 30.157 ; 0.000         ;
+-------------------------------------------------------+--------+---------------+


+-------------------------------------------------------------------------------+
; Slow Model Hold Summary                                                       ;
+-------------------------------------------------------+-------+---------------+
; Clock                                                 ; Slack ; End Point TNS ;
+-------------------------------------------------------+-------+---------------+
; CLOCK_50                                              ; 0.391 ; 0.000         ;
; u_ov7670_lcm_wall_core|u0|altpll_component|pll|clk[0] ; 0.391 ; 0.000         ;
+-------------------------------------------------------+-------+---------------+


-------------------------------
; Slow Model Recovery Summary ;
-------------------------------
No paths to report.


------------------------------
; Slow Model Removal Summary ;
------------------------------
No paths to report.


+--------------------------------------------------------------------------------+
; Slow Model Minimum Pulse Width Summary                                         ;
+-------------------------------------------------------+--------+---------------+
; Clock                                                 ; Slack  ; End Point TNS ;
+-------------------------------------------------------+--------+---------------+
; CLOCK_50                                              ; 9.000  ; 0.000         ;
; u_ov7670_lcm_wall_core|u0|altpll_component|pll|clk[0] ; 25.015 ; 0.000         ;
+-------------------------------------------------------+--------+---------------+


+-------------------------------------------------------------------------------------------------------------------------------------------------------------------------+
; Slow Model Setup: 'CLOCK_50'                                                                                                                                            ;
+--------+---------------------------------------+--------------------------------------------------+--------------+-------------+--------------+------------+------------+
; Slack  ; From Node                             ; To Node                                          ; Launch Clock ; Latch Clock ; Relationship ; Clock Skew ; Data Delay ;
+--------+---------------------------------------+--------------------------------------------------+--------------+-------------+--------------+------------+------------+
; -6.206 ; RV32I:u_rv32i|DATAPATH:DP|PC:pc|PC[7] ; RV32I:u_rv32i|DATAPATH:DP|REGFILE:regfile|RF~210 ; CLOCK_50     ; CLOCK_50    ; 20.000       ; 0.014      ; 26.256     ;
; -6.195 ; RV32I:u_rv32i|DATAPATH:DP|PC:pc|PC[9] ; RV32I:u_rv32i|DATAPATH:DP|REGFILE:regfile|RF~210 ; CLOCK_50     ; CLOCK_50    ; 20.000       ; 0.024      ; 26.255     ;
; -6.166 ; RV32I:u_rv32i|DATAPATH:DP|PC:pc|PC[5] ; RV32I:u_rv32i|DATAPATH:DP|REGFILE:regfile|RF~210 ; CLOCK_50     ; CLOCK_50    ; 20.000       ; 0.024      ; 26.226     ;
; -6.109 ; RV32I:u_rv32i|DATAPATH:DP|PC:pc|PC[2] ; RV32I:u_rv32i|DATAPATH:DP|REGFILE:regfile|RF~210 ; CLOCK_50     ; CLOCK_50    ; 20.000       ; 0.014      ; 26.159     ;
; -6.087 ; RV32I:u_rv32i|DATAPATH:DP|PC:pc|PC[3] ; RV32I:u_rv32i|DATAPATH:DP|REGFILE:regfile|RF~210 ; CLOCK_50     ; CLOCK_50    ; 20.000       ; 0.024      ; 26.147     ;
; -6.086 ; RV32I:u_rv32i|DATAPATH:DP|PC:pc|PC[7] ; RV32I:u_rv32i|DATAPATH:DP|REGFILE:regfile|RF~67  ; CLOCK_50     ; CLOCK_50    ; 20.000       ; -0.001     ; 26.121     ;
; -6.085 ; RV32I:u_rv32i|DATAPATH:DP|PC:pc|PC[7] ; RV32I:u_rv32i|DATAPATH:DP|REGFILE:regfile|RF~99  ; CLOCK_50     ; CLOCK_50    ; 20.000       ; -0.001     ; 26.120     ;
; -6.075 ; RV32I:u_rv32i|DATAPATH:DP|PC:pc|PC[9] ; RV32I:u_rv32i|DATAPATH:DP|REGFILE:regfile|RF~67  ; CLOCK_50     ; CLOCK_50    ; 20.000       ; 0.009      ; 26.120     ;
; -6.074 ; RV32I:u_rv32i|DATAPATH:DP|PC:pc|PC[9] ; RV32I:u_rv32i|DATAPATH:DP|REGFILE:regfile|RF~99  ; CLOCK_50     ; CLOCK_50    ; 20.000       ; 0.009      ; 26.119     ;
; -6.068 ; RV32I:u_rv32i|DATAPATH:DP|PC:pc|PC[3] ; RV32I:u_rv32i|DATAPATH:DP|REGFILE:regfile|RF~67  ; CLOCK_50     ; CLOCK_50    ; 20.000       ; 0.009      ; 26.113     ;
; -6.067 ; RV32I:u_rv32i|DATAPATH:DP|PC:pc|PC[3] ; RV32I:u_rv32i|DATAPATH:DP|REGFILE:regfile|RF~99  ; CLOCK_50     ; CLOCK_50    ; 20.000       ; 0.009      ; 26.112     ;
; -6.065 ; RV32I:u_rv32i|DATAPATH:DP|PC:pc|PC[4] ; RV32I:u_rv32i|DATAPATH:DP|REGFILE:regfile|RF~210 ; CLOCK_50     ; CLOCK_50    ; 20.000       ; 0.026      ; 26.127     ;
; -6.064 ; RV32I:u_rv32i|DATAPATH:DP|PC:pc|PC[7] ; RV32I:u_rv32i|DATAPATH:DP|REGFILE:regfile|RF~625 ; CLOCK_50     ; CLOCK_50    ; 20.000       ; -0.008     ; 26.092     ;
; -6.053 ; RV32I:u_rv32i|DATAPATH:DP|PC:pc|PC[9] ; RV32I:u_rv32i|DATAPATH:DP|REGFILE:regfile|RF~625 ; CLOCK_50     ; CLOCK_50    ; 20.000       ; 0.002      ; 26.091     ;
; -6.051 ; RV32I:u_rv32i|DATAPATH:DP|PC:pc|PC[5] ; RV32I:u_rv32i|DATAPATH:DP|REGFILE:regfile|RF~67  ; CLOCK_50     ; CLOCK_50    ; 20.000       ; 0.009      ; 26.096     ;
; -6.050 ; RV32I:u_rv32i|DATAPATH:DP|PC:pc|PC[5] ; RV32I:u_rv32i|DATAPATH:DP|REGFILE:regfile|RF~99  ; CLOCK_50     ; CLOCK_50    ; 20.000       ; 0.009      ; 26.095     ;
; -6.027 ; RV32I:u_rv32i|DATAPATH:DP|PC:pc|PC[8] ; RV32I:u_rv32i|DATAPATH:DP|REGFILE:regfile|RF~210 ; CLOCK_50     ; CLOCK_50    ; 20.000       ; 0.014      ; 26.077     ;
; -6.024 ; RV32I:u_rv32i|DATAPATH:DP|PC:pc|PC[5] ; RV32I:u_rv32i|DATAPATH:DP|REGFILE:regfile|RF~625 ; CLOCK_50     ; CLOCK_50    ; 20.000       ; 0.002      ; 26.062     ;
; -6.016 ; RV32I:u_rv32i|DATAPATH:DP|PC:pc|PC[7] ; RV32I:u_rv32i|DATAPATH:DP|REGFILE:regfile|RF~881 ; CLOCK_50     ; CLOCK_50    ; 20.000       ; 0.015      ; 26.067     ;
; -6.005 ; RV32I:u_rv32i|DATAPATH:DP|PC:pc|PC[9] ; RV32I:u_rv32i|DATAPATH:DP|REGFILE:regfile|RF~881 ; CLOCK_50     ; CLOCK_50    ; 20.000       ; 0.025      ; 26.066     ;
; -6.004 ; RV32I:u_rv32i|DATAPATH:DP|PC:pc|PC[7] ; RV32I:u_rv32i|DATAPATH:DP|REGFILE:regfile|RF~567 ; CLOCK_50     ; CLOCK_50    ; 20.000       ; 0.030      ; 26.070     ;
; -6.000 ; RV32I:u_rv32i|DATAPATH:DP|PC:pc|PC[7] ; RV32I:u_rv32i|DATAPATH:DP|REGFILE:regfile|RF~951 ; CLOCK_50     ; CLOCK_50    ; 20.000       ; 0.030      ; 26.066     ;
; -5.994 ; RV32I:u_rv32i|DATAPATH:DP|PC:pc|PC[7] ; RV32I:u_rv32i|DATAPATH:DP|REGFILE:regfile|RF~467 ; CLOCK_50     ; CLOCK_50    ; 20.000       ; 0.005      ; 26.035     ;
; -5.994 ; RV32I:u_rv32i|DATAPATH:DP|PC:pc|PC[7] ; RV32I:u_rv32i|DATAPATH:DP|REGFILE:regfile|RF~337 ; CLOCK_50     ; CLOCK_50    ; 20.000       ; 0.006      ; 26.036     ;
; -5.993 ; RV32I:u_rv32i|DATAPATH:DP|PC:pc|PC[9] ; RV32I:u_rv32i|DATAPATH:DP|REGFILE:regfile|RF~567 ; CLOCK_50     ; CLOCK_50    ; 20.000       ; 0.040      ; 26.069     ;
; -5.992 ; RV32I:u_rv32i|DATAPATH:DP|PC:pc|PC[7] ; RV32I:u_rv32i|DATAPATH:DP|REGFILE:regfile|RF~145 ; CLOCK_50     ; CLOCK_50    ; 20.000       ; -0.003     ; 26.025     ;
; -5.992 ; RV32I:u_rv32i|DATAPATH:DP|PC:pc|PC[7] ; RV32I:u_rv32i|DATAPATH:DP|REGFILE:regfile|RF~209 ; CLOCK_50     ; CLOCK_50    ; 20.000       ; -0.003     ; 26.025     ;
; -5.990 ; RV32I:u_rv32i|DATAPATH:DP|PC:pc|PC[7] ; RV32I:u_rv32i|DATAPATH:DP|REGFILE:regfile|RF~403 ; CLOCK_50     ; CLOCK_50    ; 20.000       ; 0.005      ; 26.031     ;
; -5.990 ; RV32I:u_rv32i|DATAPATH:DP|PC:pc|PC[7] ; RV32I:u_rv32i|DATAPATH:DP|REGFILE:regfile|RF~305 ; CLOCK_50     ; CLOCK_50    ; 20.000       ; 0.006      ; 26.032     ;
; -5.989 ; RV32I:u_rv32i|DATAPATH:DP|PC:pc|PC[9] ; RV32I:u_rv32i|DATAPATH:DP|REGFILE:regfile|RF~951 ; CLOCK_50     ; CLOCK_50    ; 20.000       ; 0.040      ; 26.065     ;
; -5.989 ; RV32I:u_rv32i|DATAPATH:DP|PC:pc|PC[2] ; RV32I:u_rv32i|DATAPATH:DP|REGFILE:regfile|RF~67  ; CLOCK_50     ; CLOCK_50    ; 20.000       ; -0.001     ; 26.024     ;
; -5.988 ; RV32I:u_rv32i|DATAPATH:DP|PC:pc|PC[2] ; RV32I:u_rv32i|DATAPATH:DP|REGFILE:regfile|RF~99  ; CLOCK_50     ; CLOCK_50    ; 20.000       ; -0.001     ; 26.023     ;
; -5.986 ; RV32I:u_rv32i|DATAPATH:DP|PC:pc|PC[3] ; RV32I:u_rv32i|DATAPATH:DP|REGFILE:regfile|RF~567 ; CLOCK_50     ; CLOCK_50    ; 20.000       ; 0.040      ; 26.062     ;
; -5.983 ; RV32I:u_rv32i|DATAPATH:DP|PC:pc|PC[9] ; RV32I:u_rv32i|DATAPATH:DP|REGFILE:regfile|RF~467 ; CLOCK_50     ; CLOCK_50    ; 20.000       ; 0.015      ; 26.034     ;
; -5.983 ; RV32I:u_rv32i|DATAPATH:DP|PC:pc|PC[9] ; RV32I:u_rv32i|DATAPATH:DP|REGFILE:regfile|RF~337 ; CLOCK_50     ; CLOCK_50    ; 20.000       ; 0.016      ; 26.035     ;
; -5.982 ; RV32I:u_rv32i|DATAPATH:DP|PC:pc|PC[3] ; RV32I:u_rv32i|DATAPATH:DP|REGFILE:regfile|RF~951 ; CLOCK_50     ; CLOCK_50    ; 20.000       ; 0.040      ; 26.058     ;
; -5.981 ; RV32I:u_rv32i|DATAPATH:DP|PC:pc|PC[9] ; RV32I:u_rv32i|DATAPATH:DP|REGFILE:regfile|RF~145 ; CLOCK_50     ; CLOCK_50    ; 20.000       ; 0.007      ; 26.024     ;
; -5.981 ; RV32I:u_rv32i|DATAPATH:DP|PC:pc|PC[9] ; RV32I:u_rv32i|DATAPATH:DP|REGFILE:regfile|RF~209 ; CLOCK_50     ; CLOCK_50    ; 20.000       ; 0.007      ; 26.024     ;
; -5.979 ; RV32I:u_rv32i|DATAPATH:DP|PC:pc|PC[7] ; RV32I:u_rv32i|DATAPATH:DP|REGFILE:regfile|RF~529 ; CLOCK_50     ; CLOCK_50    ; 20.000       ; 0.025      ; 26.040     ;
; -5.979 ; RV32I:u_rv32i|DATAPATH:DP|PC:pc|PC[9] ; RV32I:u_rv32i|DATAPATH:DP|REGFILE:regfile|RF~403 ; CLOCK_50     ; CLOCK_50    ; 20.000       ; 0.015      ; 26.030     ;
; -5.979 ; RV32I:u_rv32i|DATAPATH:DP|PC:pc|PC[9] ; RV32I:u_rv32i|DATAPATH:DP|REGFILE:regfile|RF~305 ; CLOCK_50     ; CLOCK_50    ; 20.000       ; 0.016      ; 26.031     ;
; -5.978 ; RV32I:u_rv32i|DATAPATH:DP|PC:pc|PC[7] ; RV32I:u_rv32i|DATAPATH:DP|REGFILE:regfile|RF~657 ; CLOCK_50     ; CLOCK_50    ; 20.000       ; 0.025      ; 26.039     ;
; -5.976 ; RV32I:u_rv32i|DATAPATH:DP|PC:pc|PC[5] ; RV32I:u_rv32i|DATAPATH:DP|REGFILE:regfile|RF~881 ; CLOCK_50     ; CLOCK_50    ; 20.000       ; 0.025      ; 26.037     ;
; -5.976 ; RV32I:u_rv32i|DATAPATH:DP|PC:pc|PC[3] ; RV32I:u_rv32i|DATAPATH:DP|REGFILE:regfile|RF~467 ; CLOCK_50     ; CLOCK_50    ; 20.000       ; 0.015      ; 26.027     ;
; -5.972 ; RV32I:u_rv32i|DATAPATH:DP|PC:pc|PC[3] ; RV32I:u_rv32i|DATAPATH:DP|REGFILE:regfile|RF~403 ; CLOCK_50     ; CLOCK_50    ; 20.000       ; 0.015      ; 26.023     ;
; -5.969 ; RV32I:u_rv32i|DATAPATH:DP|PC:pc|PC[5] ; RV32I:u_rv32i|DATAPATH:DP|REGFILE:regfile|RF~567 ; CLOCK_50     ; CLOCK_50    ; 20.000       ; 0.040      ; 26.045     ;
; -5.968 ; RV32I:u_rv32i|DATAPATH:DP|PC:pc|PC[9] ; RV32I:u_rv32i|DATAPATH:DP|REGFILE:regfile|RF~529 ; CLOCK_50     ; CLOCK_50    ; 20.000       ; 0.035      ; 26.039     ;
; -5.967 ; RV32I:u_rv32i|DATAPATH:DP|PC:pc|PC[9] ; RV32I:u_rv32i|DATAPATH:DP|REGFILE:regfile|RF~657 ; CLOCK_50     ; CLOCK_50    ; 20.000       ; 0.035      ; 26.038     ;
; -5.967 ; RV32I:u_rv32i|DATAPATH:DP|PC:pc|PC[2] ; RV32I:u_rv32i|DATAPATH:DP|REGFILE:regfile|RF~625 ; CLOCK_50     ; CLOCK_50    ; 20.000       ; -0.008     ; 25.995     ;
; -5.965 ; RV32I:u_rv32i|DATAPATH:DP|PC:pc|PC[5] ; RV32I:u_rv32i|DATAPATH:DP|REGFILE:regfile|RF~951 ; CLOCK_50     ; CLOCK_50    ; 20.000       ; 0.040      ; 26.041     ;
; -5.962 ; RV32I:u_rv32i|DATAPATH:DP|PC:pc|PC[7] ; RV32I:u_rv32i|DATAPATH:DP|REGFILE:regfile|RF~666 ; CLOCK_50     ; CLOCK_50    ; 20.000       ; 0.010      ; 26.008     ;
; -5.959 ; RV32I:u_rv32i|DATAPATH:DP|PC:pc|PC[5] ; RV32I:u_rv32i|DATAPATH:DP|REGFILE:regfile|RF~467 ; CLOCK_50     ; CLOCK_50    ; 20.000       ; 0.015      ; 26.010     ;
; -5.955 ; RV32I:u_rv32i|DATAPATH:DP|PC:pc|PC[5] ; RV32I:u_rv32i|DATAPATH:DP|REGFILE:regfile|RF~403 ; CLOCK_50     ; CLOCK_50    ; 20.000       ; 0.015      ; 26.006     ;
; -5.954 ; RV32I:u_rv32i|DATAPATH:DP|PC:pc|PC[5] ; RV32I:u_rv32i|DATAPATH:DP|REGFILE:regfile|RF~337 ; CLOCK_50     ; CLOCK_50    ; 20.000       ; 0.016      ; 26.006     ;
; -5.952 ; RV32I:u_rv32i|DATAPATH:DP|PC:pc|PC[5] ; RV32I:u_rv32i|DATAPATH:DP|REGFILE:regfile|RF~145 ; CLOCK_50     ; CLOCK_50    ; 20.000       ; 0.007      ; 25.995     ;
; -5.952 ; RV32I:u_rv32i|DATAPATH:DP|PC:pc|PC[5] ; RV32I:u_rv32i|DATAPATH:DP|REGFILE:regfile|RF~209 ; CLOCK_50     ; CLOCK_50    ; 20.000       ; 0.007      ; 25.995     ;
; -5.951 ; RV32I:u_rv32i|DATAPATH:DP|PC:pc|PC[9] ; RV32I:u_rv32i|DATAPATH:DP|REGFILE:regfile|RF~666 ; CLOCK_50     ; CLOCK_50    ; 20.000       ; 0.020      ; 26.007     ;
; -5.950 ; RV32I:u_rv32i|DATAPATH:DP|PC:pc|PC[5] ; RV32I:u_rv32i|DATAPATH:DP|REGFILE:regfile|RF~305 ; CLOCK_50     ; CLOCK_50    ; 20.000       ; 0.016      ; 26.002     ;
; -5.945 ; RV32I:u_rv32i|DATAPATH:DP|PC:pc|PC[3] ; RV32I:u_rv32i|DATAPATH:DP|REGFILE:regfile|RF~625 ; CLOCK_50     ; CLOCK_50    ; 20.000       ; 0.002      ; 25.983     ;
; -5.945 ; RV32I:u_rv32i|DATAPATH:DP|PC:pc|PC[4] ; RV32I:u_rv32i|DATAPATH:DP|REGFILE:regfile|RF~67  ; CLOCK_50     ; CLOCK_50    ; 20.000       ; 0.011      ; 25.992     ;
; -5.944 ; RV32I:u_rv32i|DATAPATH:DP|PC:pc|PC[4] ; RV32I:u_rv32i|DATAPATH:DP|REGFILE:regfile|RF~99  ; CLOCK_50     ; CLOCK_50    ; 20.000       ; 0.011      ; 25.991     ;
; -5.939 ; RV32I:u_rv32i|DATAPATH:DP|PC:pc|PC[5] ; RV32I:u_rv32i|DATAPATH:DP|REGFILE:regfile|RF~529 ; CLOCK_50     ; CLOCK_50    ; 20.000       ; 0.035      ; 26.010     ;
; -5.938 ; RV32I:u_rv32i|DATAPATH:DP|PC:pc|PC[5] ; RV32I:u_rv32i|DATAPATH:DP|REGFILE:regfile|RF~657 ; CLOCK_50     ; CLOCK_50    ; 20.000       ; 0.035      ; 26.009     ;
; -5.929 ; RV32I:u_rv32i|DATAPATH:DP|PC:pc|PC[7] ; RV32I:u_rv32i|DATAPATH:DP|REGFILE:regfile|RF~146 ; CLOCK_50     ; CLOCK_50    ; 20.000       ; -0.001     ; 25.964     ;
; -5.925 ; RV32I:u_rv32i|DATAPATH:DP|PC:pc|PC[7] ; RV32I:u_rv32i|DATAPATH:DP|REGFILE:regfile|RF~178 ; CLOCK_50     ; CLOCK_50    ; 20.000       ; -0.001     ; 25.960     ;
; -5.925 ; RV32I:u_rv32i|DATAPATH:DP|PC:pc|PC[7] ; RV32I:u_rv32i|DATAPATH:DP|REGFILE:regfile|RF~406 ; CLOCK_50     ; CLOCK_50    ; 20.000       ; -0.011     ; 25.950     ;
; -5.923 ; RV32I:u_rv32i|DATAPATH:DP|PC:pc|PC[4] ; RV32I:u_rv32i|DATAPATH:DP|REGFILE:regfile|RF~625 ; CLOCK_50     ; CLOCK_50    ; 20.000       ; 0.004      ; 25.963     ;
; -5.922 ; RV32I:u_rv32i|DATAPATH:DP|PC:pc|PC[5] ; RV32I:u_rv32i|DATAPATH:DP|REGFILE:regfile|RF~666 ; CLOCK_50     ; CLOCK_50    ; 20.000       ; 0.020      ; 25.978     ;
; -5.919 ; RV32I:u_rv32i|DATAPATH:DP|PC:pc|PC[2] ; RV32I:u_rv32i|DATAPATH:DP|REGFILE:regfile|RF~881 ; CLOCK_50     ; CLOCK_50    ; 20.000       ; 0.015      ; 25.970     ;
; -5.918 ; RV32I:u_rv32i|DATAPATH:DP|PC:pc|PC[6] ; RV32I:u_rv32i|DATAPATH:DP|REGFILE:regfile|RF~210 ; CLOCK_50     ; CLOCK_50    ; 20.000       ; 0.024      ; 25.978     ;
; -5.918 ; RV32I:u_rv32i|DATAPATH:DP|PC:pc|PC[9] ; RV32I:u_rv32i|DATAPATH:DP|REGFILE:regfile|RF~146 ; CLOCK_50     ; CLOCK_50    ; 20.000       ; 0.009      ; 25.963     ;
; -5.915 ; RV32I:u_rv32i|DATAPATH:DP|PC:pc|PC[7] ; RV32I:u_rv32i|DATAPATH:DP|REGFILE:regfile|RF~243 ; CLOCK_50     ; CLOCK_50    ; 20.000       ; 0.008      ; 25.959     ;
; -5.914 ; RV32I:u_rv32i|DATAPATH:DP|PC:pc|PC[7] ; RV32I:u_rv32i|DATAPATH:DP|REGFILE:regfile|RF~179 ; CLOCK_50     ; CLOCK_50    ; 20.000       ; 0.008      ; 25.958     ;
; -5.914 ; RV32I:u_rv32i|DATAPATH:DP|PC:pc|PC[9] ; RV32I:u_rv32i|DATAPATH:DP|REGFILE:regfile|RF~178 ; CLOCK_50     ; CLOCK_50    ; 20.000       ; 0.009      ; 25.959     ;
; -5.914 ; RV32I:u_rv32i|DATAPATH:DP|PC:pc|PC[9] ; RV32I:u_rv32i|DATAPATH:DP|REGFILE:regfile|RF~406 ; CLOCK_50     ; CLOCK_50    ; 20.000       ; -0.001     ; 25.949     ;
; -5.913 ; RV32I:u_rv32i|DATAPATH:DP|PC:pc|PC[7] ; RV32I:u_rv32i|DATAPATH:DP|REGFILE:regfile|RF~419 ; CLOCK_50     ; CLOCK_50    ; 20.000       ; 0.025      ; 25.974     ;
; -5.913 ; RV32I:u_rv32i|DATAPATH:DP|PC:pc|PC[7] ; RV32I:u_rv32i|DATAPATH:DP|REGFILE:regfile|RF~483 ; CLOCK_50     ; CLOCK_50    ; 20.000       ; 0.025      ; 25.974     ;
; -5.913 ; RV32I:u_rv32i|DATAPATH:DP|PC:pc|PC[7] ; RV32I:u_rv32i|DATAPATH:DP|REGFILE:regfile|RF~574 ; CLOCK_50     ; CLOCK_50    ; 20.000       ; 0.027      ; 25.976     ;
; -5.909 ; RV32I:u_rv32i|DATAPATH:DP|PC:pc|PC[7] ; RV32I:u_rv32i|DATAPATH:DP|REGFILE:regfile|RF~830 ; CLOCK_50     ; CLOCK_50    ; 20.000       ; 0.027      ; 25.972     ;
; -5.907 ; RV32I:u_rv32i|DATAPATH:DP|PC:pc|PC[8] ; RV32I:u_rv32i|DATAPATH:DP|REGFILE:regfile|RF~67  ; CLOCK_50     ; CLOCK_50    ; 20.000       ; -0.001     ; 25.942     ;
; -5.907 ; RV32I:u_rv32i|DATAPATH:DP|PC:pc|PC[2] ; RV32I:u_rv32i|DATAPATH:DP|REGFILE:regfile|RF~567 ; CLOCK_50     ; CLOCK_50    ; 20.000       ; 0.030      ; 25.973     ;
; -5.906 ; RV32I:u_rv32i|DATAPATH:DP|PC:pc|PC[8] ; RV32I:u_rv32i|DATAPATH:DP|REGFILE:regfile|RF~99  ; CLOCK_50     ; CLOCK_50    ; 20.000       ; -0.001     ; 25.941     ;
; -5.904 ; RV32I:u_rv32i|DATAPATH:DP|PC:pc|PC[9] ; RV32I:u_rv32i|DATAPATH:DP|REGFILE:regfile|RF~243 ; CLOCK_50     ; CLOCK_50    ; 20.000       ; 0.018      ; 25.958     ;
; -5.903 ; RV32I:u_rv32i|DATAPATH:DP|PC:pc|PC[9] ; RV32I:u_rv32i|DATAPATH:DP|REGFILE:regfile|RF~179 ; CLOCK_50     ; CLOCK_50    ; 20.000       ; 0.018      ; 25.957     ;
; -5.903 ; RV32I:u_rv32i|DATAPATH:DP|PC:pc|PC[2] ; RV32I:u_rv32i|DATAPATH:DP|REGFILE:regfile|RF~951 ; CLOCK_50     ; CLOCK_50    ; 20.000       ; 0.030      ; 25.969     ;
; -5.902 ; RV32I:u_rv32i|DATAPATH:DP|PC:pc|PC[7] ; RV32I:u_rv32i|DATAPATH:DP|REGFILE:regfile|RF~883 ; CLOCK_50     ; CLOCK_50    ; 20.000       ; -0.009     ; 25.929     ;
; -5.902 ; RV32I:u_rv32i|DATAPATH:DP|PC:pc|PC[9] ; RV32I:u_rv32i|DATAPATH:DP|REGFILE:regfile|RF~419 ; CLOCK_50     ; CLOCK_50    ; 20.000       ; 0.035      ; 25.973     ;
; -5.902 ; RV32I:u_rv32i|DATAPATH:DP|PC:pc|PC[9] ; RV32I:u_rv32i|DATAPATH:DP|REGFILE:regfile|RF~483 ; CLOCK_50     ; CLOCK_50    ; 20.000       ; 0.035      ; 25.973     ;
; -5.902 ; RV32I:u_rv32i|DATAPATH:DP|PC:pc|PC[9] ; RV32I:u_rv32i|DATAPATH:DP|REGFILE:regfile|RF~574 ; CLOCK_50     ; CLOCK_50    ; 20.000       ; 0.037      ; 25.975     ;
; -5.901 ; RV32I:u_rv32i|DATAPATH:DP|PC:pc|PC[7] ; RV32I:u_rv32i|DATAPATH:DP|REGFILE:regfile|RF~755 ; CLOCK_50     ; CLOCK_50    ; 20.000       ; -0.009     ; 25.928     ;
; -5.898 ; RV32I:u_rv32i|DATAPATH:DP|PC:pc|PC[9] ; RV32I:u_rv32i|DATAPATH:DP|REGFILE:regfile|RF~830 ; CLOCK_50     ; CLOCK_50    ; 20.000       ; 0.037      ; 25.971     ;
; -5.897 ; RV32I:u_rv32i|DATAPATH:DP|PC:pc|PC[3] ; RV32I:u_rv32i|DATAPATH:DP|REGFILE:regfile|RF~881 ; CLOCK_50     ; CLOCK_50    ; 20.000       ; 0.025      ; 25.958     ;
; -5.897 ; RV32I:u_rv32i|DATAPATH:DP|PC:pc|PC[3] ; RV32I:u_rv32i|DATAPATH:DP|REGFILE:regfile|RF~243 ; CLOCK_50     ; CLOCK_50    ; 20.000       ; 0.018      ; 25.951     ;
; -5.897 ; RV32I:u_rv32i|DATAPATH:DP|PC:pc|PC[2] ; RV32I:u_rv32i|DATAPATH:DP|REGFILE:regfile|RF~467 ; CLOCK_50     ; CLOCK_50    ; 20.000       ; 0.005      ; 25.938     ;
; -5.897 ; RV32I:u_rv32i|DATAPATH:DP|PC:pc|PC[2] ; RV32I:u_rv32i|DATAPATH:DP|REGFILE:regfile|RF~337 ; CLOCK_50     ; CLOCK_50    ; 20.000       ; 0.006      ; 25.939     ;
; -5.896 ; RV32I:u_rv32i|DATAPATH:DP|PC:pc|PC[3] ; RV32I:u_rv32i|DATAPATH:DP|REGFILE:regfile|RF~179 ; CLOCK_50     ; CLOCK_50    ; 20.000       ; 0.018      ; 25.950     ;
; -5.895 ; RV32I:u_rv32i|DATAPATH:DP|PC:pc|PC[7] ; RV32I:u_rv32i|DATAPATH:DP|REGFILE:regfile|RF~627 ; CLOCK_50     ; CLOCK_50    ; 20.000       ; -0.010     ; 25.921     ;
; -5.895 ; RV32I:u_rv32i|DATAPATH:DP|PC:pc|PC[3] ; RV32I:u_rv32i|DATAPATH:DP|REGFILE:regfile|RF~419 ; CLOCK_50     ; CLOCK_50    ; 20.000       ; 0.035      ; 25.966     ;
; -5.895 ; RV32I:u_rv32i|DATAPATH:DP|PC:pc|PC[3] ; RV32I:u_rv32i|DATAPATH:DP|REGFILE:regfile|RF~483 ; CLOCK_50     ; CLOCK_50    ; 20.000       ; 0.035      ; 25.966     ;
; -5.895 ; RV32I:u_rv32i|DATAPATH:DP|PC:pc|PC[2] ; RV32I:u_rv32i|DATAPATH:DP|REGFILE:regfile|RF~145 ; CLOCK_50     ; CLOCK_50    ; 20.000       ; -0.003     ; 25.928     ;
+--------+---------------------------------------+--------------------------------------------------+--------------+-------------+--------------+------------+------------+


+----------------------------------------------------------------------------------------------------------------------------------------------------------------------------------------------------------------------------------------------------------------------------------------------------------------------------------------------------------------------------------------------+
; Slow Model Setup: 'u_ov7670_lcm_wall_core|u0|altpll_component|pll|clk[0]'                                                                                                                                                                                                                                                                                                                    ;
+--------+-------------------------------------------------------+--------------------------------------------------------------------------------------------------------------------------------------------------------------------+-------------------------------------------------------+-------------------------------------------------------+--------------+------------+------------+
; Slack  ; From Node                                             ; To Node                                                                                                                                                            ; Launch Clock                                          ; Latch Clock                                           ; Relationship ; Clock Skew ; Data Delay ;
+--------+-------------------------------------------------------+--------------------------------------------------------------------------------------------------------------------------------------------------------------------+-------------------------------------------------------+-------------------------------------------------------+--------------+------------+------------+
; 30.157 ; ov7670_lcm_wall_core:u_ov7670_lcm_wall_core|H_Cont[1] ; ov7670_lcm_wall_core:u_ov7670_lcm_wall_core|altsyncram:frame_buf_rtl_0|altsyncram_o4d1:auto_generated|altsyncram_rng1:altsyncram1|ram_block2a32~porta_address_reg0 ; u_ov7670_lcm_wall_core|u0|altpll_component|pll|clk[0] ; u_ov7670_lcm_wall_core|u0|altpll_component|pll|clk[0] ; 54.285       ; 0.054      ; 24.147     ;
; 30.166 ; ov7670_lcm_wall_core:u_ov7670_lcm_wall_core|H_Cont[1] ; ov7670_lcm_wall_core:u_ov7670_lcm_wall_core|altsyncram:frame_buf_rtl_0|altsyncram_o4d1:auto_generated|altsyncram_rng1:altsyncram1|ram_block2a7~porta_address_reg0  ; u_ov7670_lcm_wall_core|u0|altpll_component|pll|clk[0] ; u_ov7670_lcm_wall_core|u0|altpll_component|pll|clk[0] ; 54.285       ; 0.049      ; 24.133     ;
; 30.166 ; ov7670_lcm_wall_core:u_ov7670_lcm_wall_core|H_Cont[1] ; ov7670_lcm_wall_core:u_ov7670_lcm_wall_core|altsyncram:frame_buf_rtl_0|altsyncram_o4d1:auto_generated|altsyncram_rng1:altsyncram1|ram_block2a19~porta_address_reg0 ; u_ov7670_lcm_wall_core|u0|altpll_component|pll|clk[0] ; u_ov7670_lcm_wall_core|u0|altpll_component|pll|clk[0] ; 54.285       ; 0.035      ; 24.119     ;
; 30.336 ; ov7670_lcm_wall_core:u_ov7670_lcm_wall_core|H_Cont[0] ; ov7670_lcm_wall_core:u_ov7670_lcm_wall_core|altsyncram:frame_buf_rtl_0|altsyncram_o4d1:auto_generated|altsyncram_rng1:altsyncram1|ram_block2a32~porta_address_reg0 ; u_ov7670_lcm_wall_core|u0|altpll_component|pll|clk[0] ; u_ov7670_lcm_wall_core|u0|altpll_component|pll|clk[0] ; 54.285       ; 0.054      ; 23.968     ;
; 30.345 ; ov7670_lcm_wall_core:u_ov7670_lcm_wall_core|H_Cont[0] ; ov7670_lcm_wall_core:u_ov7670_lcm_wall_core|altsyncram:frame_buf_rtl_0|altsyncram_o4d1:auto_generated|altsyncram_rng1:altsyncram1|ram_block2a7~porta_address_reg0  ; u_ov7670_lcm_wall_core|u0|altpll_component|pll|clk[0] ; u_ov7670_lcm_wall_core|u0|altpll_component|pll|clk[0] ; 54.285       ; 0.049      ; 23.954     ;
; 30.345 ; ov7670_lcm_wall_core:u_ov7670_lcm_wall_core|H_Cont[0] ; ov7670_lcm_wall_core:u_ov7670_lcm_wall_core|altsyncram:frame_buf_rtl_0|altsyncram_o4d1:auto_generated|altsyncram_rng1:altsyncram1|ram_block2a19~porta_address_reg0 ; u_ov7670_lcm_wall_core|u0|altpll_component|pll|clk[0] ; u_ov7670_lcm_wall_core|u0|altpll_component|pll|clk[0] ; 54.285       ; 0.035      ; 23.940     ;
; 30.376 ; ov7670_lcm_wall_core:u_ov7670_lcm_wall_core|H_Cont[1] ; ov7670_lcm_wall_core:u_ov7670_lcm_wall_core|altsyncram:frame_buf_rtl_0|altsyncram_o4d1:auto_generated|altsyncram_rng1:altsyncram1|ram_block2a21~porta_address_reg0 ; u_ov7670_lcm_wall_core|u0|altpll_component|pll|clk[0] ; u_ov7670_lcm_wall_core|u0|altpll_component|pll|clk[0] ; 54.285       ; 0.025      ; 23.899     ;
; 30.405 ; ov7670_lcm_wall_core:u_ov7670_lcm_wall_core|H_Cont[2] ; ov7670_lcm_wall_core:u_ov7670_lcm_wall_core|altsyncram:frame_buf_rtl_0|altsyncram_o4d1:auto_generated|altsyncram_rng1:altsyncram1|ram_block2a32~porta_address_reg0 ; u_ov7670_lcm_wall_core|u0|altpll_component|pll|clk[0] ; u_ov7670_lcm_wall_core|u0|altpll_component|pll|clk[0] ; 54.285       ; 0.054      ; 23.899     ;
; 30.414 ; ov7670_lcm_wall_core:u_ov7670_lcm_wall_core|H_Cont[2] ; ov7670_lcm_wall_core:u_ov7670_lcm_wall_core|altsyncram:frame_buf_rtl_0|altsyncram_o4d1:auto_generated|altsyncram_rng1:altsyncram1|ram_block2a7~porta_address_reg0  ; u_ov7670_lcm_wall_core|u0|altpll_component|pll|clk[0] ; u_ov7670_lcm_wall_core|u0|altpll_component|pll|clk[0] ; 54.285       ; 0.049      ; 23.885     ;
; 30.414 ; ov7670_lcm_wall_core:u_ov7670_lcm_wall_core|H_Cont[2] ; ov7670_lcm_wall_core:u_ov7670_lcm_wall_core|altsyncram:frame_buf_rtl_0|altsyncram_o4d1:auto_generated|altsyncram_rng1:altsyncram1|ram_block2a19~porta_address_reg0 ; u_ov7670_lcm_wall_core|u0|altpll_component|pll|clk[0] ; u_ov7670_lcm_wall_core|u0|altpll_component|pll|clk[0] ; 54.285       ; 0.035      ; 23.871     ;
; 30.454 ; ov7670_lcm_wall_core:u_ov7670_lcm_wall_core|H_Cont[1] ; ov7670_lcm_wall_core:u_ov7670_lcm_wall_core|altsyncram:frame_buf_rtl_0|altsyncram_o4d1:auto_generated|altsyncram_rng1:altsyncram1|ram_block2a23~porta_address_reg0 ; u_ov7670_lcm_wall_core|u0|altpll_component|pll|clk[0] ; u_ov7670_lcm_wall_core|u0|altpll_component|pll|clk[0] ; 54.285       ; 0.042      ; 23.838     ;
; 30.555 ; ov7670_lcm_wall_core:u_ov7670_lcm_wall_core|H_Cont[0] ; ov7670_lcm_wall_core:u_ov7670_lcm_wall_core|altsyncram:frame_buf_rtl_0|altsyncram_o4d1:auto_generated|altsyncram_rng1:altsyncram1|ram_block2a21~porta_address_reg0 ; u_ov7670_lcm_wall_core|u0|altpll_component|pll|clk[0] ; u_ov7670_lcm_wall_core|u0|altpll_component|pll|clk[0] ; 54.285       ; 0.025      ; 23.720     ;
; 30.572 ; ov7670_lcm_wall_core:u_ov7670_lcm_wall_core|H_Cont[1] ; ov7670_lcm_wall_core:u_ov7670_lcm_wall_core|altsyncram:frame_buf_rtl_0|altsyncram_o4d1:auto_generated|altsyncram_rng1:altsyncram1|ram_block2a29~porta_address_reg0 ; u_ov7670_lcm_wall_core|u0|altpll_component|pll|clk[0] ; u_ov7670_lcm_wall_core|u0|altpll_component|pll|clk[0] ; 54.285       ; 0.038      ; 23.716     ;
; 30.597 ; ov7670_lcm_wall_core:u_ov7670_lcm_wall_core|H_Cont[1] ; ov7670_lcm_wall_core:u_ov7670_lcm_wall_core|altsyncram:frame_buf_rtl_0|altsyncram_o4d1:auto_generated|altsyncram_rng1:altsyncram1|ram_block2a39~porta_address_reg0 ; u_ov7670_lcm_wall_core|u0|altpll_component|pll|clk[0] ; u_ov7670_lcm_wall_core|u0|altpll_component|pll|clk[0] ; 54.285       ; 0.058      ; 23.711     ;
; 30.600 ; ov7670_lcm_wall_core:u_ov7670_lcm_wall_core|H_Cont[3] ; ov7670_lcm_wall_core:u_ov7670_lcm_wall_core|altsyncram:frame_buf_rtl_0|altsyncram_o4d1:auto_generated|altsyncram_rng1:altsyncram1|ram_block2a32~porta_address_reg0 ; u_ov7670_lcm_wall_core|u0|altpll_component|pll|clk[0] ; u_ov7670_lcm_wall_core|u0|altpll_component|pll|clk[0] ; 54.285       ; 0.054      ; 23.704     ;
; 30.609 ; ov7670_lcm_wall_core:u_ov7670_lcm_wall_core|H_Cont[3] ; ov7670_lcm_wall_core:u_ov7670_lcm_wall_core|altsyncram:frame_buf_rtl_0|altsyncram_o4d1:auto_generated|altsyncram_rng1:altsyncram1|ram_block2a7~porta_address_reg0  ; u_ov7670_lcm_wall_core|u0|altpll_component|pll|clk[0] ; u_ov7670_lcm_wall_core|u0|altpll_component|pll|clk[0] ; 54.285       ; 0.049      ; 23.690     ;
; 30.609 ; ov7670_lcm_wall_core:u_ov7670_lcm_wall_core|H_Cont[3] ; ov7670_lcm_wall_core:u_ov7670_lcm_wall_core|altsyncram:frame_buf_rtl_0|altsyncram_o4d1:auto_generated|altsyncram_rng1:altsyncram1|ram_block2a19~porta_address_reg0 ; u_ov7670_lcm_wall_core|u0|altpll_component|pll|clk[0] ; u_ov7670_lcm_wall_core|u0|altpll_component|pll|clk[0] ; 54.285       ; 0.035      ; 23.676     ;
; 30.619 ; ov7670_lcm_wall_core:u_ov7670_lcm_wall_core|H_Cont[1] ; ov7670_lcm_wall_core:u_ov7670_lcm_wall_core|altsyncram:frame_buf_rtl_0|altsyncram_o4d1:auto_generated|altsyncram_rng1:altsyncram1|ram_block2a5~porta_address_reg0  ; u_ov7670_lcm_wall_core|u0|altpll_component|pll|clk[0] ; u_ov7670_lcm_wall_core|u0|altpll_component|pll|clk[0] ; 54.285       ; 0.061      ; 23.692     ;
; 30.619 ; ov7670_lcm_wall_core:u_ov7670_lcm_wall_core|H_Cont[1] ; ov7670_lcm_wall_core:u_ov7670_lcm_wall_core|altsyncram:frame_buf_rtl_0|altsyncram_o4d1:auto_generated|altsyncram_rng1:altsyncram1|ram_block2a35~porta_address_reg0 ; u_ov7670_lcm_wall_core|u0|altpll_component|pll|clk[0] ; u_ov7670_lcm_wall_core|u0|altpll_component|pll|clk[0] ; 54.285       ; 0.064      ; 23.695     ;
; 30.624 ; ov7670_lcm_wall_core:u_ov7670_lcm_wall_core|H_Cont[2] ; ov7670_lcm_wall_core:u_ov7670_lcm_wall_core|altsyncram:frame_buf_rtl_0|altsyncram_o4d1:auto_generated|altsyncram_rng1:altsyncram1|ram_block2a21~porta_address_reg0 ; u_ov7670_lcm_wall_core|u0|altpll_component|pll|clk[0] ; u_ov7670_lcm_wall_core|u0|altpll_component|pll|clk[0] ; 54.285       ; 0.025      ; 23.651     ;
; 30.633 ; ov7670_lcm_wall_core:u_ov7670_lcm_wall_core|H_Cont[0] ; ov7670_lcm_wall_core:u_ov7670_lcm_wall_core|altsyncram:frame_buf_rtl_0|altsyncram_o4d1:auto_generated|altsyncram_rng1:altsyncram1|ram_block2a23~porta_address_reg0 ; u_ov7670_lcm_wall_core|u0|altpll_component|pll|clk[0] ; u_ov7670_lcm_wall_core|u0|altpll_component|pll|clk[0] ; 54.285       ; 0.042      ; 23.659     ;
; 30.671 ; ov7670_lcm_wall_core:u_ov7670_lcm_wall_core|H_Cont[4] ; ov7670_lcm_wall_core:u_ov7670_lcm_wall_core|altsyncram:frame_buf_rtl_0|altsyncram_o4d1:auto_generated|altsyncram_rng1:altsyncram1|ram_block2a32~porta_address_reg0 ; u_ov7670_lcm_wall_core|u0|altpll_component|pll|clk[0] ; u_ov7670_lcm_wall_core|u0|altpll_component|pll|clk[0] ; 54.285       ; 0.054      ; 23.633     ;
; 30.680 ; ov7670_lcm_wall_core:u_ov7670_lcm_wall_core|H_Cont[4] ; ov7670_lcm_wall_core:u_ov7670_lcm_wall_core|altsyncram:frame_buf_rtl_0|altsyncram_o4d1:auto_generated|altsyncram_rng1:altsyncram1|ram_block2a7~porta_address_reg0  ; u_ov7670_lcm_wall_core|u0|altpll_component|pll|clk[0] ; u_ov7670_lcm_wall_core|u0|altpll_component|pll|clk[0] ; 54.285       ; 0.049      ; 23.619     ;
; 30.680 ; ov7670_lcm_wall_core:u_ov7670_lcm_wall_core|H_Cont[4] ; ov7670_lcm_wall_core:u_ov7670_lcm_wall_core|altsyncram:frame_buf_rtl_0|altsyncram_o4d1:auto_generated|altsyncram_rng1:altsyncram1|ram_block2a19~porta_address_reg0 ; u_ov7670_lcm_wall_core|u0|altpll_component|pll|clk[0] ; u_ov7670_lcm_wall_core|u0|altpll_component|pll|clk[0] ; 54.285       ; 0.035      ; 23.605     ;
; 30.702 ; ov7670_lcm_wall_core:u_ov7670_lcm_wall_core|H_Cont[2] ; ov7670_lcm_wall_core:u_ov7670_lcm_wall_core|altsyncram:frame_buf_rtl_0|altsyncram_o4d1:auto_generated|altsyncram_rng1:altsyncram1|ram_block2a23~porta_address_reg0 ; u_ov7670_lcm_wall_core|u0|altpll_component|pll|clk[0] ; u_ov7670_lcm_wall_core|u0|altpll_component|pll|clk[0] ; 54.285       ; 0.042      ; 23.590     ;
; 30.751 ; ov7670_lcm_wall_core:u_ov7670_lcm_wall_core|H_Cont[0] ; ov7670_lcm_wall_core:u_ov7670_lcm_wall_core|altsyncram:frame_buf_rtl_0|altsyncram_o4d1:auto_generated|altsyncram_rng1:altsyncram1|ram_block2a29~porta_address_reg0 ; u_ov7670_lcm_wall_core|u0|altpll_component|pll|clk[0] ; u_ov7670_lcm_wall_core|u0|altpll_component|pll|clk[0] ; 54.285       ; 0.038      ; 23.537     ;
; 30.752 ; ov7670_lcm_wall_core:u_ov7670_lcm_wall_core|H_Cont[5] ; ov7670_lcm_wall_core:u_ov7670_lcm_wall_core|altsyncram:frame_buf_rtl_0|altsyncram_o4d1:auto_generated|altsyncram_rng1:altsyncram1|ram_block2a32~porta_address_reg0 ; u_ov7670_lcm_wall_core|u0|altpll_component|pll|clk[0] ; u_ov7670_lcm_wall_core|u0|altpll_component|pll|clk[0] ; 54.285       ; 0.054      ; 23.552     ;
; 30.761 ; ov7670_lcm_wall_core:u_ov7670_lcm_wall_core|H_Cont[5] ; ov7670_lcm_wall_core:u_ov7670_lcm_wall_core|altsyncram:frame_buf_rtl_0|altsyncram_o4d1:auto_generated|altsyncram_rng1:altsyncram1|ram_block2a7~porta_address_reg0  ; u_ov7670_lcm_wall_core|u0|altpll_component|pll|clk[0] ; u_ov7670_lcm_wall_core|u0|altpll_component|pll|clk[0] ; 54.285       ; 0.049      ; 23.538     ;
; 30.761 ; ov7670_lcm_wall_core:u_ov7670_lcm_wall_core|H_Cont[5] ; ov7670_lcm_wall_core:u_ov7670_lcm_wall_core|altsyncram:frame_buf_rtl_0|altsyncram_o4d1:auto_generated|altsyncram_rng1:altsyncram1|ram_block2a19~porta_address_reg0 ; u_ov7670_lcm_wall_core|u0|altpll_component|pll|clk[0] ; u_ov7670_lcm_wall_core|u0|altpll_component|pll|clk[0] ; 54.285       ; 0.035      ; 23.524     ;
; 30.776 ; ov7670_lcm_wall_core:u_ov7670_lcm_wall_core|H_Cont[1] ; ov7670_lcm_wall_core:u_ov7670_lcm_wall_core|altsyncram:frame_buf_rtl_0|altsyncram_o4d1:auto_generated|altsyncram_rng1:altsyncram1|ram_block2a13~porta_address_reg0 ; u_ov7670_lcm_wall_core|u0|altpll_component|pll|clk[0] ; u_ov7670_lcm_wall_core|u0|altpll_component|pll|clk[0] ; 54.285       ; 0.017      ; 23.491     ;
; 30.776 ; ov7670_lcm_wall_core:u_ov7670_lcm_wall_core|H_Cont[0] ; ov7670_lcm_wall_core:u_ov7670_lcm_wall_core|altsyncram:frame_buf_rtl_0|altsyncram_o4d1:auto_generated|altsyncram_rng1:altsyncram1|ram_block2a39~porta_address_reg0 ; u_ov7670_lcm_wall_core|u0|altpll_component|pll|clk[0] ; u_ov7670_lcm_wall_core|u0|altpll_component|pll|clk[0] ; 54.285       ; 0.058      ; 23.532     ;
; 30.777 ; ov7670_lcm_wall_core:u_ov7670_lcm_wall_core|H_Cont[1] ; ov7670_lcm_wall_core:u_ov7670_lcm_wall_core|altsyncram:frame_buf_rtl_0|altsyncram_o4d1:auto_generated|altsyncram_rng1:altsyncram1|ram_block2a27~porta_address_reg0 ; u_ov7670_lcm_wall_core|u0|altpll_component|pll|clk[0] ; u_ov7670_lcm_wall_core|u0|altpll_component|pll|clk[0] ; 54.285       ; 0.040      ; 23.513     ;
; 30.780 ; ov7670_lcm_wall_core:u_ov7670_lcm_wall_core|H_Cont[1] ; ov7670_lcm_wall_core:u_ov7670_lcm_wall_core|altsyncram:frame_buf_rtl_0|altsyncram_o4d1:auto_generated|altsyncram_rng1:altsyncram1|ram_block2a25~porta_address_reg0 ; u_ov7670_lcm_wall_core|u0|altpll_component|pll|clk[0] ; u_ov7670_lcm_wall_core|u0|altpll_component|pll|clk[0] ; 54.285       ; 0.046      ; 23.516     ;
; 30.782 ; ov7670_lcm_wall_core:u_ov7670_lcm_wall_core|H_Cont[1] ; ov7670_lcm_wall_core:u_ov7670_lcm_wall_core|altsyncram:frame_buf_rtl_0|altsyncram_o4d1:auto_generated|altsyncram_rng1:altsyncram1|ram_block2a22~porta_address_reg0 ; u_ov7670_lcm_wall_core|u0|altpll_component|pll|clk[0] ; u_ov7670_lcm_wall_core|u0|altpll_component|pll|clk[0] ; 54.285       ; 0.026      ; 23.494     ;
; 30.798 ; ov7670_lcm_wall_core:u_ov7670_lcm_wall_core|H_Cont[1] ; ov7670_lcm_wall_core:u_ov7670_lcm_wall_core|altsyncram:frame_buf_rtl_0|altsyncram_o4d1:auto_generated|altsyncram_rng1:altsyncram1|ram_block2a31~porta_address_reg0 ; u_ov7670_lcm_wall_core|u0|altpll_component|pll|clk[0] ; u_ov7670_lcm_wall_core|u0|altpll_component|pll|clk[0] ; 54.285       ; 0.049      ; 23.501     ;
; 30.798 ; ov7670_lcm_wall_core:u_ov7670_lcm_wall_core|H_Cont[0] ; ov7670_lcm_wall_core:u_ov7670_lcm_wall_core|altsyncram:frame_buf_rtl_0|altsyncram_o4d1:auto_generated|altsyncram_rng1:altsyncram1|ram_block2a5~porta_address_reg0  ; u_ov7670_lcm_wall_core|u0|altpll_component|pll|clk[0] ; u_ov7670_lcm_wall_core|u0|altpll_component|pll|clk[0] ; 54.285       ; 0.061      ; 23.513     ;
; 30.798 ; ov7670_lcm_wall_core:u_ov7670_lcm_wall_core|H_Cont[0] ; ov7670_lcm_wall_core:u_ov7670_lcm_wall_core|altsyncram:frame_buf_rtl_0|altsyncram_o4d1:auto_generated|altsyncram_rng1:altsyncram1|ram_block2a35~porta_address_reg0 ; u_ov7670_lcm_wall_core|u0|altpll_component|pll|clk[0] ; u_ov7670_lcm_wall_core|u0|altpll_component|pll|clk[0] ; 54.285       ; 0.064      ; 23.516     ;
; 30.802 ; ov7670_lcm_wall_core:u_ov7670_lcm_wall_core|H_Cont[9] ; ov7670_lcm_wall_core:u_ov7670_lcm_wall_core|altsyncram:frame_buf_rtl_0|altsyncram_o4d1:auto_generated|altsyncram_rng1:altsyncram1|ram_block2a32~porta_address_reg0 ; u_ov7670_lcm_wall_core|u0|altpll_component|pll|clk[0] ; u_ov7670_lcm_wall_core|u0|altpll_component|pll|clk[0] ; 54.285       ; 0.054      ; 23.502     ;
; 30.805 ; ov7670_lcm_wall_core:u_ov7670_lcm_wall_core|H_Cont[1] ; ov7670_lcm_wall_core:u_ov7670_lcm_wall_core|altsyncram:frame_buf_rtl_0|altsyncram_o4d1:auto_generated|altsyncram_rng1:altsyncram1|ram_block2a26~porta_address_reg0 ; u_ov7670_lcm_wall_core|u0|altpll_component|pll|clk[0] ; u_ov7670_lcm_wall_core|u0|altpll_component|pll|clk[0] ; 54.285       ; 0.052      ; 23.497     ;
; 30.811 ; ov7670_lcm_wall_core:u_ov7670_lcm_wall_core|H_Cont[9] ; ov7670_lcm_wall_core:u_ov7670_lcm_wall_core|altsyncram:frame_buf_rtl_0|altsyncram_o4d1:auto_generated|altsyncram_rng1:altsyncram1|ram_block2a7~porta_address_reg0  ; u_ov7670_lcm_wall_core|u0|altpll_component|pll|clk[0] ; u_ov7670_lcm_wall_core|u0|altpll_component|pll|clk[0] ; 54.285       ; 0.049      ; 23.488     ;
; 30.811 ; ov7670_lcm_wall_core:u_ov7670_lcm_wall_core|H_Cont[9] ; ov7670_lcm_wall_core:u_ov7670_lcm_wall_core|altsyncram:frame_buf_rtl_0|altsyncram_o4d1:auto_generated|altsyncram_rng1:altsyncram1|ram_block2a19~porta_address_reg0 ; u_ov7670_lcm_wall_core|u0|altpll_component|pll|clk[0] ; u_ov7670_lcm_wall_core|u0|altpll_component|pll|clk[0] ; 54.285       ; 0.035      ; 23.474     ;
; 30.819 ; ov7670_lcm_wall_core:u_ov7670_lcm_wall_core|H_Cont[3] ; ov7670_lcm_wall_core:u_ov7670_lcm_wall_core|altsyncram:frame_buf_rtl_0|altsyncram_o4d1:auto_generated|altsyncram_rng1:altsyncram1|ram_block2a21~porta_address_reg0 ; u_ov7670_lcm_wall_core|u0|altpll_component|pll|clk[0] ; u_ov7670_lcm_wall_core|u0|altpll_component|pll|clk[0] ; 54.285       ; 0.025      ; 23.456     ;
; 30.820 ; ov7670_lcm_wall_core:u_ov7670_lcm_wall_core|H_Cont[2] ; ov7670_lcm_wall_core:u_ov7670_lcm_wall_core|altsyncram:frame_buf_rtl_0|altsyncram_o4d1:auto_generated|altsyncram_rng1:altsyncram1|ram_block2a29~porta_address_reg0 ; u_ov7670_lcm_wall_core|u0|altpll_component|pll|clk[0] ; u_ov7670_lcm_wall_core|u0|altpll_component|pll|clk[0] ; 54.285       ; 0.038      ; 23.468     ;
; 30.845 ; ov7670_lcm_wall_core:u_ov7670_lcm_wall_core|H_Cont[2] ; ov7670_lcm_wall_core:u_ov7670_lcm_wall_core|altsyncram:frame_buf_rtl_0|altsyncram_o4d1:auto_generated|altsyncram_rng1:altsyncram1|ram_block2a39~porta_address_reg0 ; u_ov7670_lcm_wall_core|u0|altpll_component|pll|clk[0] ; u_ov7670_lcm_wall_core|u0|altpll_component|pll|clk[0] ; 54.285       ; 0.058      ; 23.463     ;
; 30.851 ; ov7670_lcm_wall_core:u_ov7670_lcm_wall_core|H_Cont[1] ; ov7670_lcm_wall_core:u_ov7670_lcm_wall_core|altsyncram:frame_buf_rtl_0|altsyncram_o4d1:auto_generated|altsyncram_rng1:altsyncram1|ram_block2a30~porta_address_reg0 ; u_ov7670_lcm_wall_core|u0|altpll_component|pll|clk[0] ; u_ov7670_lcm_wall_core|u0|altpll_component|pll|clk[0] ; 54.285       ; 0.035      ; 23.434     ;
; 30.854 ; ov7670_lcm_wall_core:u_ov7670_lcm_wall_core|H_Cont[1] ; ov7670_lcm_wall_core:u_ov7670_lcm_wall_core|altsyncram:frame_buf_rtl_0|altsyncram_o4d1:auto_generated|altsyncram_rng1:altsyncram1|ram_block2a24~porta_address_reg0 ; u_ov7670_lcm_wall_core|u0|altpll_component|pll|clk[0] ; u_ov7670_lcm_wall_core|u0|altpll_component|pll|clk[0] ; 54.285       ; 0.026      ; 23.422     ;
; 30.856 ; ov7670_lcm_wall_core:u_ov7670_lcm_wall_core|H_Cont[1] ; ov7670_lcm_wall_core:u_ov7670_lcm_wall_core|altsyncram:frame_buf_rtl_0|altsyncram_o4d1:auto_generated|altsyncram_rng1:altsyncram1|ram_block2a28~porta_address_reg0 ; u_ov7670_lcm_wall_core|u0|altpll_component|pll|clk[0] ; u_ov7670_lcm_wall_core|u0|altpll_component|pll|clk[0] ; 54.285       ; 0.032      ; 23.426     ;
; 30.856 ; ov7670_lcm_wall_core:u_ov7670_lcm_wall_core|H_Cont[6] ; ov7670_lcm_wall_core:u_ov7670_lcm_wall_core|altsyncram:frame_buf_rtl_0|altsyncram_o4d1:auto_generated|altsyncram_rng1:altsyncram1|ram_block2a32~porta_address_reg0 ; u_ov7670_lcm_wall_core|u0|altpll_component|pll|clk[0] ; u_ov7670_lcm_wall_core|u0|altpll_component|pll|clk[0] ; 54.285       ; 0.054      ; 23.448     ;
; 30.857 ; ov7670_lcm_wall_core:u_ov7670_lcm_wall_core|H_Cont[7] ; ov7670_lcm_wall_core:u_ov7670_lcm_wall_core|altsyncram:frame_buf_rtl_0|altsyncram_o4d1:auto_generated|altsyncram_rng1:altsyncram1|ram_block2a32~porta_address_reg0 ; u_ov7670_lcm_wall_core|u0|altpll_component|pll|clk[0] ; u_ov7670_lcm_wall_core|u0|altpll_component|pll|clk[0] ; 54.285       ; 0.054      ; 23.447     ;
; 30.859 ; ov7670_lcm_wall_core:u_ov7670_lcm_wall_core|H_Cont[1] ; ov7670_lcm_wall_core:u_ov7670_lcm_wall_core|altsyncram:frame_buf_rtl_0|altsyncram_o4d1:auto_generated|altsyncram_rng1:altsyncram1|ram_block2a11~porta_address_reg0 ; u_ov7670_lcm_wall_core|u0|altpll_component|pll|clk[0] ; u_ov7670_lcm_wall_core|u0|altpll_component|pll|clk[0] ; 54.285       ; 0.028      ; 23.419     ;
; 30.865 ; ov7670_lcm_wall_core:u_ov7670_lcm_wall_core|H_Cont[6] ; ov7670_lcm_wall_core:u_ov7670_lcm_wall_core|altsyncram:frame_buf_rtl_0|altsyncram_o4d1:auto_generated|altsyncram_rng1:altsyncram1|ram_block2a7~porta_address_reg0  ; u_ov7670_lcm_wall_core|u0|altpll_component|pll|clk[0] ; u_ov7670_lcm_wall_core|u0|altpll_component|pll|clk[0] ; 54.285       ; 0.049      ; 23.434     ;
; 30.865 ; ov7670_lcm_wall_core:u_ov7670_lcm_wall_core|H_Cont[6] ; ov7670_lcm_wall_core:u_ov7670_lcm_wall_core|altsyncram:frame_buf_rtl_0|altsyncram_o4d1:auto_generated|altsyncram_rng1:altsyncram1|ram_block2a19~porta_address_reg0 ; u_ov7670_lcm_wall_core|u0|altpll_component|pll|clk[0] ; u_ov7670_lcm_wall_core|u0|altpll_component|pll|clk[0] ; 54.285       ; 0.035      ; 23.420     ;
; 30.866 ; ov7670_lcm_wall_core:u_ov7670_lcm_wall_core|H_Cont[1] ; ov7670_lcm_wall_core:u_ov7670_lcm_wall_core|altsyncram:frame_buf_rtl_0|altsyncram_o4d1:auto_generated|altsyncram_rng1:altsyncram1|ram_block2a18~porta_address_reg0 ; u_ov7670_lcm_wall_core|u0|altpll_component|pll|clk[0] ; u_ov7670_lcm_wall_core|u0|altpll_component|pll|clk[0] ; 54.285       ; 0.034      ; 23.418     ;
; 30.866 ; ov7670_lcm_wall_core:u_ov7670_lcm_wall_core|H_Cont[7] ; ov7670_lcm_wall_core:u_ov7670_lcm_wall_core|altsyncram:frame_buf_rtl_0|altsyncram_o4d1:auto_generated|altsyncram_rng1:altsyncram1|ram_block2a7~porta_address_reg0  ; u_ov7670_lcm_wall_core|u0|altpll_component|pll|clk[0] ; u_ov7670_lcm_wall_core|u0|altpll_component|pll|clk[0] ; 54.285       ; 0.049      ; 23.433     ;
; 30.866 ; ov7670_lcm_wall_core:u_ov7670_lcm_wall_core|H_Cont[7] ; ov7670_lcm_wall_core:u_ov7670_lcm_wall_core|altsyncram:frame_buf_rtl_0|altsyncram_o4d1:auto_generated|altsyncram_rng1:altsyncram1|ram_block2a19~porta_address_reg0 ; u_ov7670_lcm_wall_core|u0|altpll_component|pll|clk[0] ; u_ov7670_lcm_wall_core|u0|altpll_component|pll|clk[0] ; 54.285       ; 0.035      ; 23.419     ;
; 30.867 ; ov7670_lcm_wall_core:u_ov7670_lcm_wall_core|H_Cont[1] ; ov7670_lcm_wall_core:u_ov7670_lcm_wall_core|altsyncram:frame_buf_rtl_0|altsyncram_o4d1:auto_generated|altsyncram_rng1:altsyncram1|ram_block2a1~porta_address_reg1  ; u_ov7670_lcm_wall_core|u0|altpll_component|pll|clk[0] ; u_ov7670_lcm_wall_core|u0|altpll_component|pll|clk[0] ; 54.285       ; 0.060      ; 23.443     ;
; 30.867 ; ov7670_lcm_wall_core:u_ov7670_lcm_wall_core|H_Cont[2] ; ov7670_lcm_wall_core:u_ov7670_lcm_wall_core|altsyncram:frame_buf_rtl_0|altsyncram_o4d1:auto_generated|altsyncram_rng1:altsyncram1|ram_block2a5~porta_address_reg0  ; u_ov7670_lcm_wall_core|u0|altpll_component|pll|clk[0] ; u_ov7670_lcm_wall_core|u0|altpll_component|pll|clk[0] ; 54.285       ; 0.061      ; 23.444     ;
; 30.867 ; ov7670_lcm_wall_core:u_ov7670_lcm_wall_core|H_Cont[2] ; ov7670_lcm_wall_core:u_ov7670_lcm_wall_core|altsyncram:frame_buf_rtl_0|altsyncram_o4d1:auto_generated|altsyncram_rng1:altsyncram1|ram_block2a35~porta_address_reg0 ; u_ov7670_lcm_wall_core|u0|altpll_component|pll|clk[0] ; u_ov7670_lcm_wall_core|u0|altpll_component|pll|clk[0] ; 54.285       ; 0.064      ; 23.447     ;
; 30.874 ; ov7670_lcm_wall_core:u_ov7670_lcm_wall_core|H_Cont[1] ; ov7670_lcm_wall_core:u_ov7670_lcm_wall_core|altsyncram:frame_buf_rtl_0|altsyncram_o4d1:auto_generated|altsyncram_rng1:altsyncram1|ram_block2a16~porta_address_reg0 ; u_ov7670_lcm_wall_core|u0|altpll_component|pll|clk[0] ; u_ov7670_lcm_wall_core|u0|altpll_component|pll|clk[0] ; 54.285       ; 0.020      ; 23.396     ;
; 30.888 ; ov7670_lcm_wall_core:u_ov7670_lcm_wall_core|H_Cont[1] ; ov7670_lcm_wall_core:u_ov7670_lcm_wall_core|altsyncram:frame_buf_rtl_0|altsyncram_o4d1:auto_generated|altsyncram_rng1:altsyncram1|ram_block2a6~porta_address_reg1  ; u_ov7670_lcm_wall_core|u0|altpll_component|pll|clk[0] ; u_ov7670_lcm_wall_core|u0|altpll_component|pll|clk[0] ; 54.285       ; 0.056      ; 23.418     ;
; 30.890 ; ov7670_lcm_wall_core:u_ov7670_lcm_wall_core|H_Cont[4] ; ov7670_lcm_wall_core:u_ov7670_lcm_wall_core|altsyncram:frame_buf_rtl_0|altsyncram_o4d1:auto_generated|altsyncram_rng1:altsyncram1|ram_block2a21~porta_address_reg0 ; u_ov7670_lcm_wall_core|u0|altpll_component|pll|clk[0] ; u_ov7670_lcm_wall_core|u0|altpll_component|pll|clk[0] ; 54.285       ; 0.025      ; 23.385     ;
; 30.897 ; ov7670_lcm_wall_core:u_ov7670_lcm_wall_core|H_Cont[3] ; ov7670_lcm_wall_core:u_ov7670_lcm_wall_core|altsyncram:frame_buf_rtl_0|altsyncram_o4d1:auto_generated|altsyncram_rng1:altsyncram1|ram_block2a23~porta_address_reg0 ; u_ov7670_lcm_wall_core|u0|altpll_component|pll|clk[0] ; u_ov7670_lcm_wall_core|u0|altpll_component|pll|clk[0] ; 54.285       ; 0.042      ; 23.395     ;
; 30.900 ; ov7670_lcm_wall_core:u_ov7670_lcm_wall_core|H_Cont[1] ; ov7670_lcm_wall_core:u_ov7670_lcm_wall_core|altsyncram:frame_buf_rtl_0|altsyncram_o4d1:auto_generated|altsyncram_rng1:altsyncram1|ram_block2a10~porta_address_reg1 ; u_ov7670_lcm_wall_core|u0|altpll_component|pll|clk[0] ; u_ov7670_lcm_wall_core|u0|altpll_component|pll|clk[0] ; 54.285       ; 0.051      ; 23.401     ;
; 30.933 ; ov7670_lcm_wall_core:u_ov7670_lcm_wall_core|H_Cont[1] ; ov7670_lcm_wall_core:u_ov7670_lcm_wall_core|altsyncram:frame_buf_rtl_0|altsyncram_o4d1:auto_generated|altsyncram_rng1:altsyncram1|ram_block2a12~porta_address_reg0 ; u_ov7670_lcm_wall_core|u0|altpll_component|pll|clk[0] ; u_ov7670_lcm_wall_core|u0|altpll_component|pll|clk[0] ; 54.285       ; 0.037      ; 23.354     ;
; 30.947 ; ov7670_lcm_wall_core:u_ov7670_lcm_wall_core|H_Cont[1] ; ov7670_lcm_wall_core:u_ov7670_lcm_wall_core|altsyncram:frame_buf_rtl_0|altsyncram_o4d1:auto_generated|altsyncram_rng1:altsyncram1|ram_block2a14~porta_address_reg0 ; u_ov7670_lcm_wall_core|u0|altpll_component|pll|clk[0] ; u_ov7670_lcm_wall_core|u0|altpll_component|pll|clk[0] ; 54.285       ; 0.045      ; 23.348     ;
; 30.955 ; ov7670_lcm_wall_core:u_ov7670_lcm_wall_core|H_Cont[0] ; ov7670_lcm_wall_core:u_ov7670_lcm_wall_core|altsyncram:frame_buf_rtl_0|altsyncram_o4d1:auto_generated|altsyncram_rng1:altsyncram1|ram_block2a13~porta_address_reg0 ; u_ov7670_lcm_wall_core|u0|altpll_component|pll|clk[0] ; u_ov7670_lcm_wall_core|u0|altpll_component|pll|clk[0] ; 54.285       ; 0.017      ; 23.312     ;
; 30.956 ; ov7670_lcm_wall_core:u_ov7670_lcm_wall_core|H_Cont[0] ; ov7670_lcm_wall_core:u_ov7670_lcm_wall_core|altsyncram:frame_buf_rtl_0|altsyncram_o4d1:auto_generated|altsyncram_rng1:altsyncram1|ram_block2a27~porta_address_reg0 ; u_ov7670_lcm_wall_core|u0|altpll_component|pll|clk[0] ; u_ov7670_lcm_wall_core|u0|altpll_component|pll|clk[0] ; 54.285       ; 0.040      ; 23.334     ;
; 30.957 ; ov7670_lcm_wall_core:u_ov7670_lcm_wall_core|H_Cont[8] ; ov7670_lcm_wall_core:u_ov7670_lcm_wall_core|altsyncram:frame_buf_rtl_0|altsyncram_o4d1:auto_generated|altsyncram_rng1:altsyncram1|ram_block2a32~porta_address_reg0 ; u_ov7670_lcm_wall_core|u0|altpll_component|pll|clk[0] ; u_ov7670_lcm_wall_core|u0|altpll_component|pll|clk[0] ; 54.285       ; 0.054      ; 23.347     ;
; 30.959 ; ov7670_lcm_wall_core:u_ov7670_lcm_wall_core|H_Cont[0] ; ov7670_lcm_wall_core:u_ov7670_lcm_wall_core|altsyncram:frame_buf_rtl_0|altsyncram_o4d1:auto_generated|altsyncram_rng1:altsyncram1|ram_block2a25~porta_address_reg0 ; u_ov7670_lcm_wall_core|u0|altpll_component|pll|clk[0] ; u_ov7670_lcm_wall_core|u0|altpll_component|pll|clk[0] ; 54.285       ; 0.046      ; 23.337     ;
; 30.961 ; ov7670_lcm_wall_core:u_ov7670_lcm_wall_core|H_Cont[0] ; ov7670_lcm_wall_core:u_ov7670_lcm_wall_core|altsyncram:frame_buf_rtl_0|altsyncram_o4d1:auto_generated|altsyncram_rng1:altsyncram1|ram_block2a22~porta_address_reg0 ; u_ov7670_lcm_wall_core|u0|altpll_component|pll|clk[0] ; u_ov7670_lcm_wall_core|u0|altpll_component|pll|clk[0] ; 54.285       ; 0.026      ; 23.315     ;
; 30.965 ; ov7670_lcm_wall_core:u_ov7670_lcm_wall_core|H_Cont[1] ; ov7670_lcm_wall_core:u_ov7670_lcm_wall_core|altsyncram:frame_buf_rtl_0|altsyncram_o4d1:auto_generated|altsyncram_rng1:altsyncram1|ram_block2a10~porta_address_reg0 ; u_ov7670_lcm_wall_core|u0|altpll_component|pll|clk[0] ; u_ov7670_lcm_wall_core|u0|altpll_component|pll|clk[0] ; 54.285       ; 0.051      ; 23.336     ;
; 30.966 ; ov7670_lcm_wall_core:u_ov7670_lcm_wall_core|H_Cont[8] ; ov7670_lcm_wall_core:u_ov7670_lcm_wall_core|altsyncram:frame_buf_rtl_0|altsyncram_o4d1:auto_generated|altsyncram_rng1:altsyncram1|ram_block2a7~porta_address_reg0  ; u_ov7670_lcm_wall_core|u0|altpll_component|pll|clk[0] ; u_ov7670_lcm_wall_core|u0|altpll_component|pll|clk[0] ; 54.285       ; 0.049      ; 23.333     ;
; 30.966 ; ov7670_lcm_wall_core:u_ov7670_lcm_wall_core|H_Cont[8] ; ov7670_lcm_wall_core:u_ov7670_lcm_wall_core|altsyncram:frame_buf_rtl_0|altsyncram_o4d1:auto_generated|altsyncram_rng1:altsyncram1|ram_block2a19~porta_address_reg0 ; u_ov7670_lcm_wall_core|u0|altpll_component|pll|clk[0] ; u_ov7670_lcm_wall_core|u0|altpll_component|pll|clk[0] ; 54.285       ; 0.035      ; 23.319     ;
; 30.968 ; ov7670_lcm_wall_core:u_ov7670_lcm_wall_core|H_Cont[4] ; ov7670_lcm_wall_core:u_ov7670_lcm_wall_core|altsyncram:frame_buf_rtl_0|altsyncram_o4d1:auto_generated|altsyncram_rng1:altsyncram1|ram_block2a23~porta_address_reg0 ; u_ov7670_lcm_wall_core|u0|altpll_component|pll|clk[0] ; u_ov7670_lcm_wall_core|u0|altpll_component|pll|clk[0] ; 54.285       ; 0.042      ; 23.324     ;
; 30.971 ; ov7670_lcm_wall_core:u_ov7670_lcm_wall_core|H_Cont[5] ; ov7670_lcm_wall_core:u_ov7670_lcm_wall_core|altsyncram:frame_buf_rtl_0|altsyncram_o4d1:auto_generated|altsyncram_rng1:altsyncram1|ram_block2a21~porta_address_reg0 ; u_ov7670_lcm_wall_core|u0|altpll_component|pll|clk[0] ; u_ov7670_lcm_wall_core|u0|altpll_component|pll|clk[0] ; 54.285       ; 0.025      ; 23.304     ;
; 30.977 ; ov7670_lcm_wall_core:u_ov7670_lcm_wall_core|H_Cont[0] ; ov7670_lcm_wall_core:u_ov7670_lcm_wall_core|altsyncram:frame_buf_rtl_0|altsyncram_o4d1:auto_generated|altsyncram_rng1:altsyncram1|ram_block2a31~porta_address_reg0 ; u_ov7670_lcm_wall_core|u0|altpll_component|pll|clk[0] ; u_ov7670_lcm_wall_core|u0|altpll_component|pll|clk[0] ; 54.285       ; 0.049      ; 23.322     ;
; 30.984 ; ov7670_lcm_wall_core:u_ov7670_lcm_wall_core|H_Cont[0] ; ov7670_lcm_wall_core:u_ov7670_lcm_wall_core|altsyncram:frame_buf_rtl_0|altsyncram_o4d1:auto_generated|altsyncram_rng1:altsyncram1|ram_block2a26~porta_address_reg0 ; u_ov7670_lcm_wall_core|u0|altpll_component|pll|clk[0] ; u_ov7670_lcm_wall_core|u0|altpll_component|pll|clk[0] ; 54.285       ; 0.052      ; 23.318     ;
; 31.015 ; ov7670_lcm_wall_core:u_ov7670_lcm_wall_core|H_Cont[3] ; ov7670_lcm_wall_core:u_ov7670_lcm_wall_core|altsyncram:frame_buf_rtl_0|altsyncram_o4d1:auto_generated|altsyncram_rng1:altsyncram1|ram_block2a29~porta_address_reg0 ; u_ov7670_lcm_wall_core|u0|altpll_component|pll|clk[0] ; u_ov7670_lcm_wall_core|u0|altpll_component|pll|clk[0] ; 54.285       ; 0.038      ; 23.273     ;
; 31.021 ; ov7670_lcm_wall_core:u_ov7670_lcm_wall_core|H_Cont[9] ; ov7670_lcm_wall_core:u_ov7670_lcm_wall_core|altsyncram:frame_buf_rtl_0|altsyncram_o4d1:auto_generated|altsyncram_rng1:altsyncram1|ram_block2a21~porta_address_reg0 ; u_ov7670_lcm_wall_core|u0|altpll_component|pll|clk[0] ; u_ov7670_lcm_wall_core|u0|altpll_component|pll|clk[0] ; 54.285       ; 0.025      ; 23.254     ;
; 31.024 ; ov7670_lcm_wall_core:u_ov7670_lcm_wall_core|H_Cont[2] ; ov7670_lcm_wall_core:u_ov7670_lcm_wall_core|altsyncram:frame_buf_rtl_0|altsyncram_o4d1:auto_generated|altsyncram_rng1:altsyncram1|ram_block2a13~porta_address_reg0 ; u_ov7670_lcm_wall_core|u0|altpll_component|pll|clk[0] ; u_ov7670_lcm_wall_core|u0|altpll_component|pll|clk[0] ; 54.285       ; 0.017      ; 23.243     ;
; 31.025 ; ov7670_lcm_wall_core:u_ov7670_lcm_wall_core|H_Cont[2] ; ov7670_lcm_wall_core:u_ov7670_lcm_wall_core|altsyncram:frame_buf_rtl_0|altsyncram_o4d1:auto_generated|altsyncram_rng1:altsyncram1|ram_block2a27~porta_address_reg0 ; u_ov7670_lcm_wall_core|u0|altpll_component|pll|clk[0] ; u_ov7670_lcm_wall_core|u0|altpll_component|pll|clk[0] ; 54.285       ; 0.040      ; 23.265     ;
; 31.028 ; ov7670_lcm_wall_core:u_ov7670_lcm_wall_core|H_Cont[2] ; ov7670_lcm_wall_core:u_ov7670_lcm_wall_core|altsyncram:frame_buf_rtl_0|altsyncram_o4d1:auto_generated|altsyncram_rng1:altsyncram1|ram_block2a25~porta_address_reg0 ; u_ov7670_lcm_wall_core|u0|altpll_component|pll|clk[0] ; u_ov7670_lcm_wall_core|u0|altpll_component|pll|clk[0] ; 54.285       ; 0.046      ; 23.268     ;
; 31.030 ; ov7670_lcm_wall_core:u_ov7670_lcm_wall_core|H_Cont[2] ; ov7670_lcm_wall_core:u_ov7670_lcm_wall_core|altsyncram:frame_buf_rtl_0|altsyncram_o4d1:auto_generated|altsyncram_rng1:altsyncram1|ram_block2a22~porta_address_reg0 ; u_ov7670_lcm_wall_core|u0|altpll_component|pll|clk[0] ; u_ov7670_lcm_wall_core|u0|altpll_component|pll|clk[0] ; 54.285       ; 0.026      ; 23.246     ;
; 31.030 ; ov7670_lcm_wall_core:u_ov7670_lcm_wall_core|H_Cont[0] ; ov7670_lcm_wall_core:u_ov7670_lcm_wall_core|altsyncram:frame_buf_rtl_0|altsyncram_o4d1:auto_generated|altsyncram_rng1:altsyncram1|ram_block2a30~porta_address_reg0 ; u_ov7670_lcm_wall_core|u0|altpll_component|pll|clk[0] ; u_ov7670_lcm_wall_core|u0|altpll_component|pll|clk[0] ; 54.285       ; 0.035      ; 23.255     ;
; 31.033 ; ov7670_lcm_wall_core:u_ov7670_lcm_wall_core|H_Cont[0] ; ov7670_lcm_wall_core:u_ov7670_lcm_wall_core|altsyncram:frame_buf_rtl_0|altsyncram_o4d1:auto_generated|altsyncram_rng1:altsyncram1|ram_block2a24~porta_address_reg0 ; u_ov7670_lcm_wall_core|u0|altpll_component|pll|clk[0] ; u_ov7670_lcm_wall_core|u0|altpll_component|pll|clk[0] ; 54.285       ; 0.026      ; 23.243     ;
; 31.035 ; ov7670_lcm_wall_core:u_ov7670_lcm_wall_core|H_Cont[0] ; ov7670_lcm_wall_core:u_ov7670_lcm_wall_core|altsyncram:frame_buf_rtl_0|altsyncram_o4d1:auto_generated|altsyncram_rng1:altsyncram1|ram_block2a28~porta_address_reg0 ; u_ov7670_lcm_wall_core|u0|altpll_component|pll|clk[0] ; u_ov7670_lcm_wall_core|u0|altpll_component|pll|clk[0] ; 54.285       ; 0.032      ; 23.247     ;
; 31.038 ; ov7670_lcm_wall_core:u_ov7670_lcm_wall_core|H_Cont[0] ; ov7670_lcm_wall_core:u_ov7670_lcm_wall_core|altsyncram:frame_buf_rtl_0|altsyncram_o4d1:auto_generated|altsyncram_rng1:altsyncram1|ram_block2a11~porta_address_reg0 ; u_ov7670_lcm_wall_core|u0|altpll_component|pll|clk[0] ; u_ov7670_lcm_wall_core|u0|altpll_component|pll|clk[0] ; 54.285       ; 0.028      ; 23.240     ;
; 31.040 ; ov7670_lcm_wall_core:u_ov7670_lcm_wall_core|H_Cont[3] ; ov7670_lcm_wall_core:u_ov7670_lcm_wall_core|altsyncram:frame_buf_rtl_0|altsyncram_o4d1:auto_generated|altsyncram_rng1:altsyncram1|ram_block2a39~porta_address_reg0 ; u_ov7670_lcm_wall_core|u0|altpll_component|pll|clk[0] ; u_ov7670_lcm_wall_core|u0|altpll_component|pll|clk[0] ; 54.285       ; 0.058      ; 23.268     ;
; 31.045 ; ov7670_lcm_wall_core:u_ov7670_lcm_wall_core|H_Cont[0] ; ov7670_lcm_wall_core:u_ov7670_lcm_wall_core|altsyncram:frame_buf_rtl_0|altsyncram_o4d1:auto_generated|altsyncram_rng1:altsyncram1|ram_block2a18~porta_address_reg0 ; u_ov7670_lcm_wall_core|u0|altpll_component|pll|clk[0] ; u_ov7670_lcm_wall_core|u0|altpll_component|pll|clk[0] ; 54.285       ; 0.034      ; 23.239     ;
; 31.046 ; ov7670_lcm_wall_core:u_ov7670_lcm_wall_core|H_Cont[2] ; ov7670_lcm_wall_core:u_ov7670_lcm_wall_core|altsyncram:frame_buf_rtl_0|altsyncram_o4d1:auto_generated|altsyncram_rng1:altsyncram1|ram_block2a31~porta_address_reg0 ; u_ov7670_lcm_wall_core|u0|altpll_component|pll|clk[0] ; u_ov7670_lcm_wall_core|u0|altpll_component|pll|clk[0] ; 54.285       ; 0.049      ; 23.253     ;
; 31.046 ; ov7670_lcm_wall_core:u_ov7670_lcm_wall_core|H_Cont[0] ; ov7670_lcm_wall_core:u_ov7670_lcm_wall_core|altsyncram:frame_buf_rtl_0|altsyncram_o4d1:auto_generated|altsyncram_rng1:altsyncram1|ram_block2a1~porta_address_reg1  ; u_ov7670_lcm_wall_core|u0|altpll_component|pll|clk[0] ; u_ov7670_lcm_wall_core|u0|altpll_component|pll|clk[0] ; 54.285       ; 0.060      ; 23.264     ;
; 31.049 ; ov7670_lcm_wall_core:u_ov7670_lcm_wall_core|H_Cont[5] ; ov7670_lcm_wall_core:u_ov7670_lcm_wall_core|altsyncram:frame_buf_rtl_0|altsyncram_o4d1:auto_generated|altsyncram_rng1:altsyncram1|ram_block2a23~porta_address_reg0 ; u_ov7670_lcm_wall_core|u0|altpll_component|pll|clk[0] ; u_ov7670_lcm_wall_core|u0|altpll_component|pll|clk[0] ; 54.285       ; 0.042      ; 23.243     ;
; 31.053 ; ov7670_lcm_wall_core:u_ov7670_lcm_wall_core|H_Cont[2] ; ov7670_lcm_wall_core:u_ov7670_lcm_wall_core|altsyncram:frame_buf_rtl_0|altsyncram_o4d1:auto_generated|altsyncram_rng1:altsyncram1|ram_block2a26~porta_address_reg0 ; u_ov7670_lcm_wall_core|u0|altpll_component|pll|clk[0] ; u_ov7670_lcm_wall_core|u0|altpll_component|pll|clk[0] ; 54.285       ; 0.052      ; 23.249     ;
; 31.053 ; ov7670_lcm_wall_core:u_ov7670_lcm_wall_core|H_Cont[0] ; ov7670_lcm_wall_core:u_ov7670_lcm_wall_core|altsyncram:frame_buf_rtl_0|altsyncram_o4d1:auto_generated|altsyncram_rng1:altsyncram1|ram_block2a16~porta_address_reg0 ; u_ov7670_lcm_wall_core|u0|altpll_component|pll|clk[0] ; u_ov7670_lcm_wall_core|u0|altpll_component|pll|clk[0] ; 54.285       ; 0.020      ; 23.217     ;
; 31.062 ; ov7670_lcm_wall_core:u_ov7670_lcm_wall_core|H_Cont[3] ; ov7670_lcm_wall_core:u_ov7670_lcm_wall_core|altsyncram:frame_buf_rtl_0|altsyncram_o4d1:auto_generated|altsyncram_rng1:altsyncram1|ram_block2a5~porta_address_reg0  ; u_ov7670_lcm_wall_core|u0|altpll_component|pll|clk[0] ; u_ov7670_lcm_wall_core|u0|altpll_component|pll|clk[0] ; 54.285       ; 0.061      ; 23.249     ;
; 31.062 ; ov7670_lcm_wall_core:u_ov7670_lcm_wall_core|H_Cont[3] ; ov7670_lcm_wall_core:u_ov7670_lcm_wall_core|altsyncram:frame_buf_rtl_0|altsyncram_o4d1:auto_generated|altsyncram_rng1:altsyncram1|ram_block2a35~porta_address_reg0 ; u_ov7670_lcm_wall_core|u0|altpll_component|pll|clk[0] ; u_ov7670_lcm_wall_core|u0|altpll_component|pll|clk[0] ; 54.285       ; 0.064      ; 23.252     ;
; 31.067 ; ov7670_lcm_wall_core:u_ov7670_lcm_wall_core|H_Cont[0] ; ov7670_lcm_wall_core:u_ov7670_lcm_wall_core|altsyncram:frame_buf_rtl_0|altsyncram_o4d1:auto_generated|altsyncram_rng1:altsyncram1|ram_block2a6~porta_address_reg1  ; u_ov7670_lcm_wall_core|u0|altpll_component|pll|clk[0] ; u_ov7670_lcm_wall_core|u0|altpll_component|pll|clk[0] ; 54.285       ; 0.056      ; 23.239     ;
; 31.075 ; ov7670_lcm_wall_core:u_ov7670_lcm_wall_core|H_Cont[6] ; ov7670_lcm_wall_core:u_ov7670_lcm_wall_core|altsyncram:frame_buf_rtl_0|altsyncram_o4d1:auto_generated|altsyncram_rng1:altsyncram1|ram_block2a21~porta_address_reg0 ; u_ov7670_lcm_wall_core|u0|altpll_component|pll|clk[0] ; u_ov7670_lcm_wall_core|u0|altpll_component|pll|clk[0] ; 54.285       ; 0.025      ; 23.200     ;
; 31.076 ; ov7670_lcm_wall_core:u_ov7670_lcm_wall_core|H_Cont[7] ; ov7670_lcm_wall_core:u_ov7670_lcm_wall_core|altsyncram:frame_buf_rtl_0|altsyncram_o4d1:auto_generated|altsyncram_rng1:altsyncram1|ram_block2a21~porta_address_reg0 ; u_ov7670_lcm_wall_core|u0|altpll_component|pll|clk[0] ; u_ov7670_lcm_wall_core|u0|altpll_component|pll|clk[0] ; 54.285       ; 0.025      ; 23.199     ;
; 31.079 ; ov7670_lcm_wall_core:u_ov7670_lcm_wall_core|H_Cont[0] ; ov7670_lcm_wall_core:u_ov7670_lcm_wall_core|altsyncram:frame_buf_rtl_0|altsyncram_o4d1:auto_generated|altsyncram_rng1:altsyncram1|ram_block2a10~porta_address_reg1 ; u_ov7670_lcm_wall_core|u0|altpll_component|pll|clk[0] ; u_ov7670_lcm_wall_core|u0|altpll_component|pll|clk[0] ; 54.285       ; 0.051      ; 23.222     ;
+--------+-------------------------------------------------------+--------------------------------------------------------------------------------------------------------------------------------------------------------------------+-------------------------------------------------------+-------------------------------------------------------+--------------+------------+------------+


+-----------------------------------------------------------------------------------------------------------------------------------------------------------------------------------------------------------------------------------------------------------------------------------+
; Slow Model Hold: 'CLOCK_50'                                                                                                                                                                                                                                                       ;
+-------+--------------------------------------------------------------------------------------------------+--------------------------------------------------------------------------------------------------+--------------+-------------+--------------+------------+------------+
; Slack ; From Node                                                                                        ; To Node                                                                                          ; Launch Clock ; Latch Clock ; Relationship ; Clock Skew ; Data Delay ;
+-------+--------------------------------------------------------------------------------------------------+--------------------------------------------------------------------------------------------------+--------------+-------------+--------------+------------+------------+
; 0.391 ; huskylens_sensor_core:u_huskylens_sensor_core|UART_RX:uart_hl_rx|rx_shift[3]                     ; huskylens_sensor_core:u_huskylens_sensor_core|UART_RX:uart_hl_rx|rx_shift[3]                     ; CLOCK_50     ; CLOCK_50    ; 0.000        ; 0.000      ; 0.657      ;
; 0.391 ; huskylens_sensor_core:u_huskylens_sensor_core|UART_RX:uart_hl_rx|rx_shift[7]                     ; huskylens_sensor_core:u_huskylens_sensor_core|UART_RX:uart_hl_rx|rx_shift[7]                     ; CLOCK_50     ; CLOCK_50    ; 0.000        ; 0.000      ; 0.657      ;
; 0.391 ; huskylens_sensor_core:u_huskylens_sensor_core|UART_RX:uart_hl_rx|rx_shift[5]                     ; huskylens_sensor_core:u_huskylens_sensor_core|UART_RX:uart_hl_rx|rx_shift[5]                     ; CLOCK_50     ; CLOCK_50    ; 0.000        ; 0.000      ; 0.657      ;
; 0.391 ; huskylens_sensor_core:u_huskylens_sensor_core|UART_RX:uart_hl_rx|rx_shift[0]                     ; huskylens_sensor_core:u_huskylens_sensor_core|UART_RX:uart_hl_rx|rx_shift[0]                     ; CLOCK_50     ; CLOCK_50    ; 0.000        ; 0.000      ; 0.657      ;
; 0.391 ; huskylens_sensor_core:u_huskylens_sensor_core|UART_RX:uart_hl_rx|rx_shift[4]                     ; huskylens_sensor_core:u_huskylens_sensor_core|UART_RX:uart_hl_rx|rx_shift[4]                     ; CLOCK_50     ; CLOCK_50    ; 0.000        ; 0.000      ; 0.657      ;
; 0.391 ; huskylens_sensor_core:u_huskylens_sensor_core|UART_RX:uart_hl_rx|rx_shift[1]                     ; huskylens_sensor_core:u_huskylens_sensor_core|UART_RX:uart_hl_rx|rx_shift[1]                     ; CLOCK_50     ; CLOCK_50    ; 0.000        ; 0.000      ; 0.657      ;
; 0.391 ; huskylens_sensor_core:u_huskylens_sensor_core|UART_RX:uart_hl_rx|rx_shift[6]                     ; huskylens_sensor_core:u_huskylens_sensor_core|UART_RX:uart_hl_rx|rx_shift[6]                     ; CLOCK_50     ; CLOCK_50    ; 0.000        ; 0.000      ; 0.657      ;
; 0.391 ; huskylens_sensor_core:u_huskylens_sensor_core|UART_RX:uart_hl_rx|rx_shift[2]                     ; huskylens_sensor_core:u_huskylens_sensor_core|UART_RX:uart_hl_rx|rx_shift[2]                     ; CLOCK_50     ; CLOCK_50    ; 0.000        ; 0.000      ; 0.657      ;
; 0.391 ; huskylens_sensor_core:u_huskylens_sensor_core|HL_PARSER:hl_parser|data_idx[0]                    ; huskylens_sensor_core:u_huskylens_sensor_core|HL_PARSER:hl_parser|data_idx[0]                    ; CLOCK_50     ; CLOCK_50    ; 0.000        ; 0.000      ; 0.657      ;
; 0.391 ; huskylens_sensor_core:u_huskylens_sensor_core|HL_PARSER:hl_parser|data_idx[1]                    ; huskylens_sensor_core:u_huskylens_sensor_core|HL_PARSER:hl_parser|data_idx[1]                    ; CLOCK_50     ; CLOCK_50    ; 0.000        ; 0.000      ; 0.657      ;
; 0.391 ; huskylens_sensor_core:u_huskylens_sensor_core|HL_PARSER:hl_parser|data_idx[2]                    ; huskylens_sensor_core:u_huskylens_sensor_core|HL_PARSER:hl_parser|data_idx[2]                    ; CLOCK_50     ; CLOCK_50    ; 0.000        ; 0.000      ; 0.657      ;
; 0.391 ; huskylens_sensor_core:u_huskylens_sensor_core|HL_PARSER:hl_parser|data_idx[3]                    ; huskylens_sensor_core:u_huskylens_sensor_core|HL_PARSER:hl_parser|data_idx[3]                    ; CLOCK_50     ; CLOCK_50    ; 0.000        ; 0.000      ; 0.657      ;
; 0.391 ; huskylens_sensor_core:u_huskylens_sensor_core|HL_PARSER:hl_parser|data_idx[4]                    ; huskylens_sensor_core:u_huskylens_sensor_core|HL_PARSER:hl_parser|data_idx[4]                    ; CLOCK_50     ; CLOCK_50    ; 0.000        ; 0.000      ; 0.657      ;
; 0.391 ; UART_RX:u_cpu_pc_rx|rx_shift[4]                                                                  ; UART_RX:u_cpu_pc_rx|rx_shift[4]                                                                  ; CLOCK_50     ; CLOCK_50    ; 0.000        ; 0.000      ; 0.657      ;
; 0.391 ; UART_RX:u_cpu_pc_rx|rx_shift[3]                                                                  ; UART_RX:u_cpu_pc_rx|rx_shift[3]                                                                  ; CLOCK_50     ; CLOCK_50    ; 0.000        ; 0.000      ; 0.657      ;
; 0.391 ; huskylens_sensor_core:u_huskylens_sensor_core|algo[1]                                            ; huskylens_sensor_core:u_huskylens_sensor_core|algo[1]                                            ; CLOCK_50     ; CLOCK_50    ; 0.000        ; 0.000      ; 0.657      ;
; 0.391 ; UART_RX:u_cpu_pc_rx|rx_shift[2]                                                                  ; UART_RX:u_cpu_pc_rx|rx_shift[2]                                                                  ; CLOCK_50     ; CLOCK_50    ; 0.000        ; 0.000      ; 0.657      ;
; 0.391 ; UART_RX:u_cpu_pc_rx|rx_shift[6]                                                                  ; UART_RX:u_cpu_pc_rx|rx_shift[6]                                                                  ; CLOCK_50     ; CLOCK_50    ; 0.000        ; 0.000      ; 0.657      ;
; 0.391 ; UART_RX:u_cpu_pc_rx|rx_shift[1]                                                                  ; UART_RX:u_cpu_pc_rx|rx_shift[1]                                                                  ; CLOCK_50     ; CLOCK_50    ; 0.000        ; 0.000      ; 0.657      ;
; 0.391 ; huskylens_sensor_core:u_huskylens_sensor_core|TIMER:timer_inst|FLAG                              ; huskylens_sensor_core:u_huskylens_sensor_core|TIMER:timer_inst|FLAG                              ; CLOCK_50     ; CLOCK_50    ; 0.000        ; 0.000      ; 0.657      ;
; 0.391 ; huskylens_sensor_core:u_huskylens_sensor_core|cycle_slot[2]                                      ; huskylens_sensor_core:u_huskylens_sensor_core|cycle_slot[2]                                      ; CLOCK_50     ; CLOCK_50    ; 0.000        ; 0.000      ; 0.657      ;
; 0.391 ; DMEM_MMIO:u_dmem_mmio|hl_no_result_latch                                                         ; DMEM_MMIO:u_dmem_mmio|hl_no_result_latch                                                         ; CLOCK_50     ; CLOCK_50    ; 0.000        ; 0.000      ; 0.657      ;
; 0.391 ; DMEM_MMIO:u_dmem_mmio|hl_valid_latch                                                             ; DMEM_MMIO:u_dmem_mmio|hl_valid_latch                                                             ; CLOCK_50     ; CLOCK_50    ; 0.000        ; 0.000      ; 0.657      ;
; 0.391 ; UART_RX:u_cpu_pc_rx|rx_shift[0]                                                                  ; UART_RX:u_cpu_pc_rx|rx_shift[0]                                                                  ; CLOCK_50     ; CLOCK_50    ; 0.000        ; 0.000      ; 0.657      ;
; 0.391 ; UART_RX:u_cpu_pc_rx|rx_shift[7]                                                                  ; UART_RX:u_cpu_pc_rx|rx_shift[7]                                                                  ; CLOCK_50     ; CLOCK_50    ; 0.000        ; 0.000      ; 0.657      ;
; 0.391 ; UART_RX:u_cpu_pc_rx|rx_shift[5]                                                                  ; UART_RX:u_cpu_pc_rx|rx_shift[5]                                                                  ; CLOCK_50     ; CLOCK_50    ; 0.000        ; 0.000      ; 0.657      ;
; 0.391 ; cpu_pc_activity_toggle                                                                           ; cpu_pc_activity_toggle                                                                           ; CLOCK_50     ; CLOCK_50    ; 0.000        ; 0.000      ; 0.657      ;
; 0.391 ; ov7670_lcm_wall_core:u_ov7670_lcm_wall_core|OV7670_XCLK                                          ; ov7670_lcm_wall_core:u_ov7670_lcm_wall_core|OV7670_XCLK                                          ; CLOCK_50     ; CLOCK_50    ; 0.000        ; 0.000      ; 0.657      ;
; 0.391 ; ov7670_lcm_wall_core:u_ov7670_lcm_wall_core|I2S_LCM_Config:u4|I2S_Controller:u0|mI2S_CLK         ; ov7670_lcm_wall_core:u_ov7670_lcm_wall_core|I2S_LCM_Config:u4|I2S_Controller:u0|mI2S_CLK         ; CLOCK_50     ; CLOCK_50    ; 0.000        ; 0.000      ; 0.657      ;
; 0.391 ; huskylens_sensor_core:u_huskylens_sensor_core|UART_RX:uart_hl_rx|bit_idx[0]                      ; huskylens_sensor_core:u_huskylens_sensor_core|UART_RX:uart_hl_rx|bit_idx[0]                      ; CLOCK_50     ; CLOCK_50    ; 0.000        ; 0.000      ; 0.657      ;
; 0.391 ; huskylens_sensor_core:u_huskylens_sensor_core|UART_RX:uart_hl_rx|bit_idx[1]                      ; huskylens_sensor_core:u_huskylens_sensor_core|UART_RX:uart_hl_rx|bit_idx[1]                      ; CLOCK_50     ; CLOCK_50    ; 0.000        ; 0.000      ; 0.657      ;
; 0.391 ; huskylens_sensor_core:u_huskylens_sensor_core|UART_RX:uart_hl_rx|bit_idx[2]                      ; huskylens_sensor_core:u_huskylens_sensor_core|UART_RX:uart_hl_rx|bit_idx[2]                      ; CLOCK_50     ; CLOCK_50    ; 0.000        ; 0.000      ; 0.657      ;
; 0.391 ; huskylens_sensor_core:u_huskylens_sensor_core|UART_RX:uart_hl_rx|state.DATA_BITS                 ; huskylens_sensor_core:u_huskylens_sensor_core|UART_RX:uart_hl_rx|state.DATA_BITS                 ; CLOCK_50     ; CLOCK_50    ; 0.000        ; 0.000      ; 0.657      ;
; 0.391 ; huskylens_sensor_core:u_huskylens_sensor_core|UART_RX:uart_hl_rx|state.START                     ; huskylens_sensor_core:u_huskylens_sensor_core|UART_RX:uart_hl_rx|state.START                     ; CLOCK_50     ; CLOCK_50    ; 0.000        ; 0.000      ; 0.657      ;
; 0.391 ; huskylens_sensor_core:u_huskylens_sensor_core|UART_RX:uart_hl_rx|state.IDLE                      ; huskylens_sensor_core:u_huskylens_sensor_core|UART_RX:uart_hl_rx|state.IDLE                      ; CLOCK_50     ; CLOCK_50    ; 0.000        ; 0.000      ; 0.657      ;
; 0.391 ; huskylens_sensor_core:u_huskylens_sensor_core|UART_RX:uart_hl_rx|state.STOP                      ; huskylens_sensor_core:u_huskylens_sensor_core|UART_RX:uart_hl_rx|state.STOP                      ; CLOCK_50     ; CLOCK_50    ; 0.000        ; 0.000      ; 0.657      ;
; 0.391 ; UART_RX:u_cpu_pc_rx|bit_idx[0]                                                                   ; UART_RX:u_cpu_pc_rx|bit_idx[0]                                                                   ; CLOCK_50     ; CLOCK_50    ; 0.000        ; 0.000      ; 0.657      ;
; 0.391 ; UART_RX:u_cpu_pc_rx|bit_idx[1]                                                                   ; UART_RX:u_cpu_pc_rx|bit_idx[1]                                                                   ; CLOCK_50     ; CLOCK_50    ; 0.000        ; 0.000      ; 0.657      ;
; 0.391 ; UART_RX:u_cpu_pc_rx|bit_idx[2]                                                                   ; UART_RX:u_cpu_pc_rx|bit_idx[2]                                                                   ; CLOCK_50     ; CLOCK_50    ; 0.000        ; 0.000      ; 0.657      ;
; 0.391 ; UART_RX:u_cpu_pc_rx|state.DATA_BITS                                                              ; UART_RX:u_cpu_pc_rx|state.DATA_BITS                                                              ; CLOCK_50     ; CLOCK_50    ; 0.000        ; 0.000      ; 0.657      ;
; 0.391 ; UART_RX:u_cpu_pc_rx|state.IDLE                                                                   ; UART_RX:u_cpu_pc_rx|state.IDLE                                                                   ; CLOCK_50     ; CLOCK_50    ; 0.000        ; 0.000      ; 0.657      ;
; 0.391 ; UART_RX:u_cpu_pc_rx|state.START                                                                  ; UART_RX:u_cpu_pc_rx|state.START                                                                  ; CLOCK_50     ; CLOCK_50    ; 0.000        ; 0.000      ; 0.657      ;
; 0.391 ; UART_RX:u_cpu_pc_rx|state.STOP                                                                   ; UART_RX:u_cpu_pc_rx|state.STOP                                                                   ; CLOCK_50     ; CLOCK_50    ; 0.000        ; 0.000      ; 0.657      ;
; 0.391 ; UART_TX:u_cpu_pc_tx|bit_idx[0]                                                                   ; UART_TX:u_cpu_pc_tx|bit_idx[0]                                                                   ; CLOCK_50     ; CLOCK_50    ; 0.000        ; 0.000      ; 0.657      ;
; 0.391 ; UART_TX:u_cpu_pc_tx|bit_idx[2]                                                                   ; UART_TX:u_cpu_pc_tx|bit_idx[2]                                                                   ; CLOCK_50     ; CLOCK_50    ; 0.000        ; 0.000      ; 0.657      ;
; 0.391 ; UART_TX:u_cpu_pc_tx|state.STOP                                                                   ; UART_TX:u_cpu_pc_tx|state.STOP                                                                   ; CLOCK_50     ; CLOCK_50    ; 0.000        ; 0.000      ; 0.657      ;
; 0.391 ; UART_TX:u_cpu_pc_tx|state.START                                                                  ; UART_TX:u_cpu_pc_tx|state.START                                                                  ; CLOCK_50     ; CLOCK_50    ; 0.000        ; 0.000      ; 0.657      ;
; 0.391 ; UART_TX:u_cpu_pc_tx|bit_idx[1]                                                                   ; UART_TX:u_cpu_pc_tx|bit_idx[1]                                                                   ; CLOCK_50     ; CLOCK_50    ; 0.000        ; 0.000      ; 0.657      ;
; 0.391 ; UART_TX:u_cpu_pc_tx|state.IDLE                                                                   ; UART_TX:u_cpu_pc_tx|state.IDLE                                                                   ; CLOCK_50     ; CLOCK_50    ; 0.000        ; 0.000      ; 0.657      ;
; 0.391 ; huskylens_sensor_core:u_huskylens_sensor_core|UART_TX:uart_hl_tx|bit_idx[0]                      ; huskylens_sensor_core:u_huskylens_sensor_core|UART_TX:uart_hl_tx|bit_idx[0]                      ; CLOCK_50     ; CLOCK_50    ; 0.000        ; 0.000      ; 0.657      ;
; 0.391 ; huskylens_sensor_core:u_huskylens_sensor_core|UART_TX:uart_hl_tx|bit_idx[1]                      ; huskylens_sensor_core:u_huskylens_sensor_core|UART_TX:uart_hl_tx|bit_idx[1]                      ; CLOCK_50     ; CLOCK_50    ; 0.000        ; 0.000      ; 0.657      ;
; 0.391 ; huskylens_sensor_core:u_huskylens_sensor_core|UART_TX:uart_hl_tx|bit_idx[2]                      ; huskylens_sensor_core:u_huskylens_sensor_core|UART_TX:uart_hl_tx|bit_idx[2]                      ; CLOCK_50     ; CLOCK_50    ; 0.000        ; 0.000      ; 0.657      ;
; 0.391 ; huskylens_sensor_core:u_huskylens_sensor_core|UART_TX:uart_hl_tx|state.STOP                      ; huskylens_sensor_core:u_huskylens_sensor_core|UART_TX:uart_hl_tx|state.STOP                      ; CLOCK_50     ; CLOCK_50    ; 0.000        ; 0.000      ; 0.657      ;
; 0.391 ; huskylens_sensor_core:u_huskylens_sensor_core|UART_TX:uart_hl_tx|state.START                     ; huskylens_sensor_core:u_huskylens_sensor_core|UART_TX:uart_hl_tx|state.START                     ; CLOCK_50     ; CLOCK_50    ; 0.000        ; 0.000      ; 0.657      ;
; 0.391 ; huskylens_sensor_core:u_huskylens_sensor_core|UART_TX:uart_hl_tx|state.IDLE                      ; huskylens_sensor_core:u_huskylens_sensor_core|UART_TX:uart_hl_tx|state.IDLE                      ; CLOCK_50     ; CLOCK_50    ; 0.000        ; 0.000      ; 0.657      ;
; 0.391 ; huskylens_sensor_core:u_huskylens_sensor_core|algo_configured                                    ; huskylens_sensor_core:u_huskylens_sensor_core|algo_configured                                    ; CLOCK_50     ; CLOCK_50    ; 0.000        ; 0.000      ; 0.657      ;
; 0.391 ; huskylens_sensor_core:u_huskylens_sensor_core|cycle_slot[0]                                      ; huskylens_sensor_core:u_huskylens_sensor_core|cycle_slot[0]                                      ; CLOCK_50     ; CLOCK_50    ; 0.000        ; 0.000      ; 0.657      ;
; 0.391 ; huskylens_sensor_core:u_huskylens_sensor_core|cycle_slot[1]                                      ; huskylens_sensor_core:u_huskylens_sensor_core|cycle_slot[1]                                      ; CLOCK_50     ; CLOCK_50    ; 0.000        ; 0.000      ; 0.657      ;
; 0.391 ; huskylens_sensor_core:u_huskylens_sensor_core|byte_index[0]                                      ; huskylens_sensor_core:u_huskylens_sensor_core|byte_index[0]                                      ; CLOCK_50     ; CLOCK_50    ; 0.000        ; 0.000      ; 0.657      ;
; 0.391 ; huskylens_sensor_core:u_huskylens_sensor_core|byte_index[1]                                      ; huskylens_sensor_core:u_huskylens_sensor_core|byte_index[1]                                      ; CLOCK_50     ; CLOCK_50    ; 0.000        ; 0.000      ; 0.657      ;
; 0.391 ; huskylens_sensor_core:u_huskylens_sensor_core|byte_index[2]                                      ; huskylens_sensor_core:u_huskylens_sensor_core|byte_index[2]                                      ; CLOCK_50     ; CLOCK_50    ; 0.000        ; 0.000      ; 0.657      ;
; 0.391 ; huskylens_sensor_core:u_huskylens_sensor_core|byte_index[3]                                      ; huskylens_sensor_core:u_huskylens_sensor_core|byte_index[3]                                      ; CLOCK_50     ; CLOCK_50    ; 0.000        ; 0.000      ; 0.657      ;
; 0.391 ; huskylens_sensor_core:u_huskylens_sensor_core|request_after_set                                  ; huskylens_sensor_core:u_huskylens_sensor_core|request_after_set                                  ; CLOCK_50     ; CLOCK_50    ; 0.000        ; 0.000      ; 0.657      ;
; 0.391 ; huskylens_sensor_core:u_huskylens_sensor_core|tx_state[2]                                        ; huskylens_sensor_core:u_huskylens_sensor_core|tx_state[2]                                        ; CLOCK_50     ; CLOCK_50    ; 0.000        ; 0.000      ; 0.657      ;
; 0.391 ; huskylens_sensor_core:u_huskylens_sensor_core|HL_PARSER:hl_parser|ALGO_ID[0]                     ; huskylens_sensor_core:u_huskylens_sensor_core|HL_PARSER:hl_parser|ALGO_ID[0]                     ; CLOCK_50     ; CLOCK_50    ; 0.000        ; 0.000      ; 0.657      ;
; 0.391 ; huskylens_sensor_core:u_huskylens_sensor_core|hl_tx_data[7]                                      ; huskylens_sensor_core:u_huskylens_sensor_core|hl_tx_data[7]                                      ; CLOCK_50     ; CLOCK_50    ; 0.000        ; 0.000      ; 0.657      ;
; 0.391 ; huskylens_sensor_core:u_huskylens_sensor_core|byte_seen_reg                                      ; huskylens_sensor_core:u_huskylens_sensor_core|byte_seen_reg                                      ; CLOCK_50     ; CLOCK_50    ; 0.000        ; 0.000      ; 0.657      ;
; 0.515 ; huskylens_sensor_core:u_huskylens_sensor_core|HL_PARSER:hl_parser|data_buf[8][7]                 ; huskylens_sensor_core:u_huskylens_sensor_core|HL_PARSER:hl_parser|OBJ_ID[7]                      ; CLOCK_50     ; CLOCK_50    ; 0.000        ; 0.000      ; 0.781      ;
; 0.516 ; huskylens_sensor_core:u_huskylens_sensor_core|HL_PARSER:hl_parser|data_buf[8][4]                 ; huskylens_sensor_core:u_huskylens_sensor_core|HL_PARSER:hl_parser|OBJ_ID[4]                      ; CLOCK_50     ; CLOCK_50    ; 0.000        ; 0.000      ; 0.782      ;
; 0.517 ; huskylens_sensor_core:u_huskylens_sensor_core|HL_PARSER:hl_parser|data_buf[2][1]                 ; huskylens_sensor_core:u_huskylens_sensor_core|HL_PARSER:hl_parser|OBJ_Y[1]                       ; CLOCK_50     ; CLOCK_50    ; 0.000        ; 0.000      ; 0.783      ;
; 0.519 ; huskylens_sensor_core:u_huskylens_sensor_core|HL_PARSER:hl_parser|data_buf[8][3]                 ; huskylens_sensor_core:u_huskylens_sensor_core|HL_PARSER:hl_parser|OBJ_ID[3]                      ; CLOCK_50     ; CLOCK_50    ; 0.000        ; 0.000      ; 0.785      ;
; 0.519 ; huskylens_sensor_core:u_huskylens_sensor_core|HL_PARSER:hl_parser|data_buf[2][0]                 ; huskylens_sensor_core:u_huskylens_sensor_core|HL_PARSER:hl_parser|OBJ_Y[0]                       ; CLOCK_50     ; CLOCK_50    ; 0.000        ; 0.000      ; 0.785      ;
; 0.519 ; huskylens_sensor_core:u_huskylens_sensor_core|HL_PARSER:hl_parser|data_buf[8][6]                 ; huskylens_sensor_core:u_huskylens_sensor_core|HL_PARSER:hl_parser|OBJ_ID[6]                      ; CLOCK_50     ; CLOCK_50    ; 0.000        ; 0.000      ; 0.785      ;
; 0.519 ; huskylens_sensor_core:u_huskylens_sensor_core|HL_PARSER:hl_parser|data_buf[2][5]                 ; huskylens_sensor_core:u_huskylens_sensor_core|HL_PARSER:hl_parser|OBJ_Y[5]                       ; CLOCK_50     ; CLOCK_50    ; 0.000        ; 0.000      ; 0.785      ;
; 0.522 ; huskylens_sensor_core:u_huskylens_sensor_core|HL_PARSER:hl_parser|data_buf[2][7]                 ; huskylens_sensor_core:u_huskylens_sensor_core|HL_PARSER:hl_parser|OBJ_Y[7]                       ; CLOCK_50     ; CLOCK_50    ; 0.000        ; 0.000      ; 0.788      ;
; 0.531 ; huskylens_sensor_core:u_huskylens_sensor_core|UART_RX:uart_hl_rx|baud_cnt[15]                    ; huskylens_sensor_core:u_huskylens_sensor_core|UART_RX:uart_hl_rx|baud_cnt[15]                    ; CLOCK_50     ; CLOCK_50    ; 0.000        ; 0.000      ; 0.797      ;
; 0.531 ; UART_RX:u_cpu_pc_rx|baud_cnt[15]                                                                 ; UART_RX:u_cpu_pc_rx|baud_cnt[15]                                                                 ; CLOCK_50     ; CLOCK_50    ; 0.000        ; 0.000      ; 0.797      ;
; 0.531 ; huskylens_sensor_core:u_huskylens_sensor_core|UART_TX:uart_hl_tx|baud_cnt[15]                    ; huskylens_sensor_core:u_huskylens_sensor_core|UART_TX:uart_hl_tx|baud_cnt[15]                    ; CLOCK_50     ; CLOCK_50    ; 0.000        ; 0.000      ; 0.797      ;
; 0.531 ; huskylens_sensor_core:u_huskylens_sensor_core|slow_tick_count[31]                                ; huskylens_sensor_core:u_huskylens_sensor_core|slow_tick_count[31]                                ; CLOCK_50     ; CLOCK_50    ; 0.000        ; 0.000      ; 0.797      ;
; 0.531 ; UART_TX:u_cpu_pc_tx|baud_cnt[15]                                                                 ; UART_TX:u_cpu_pc_tx|baud_cnt[15]                                                                 ; CLOCK_50     ; CLOCK_50    ; 0.000        ; 0.000      ; 0.797      ;
; 0.531 ; DMEM_MMIO:u_dmem_mmio|cpu_mmio_activity_count[23]                                                ; DMEM_MMIO:u_dmem_mmio|cpu_mmio_activity_count[23]                                                ; CLOCK_50     ; CLOCK_50    ; 0.000        ; 0.000      ; 0.797      ;
; 0.531 ; ov7670_lcm_wall_core:u_ov7670_lcm_wall_core|I2S_LCM_Config:u4|I2S_Controller:u0|mI2S_CLK_DIV[15] ; ov7670_lcm_wall_core:u_ov7670_lcm_wall_core|I2S_LCM_Config:u4|I2S_Controller:u0|mI2S_CLK_DIV[15] ; CLOCK_50     ; CLOCK_50    ; 0.000        ; 0.000      ; 0.797      ;
; 0.534 ; huskylens_sensor_core:u_huskylens_sensor_core|HL_PARSER:hl_parser|state.S_DATA                   ; huskylens_sensor_core:u_huskylens_sensor_core|HL_PARSER:hl_parser|state.S_CHKSUM                 ; CLOCK_50     ; CLOCK_50    ; 0.000        ; 0.000      ; 0.800      ;
; 0.535 ; huskylens_sensor_core:u_huskylens_sensor_core|tx_state[2]                                        ; huskylens_sensor_core:u_huskylens_sensor_core|byte_index[1]                                      ; CLOCK_50     ; CLOCK_50    ; 0.000        ; 0.000      ; 0.801      ;
; 0.541 ; huskylens_sensor_core:u_huskylens_sensor_core|HL_PARSER:hl_parser|state.S_H3                     ; huskylens_sensor_core:u_huskylens_sensor_core|HL_PARSER:hl_parser|state.S_LEN                    ; CLOCK_50     ; CLOCK_50    ; 0.000        ; 0.000      ; 0.807      ;
; 0.541 ; huskylens_sensor_core:u_huskylens_sensor_core|tx_state[2]                                        ; huskylens_sensor_core:u_huskylens_sensor_core|byte_index[0]                                      ; CLOCK_50     ; CLOCK_50    ; 0.000        ; 0.000      ; 0.807      ;
; 0.553 ; huskylens_sensor_core:u_huskylens_sensor_core|cycle_slot[1]                                      ; huskylens_sensor_core:u_huskylens_sensor_core|cycle_slot[2]                                      ; CLOCK_50     ; CLOCK_50    ; 0.000        ; 0.000      ; 0.819      ;
; 0.554 ; huskylens_sensor_core:u_huskylens_sensor_core|cycle_slot[1]                                      ; huskylens_sensor_core:u_huskylens_sensor_core|packet_mode[1]                                     ; CLOCK_50     ; CLOCK_50    ; 0.000        ; 0.000      ; 0.820      ;
; 0.556 ; huskylens_sensor_core:u_huskylens_sensor_core|byte_index[2]                                      ; huskylens_sensor_core:u_huskylens_sensor_core|byte_index[3]                                      ; CLOCK_50     ; CLOCK_50    ; 0.000        ; 0.000      ; 0.822      ;
; 0.557 ; huskylens_sensor_core:u_huskylens_sensor_core|UART_TX:uart_hl_tx|bit_idx[0]                      ; huskylens_sensor_core:u_huskylens_sensor_core|UART_TX:uart_hl_tx|bit_idx[1]                      ; CLOCK_50     ; CLOCK_50    ; 0.000        ; 0.000      ; 0.823      ;
; 0.562 ; huskylens_sensor_core:u_huskylens_sensor_core|cycle_slot[0]                                      ; huskylens_sensor_core:u_huskylens_sensor_core|packet_mode[0]                                     ; CLOCK_50     ; CLOCK_50    ; 0.000        ; 0.000      ; 0.828      ;
; 0.566 ; huskylens_sensor_core:u_huskylens_sensor_core|cycle_slot[0]                                      ; huskylens_sensor_core:u_huskylens_sensor_core|cycle_slot[1]                                      ; CLOCK_50     ; CLOCK_50    ; 0.000        ; 0.000      ; 0.832      ;
; 0.645 ; huskylens_sensor_core:u_huskylens_sensor_core|UART_RX:uart_hl_rx|rx_shift[6]                     ; huskylens_sensor_core:u_huskylens_sensor_core|UART_RX:uart_hl_rx|DATA[6]                         ; CLOCK_50     ; CLOCK_50    ; 0.000        ; 0.000      ; 0.911      ;
; 0.645 ; huskylens_sensor_core:u_huskylens_sensor_core|HL_PARSER:hl_parser|OBJ_COUNT[6]                   ; huskylens_sensor_core:u_huskylens_sensor_core|obj_count[6]                                       ; CLOCK_50     ; CLOCK_50    ; 0.000        ; 0.000      ; 0.911      ;
; 0.645 ; huskylens_sensor_core:u_huskylens_sensor_core|HL_PARSER:hl_parser|OBJ_H[11]                      ; huskylens_sensor_core:u_huskylens_sensor_core|h[11]                                              ; CLOCK_50     ; CLOCK_50    ; 0.000        ; 0.000      ; 0.911      ;
; 0.648 ; huskylens_sensor_core:u_huskylens_sensor_core|HL_PARSER:hl_parser|OBJ_H[13]                      ; huskylens_sensor_core:u_huskylens_sensor_core|h[13]                                              ; CLOCK_50     ; CLOCK_50    ; 0.000        ; 0.000      ; 0.914      ;
; 0.649 ; UART_RX:u_cpu_pc_rx|rx_shift[6]                                                                  ; UART_RX:u_cpu_pc_rx|DATA[6]                                                                      ; CLOCK_50     ; CLOCK_50    ; 0.000        ; 0.000      ; 0.915      ;
; 0.649 ; UART_RX:u_cpu_pc_rx|rx_shift[0]                                                                  ; UART_RX:u_cpu_pc_rx|DATA[0]                                                                      ; CLOCK_50     ; CLOCK_50    ; 0.000        ; 0.000      ; 0.915      ;
; 0.650 ; huskylens_sensor_core:u_huskylens_sensor_core|hl_tx_data[7]                                      ; huskylens_sensor_core:u_huskylens_sensor_core|UART_TX:uart_hl_tx|tx_shift[7]                     ; CLOCK_50     ; CLOCK_50    ; 0.000        ; 0.000      ; 0.916      ;
; 0.653 ; huskylens_sensor_core:u_huskylens_sensor_core|UART_RX:uart_hl_rx|rx_shift[1]                     ; huskylens_sensor_core:u_huskylens_sensor_core|UART_RX:uart_hl_rx|DATA[1]                         ; CLOCK_50     ; CLOCK_50    ; 0.000        ; 0.000      ; 0.919      ;
+-------+--------------------------------------------------------------------------------------------------+--------------------------------------------------------------------------------------------------+--------------+-------------+--------------+------------+------------+


+-----------------------------------------------------------------------------------------------------------------------------------------------------------------------------------------------------------------------------------------------------------------------------------------------------+
; Slow Model Hold: 'u_ov7670_lcm_wall_core|u0|altpll_component|pll|clk[0]'                                                                                                                                                                                                                            ;
+-------+--------------------------------------------------------------+---------------------------------------------------------------------+-------------------------------------------------------+-------------------------------------------------------+--------------+------------+------------+
; Slack ; From Node                                                    ; To Node                                                             ; Launch Clock                                          ; Latch Clock                                           ; Relationship ; Clock Skew ; Data Delay ;
+-------+--------------------------------------------------------------+---------------------------------------------------------------------+-------------------------------------------------------+-------------------------------------------------------+--------------+------------+------------+
; 0.391 ; ov7670_lcm_wall_core:u_ov7670_lcm_wall_core|oVGA_V_SYNC      ; ov7670_lcm_wall_core:u_ov7670_lcm_wall_core|oVGA_V_SYNC             ; u_ov7670_lcm_wall_core|u0|altpll_component|pll|clk[0] ; u_ov7670_lcm_wall_core|u0|altpll_component|pll|clk[0] ; 0.000        ; 0.000      ; 0.657      ;
; 0.522 ; ov7670_lcm_wall_core:u_ov7670_lcm_wall_core|Tmp_DATA[7]      ; ov7670_lcm_wall_core:u_ov7670_lcm_wall_core|Tmp_DATA[7]             ; u_ov7670_lcm_wall_core|u0|altpll_component|pll|clk[0] ; u_ov7670_lcm_wall_core|u0|altpll_component|pll|clk[0] ; 0.000        ; 0.000      ; 0.788      ;
; 0.547 ; ov7670_lcm_wall_core:u_ov7670_lcm_wall_core|V_Cont[10]       ; ov7670_lcm_wall_core:u_ov7670_lcm_wall_core|V_Cont[10]              ; u_ov7670_lcm_wall_core|u0|altpll_component|pll|clk[0] ; u_ov7670_lcm_wall_core|u0|altpll_component|pll|clk[0] ; 0.000        ; 0.000      ; 0.813      ;
; 0.647 ; ov7670_lcm_wall_core:u_ov7670_lcm_wall_core|frame_rd_data[2] ; ov7670_lcm_wall_core:u_ov7670_lcm_wall_core|ov7670_spatial_pixel[2] ; u_ov7670_lcm_wall_core|u0|altpll_component|pll|clk[0] ; u_ov7670_lcm_wall_core|u0|altpll_component|pll|clk[0] ; 0.000        ; 0.000      ; 0.913      ;
; 0.653 ; ov7670_lcm_wall_core:u_ov7670_lcm_wall_core|frame_rd_data[4] ; ov7670_lcm_wall_core:u_ov7670_lcm_wall_core|ov7670_spatial_pixel[4] ; u_ov7670_lcm_wall_core|u0|altpll_component|pll|clk[0] ; u_ov7670_lcm_wall_core|u0|altpll_component|pll|clk[0] ; 0.000        ; 0.000      ; 0.919      ;
; 0.656 ; ov7670_lcm_wall_core:u_ov7670_lcm_wall_core|frame_rd_data[6] ; ov7670_lcm_wall_core:u_ov7670_lcm_wall_core|ov7670_spatial_pixel[6] ; u_ov7670_lcm_wall_core|u0|altpll_component|pll|clk[0] ; u_ov7670_lcm_wall_core|u0|altpll_component|pll|clk[0] ; 0.000        ; 0.000      ; 0.922      ;
; 0.680 ; ov7670_lcm_wall_core:u_ov7670_lcm_wall_core|frame_buf~0      ; ov7670_lcm_wall_core:u_ov7670_lcm_wall_core|frame_rd_data[3]        ; u_ov7670_lcm_wall_core|u0|altpll_component|pll|clk[0] ; u_ov7670_lcm_wall_core|u0|altpll_component|pll|clk[0] ; 0.000        ; 0.000      ; 0.946      ;
; 0.770 ; ov7670_lcm_wall_core:u_ov7670_lcm_wall_core|frame_rd_data[3] ; ov7670_lcm_wall_core:u_ov7670_lcm_wall_core|ov7670_spatial_pixel[3] ; u_ov7670_lcm_wall_core|u0|altpll_component|pll|clk[0] ; u_ov7670_lcm_wall_core|u0|altpll_component|pll|clk[0] ; 0.000        ; 0.000      ; 1.036      ;
; 0.771 ; ov7670_lcm_wall_core:u_ov7670_lcm_wall_core|frame_rd_data[0] ; ov7670_lcm_wall_core:u_ov7670_lcm_wall_core|ov7670_spatial_pixel[0] ; u_ov7670_lcm_wall_core|u0|altpll_component|pll|clk[0] ; u_ov7670_lcm_wall_core|u0|altpll_component|pll|clk[0] ; 0.000        ; 0.000      ; 1.037      ;
; 0.772 ; ov7670_lcm_wall_core:u_ov7670_lcm_wall_core|frame_rd_data[5] ; ov7670_lcm_wall_core:u_ov7670_lcm_wall_core|ov7670_spatial_pixel[5] ; u_ov7670_lcm_wall_core|u0|altpll_component|pll|clk[0] ; u_ov7670_lcm_wall_core|u0|altpll_component|pll|clk[0] ; 0.000        ; 0.000      ; 1.038      ;
; 0.773 ; ov7670_lcm_wall_core:u_ov7670_lcm_wall_core|frame_rd_data[7] ; ov7670_lcm_wall_core:u_ov7670_lcm_wall_core|ov7670_spatial_pixel[7] ; u_ov7670_lcm_wall_core|u0|altpll_component|pll|clk[0] ; u_ov7670_lcm_wall_core|u0|altpll_component|pll|clk[0] ; 0.000        ; 0.000      ; 1.039      ;
; 0.773 ; ov7670_lcm_wall_core:u_ov7670_lcm_wall_core|frame_rd_data[1] ; ov7670_lcm_wall_core:u_ov7670_lcm_wall_core|ov7670_spatial_pixel[1] ; u_ov7670_lcm_wall_core|u0|altpll_component|pll|clk[0] ; u_ov7670_lcm_wall_core|u0|altpll_component|pll|clk[0] ; 0.000        ; 0.000      ; 1.039      ;
; 0.805 ; ov7670_lcm_wall_core:u_ov7670_lcm_wall_core|V_Cont[2]        ; ov7670_lcm_wall_core:u_ov7670_lcm_wall_core|V_Cont[2]               ; u_ov7670_lcm_wall_core|u0|altpll_component|pll|clk[0] ; u_ov7670_lcm_wall_core|u0|altpll_component|pll|clk[0] ; 0.000        ; 0.000      ; 1.071      ;
; 0.805 ; ov7670_lcm_wall_core:u_ov7670_lcm_wall_core|V_Cont[4]        ; ov7670_lcm_wall_core:u_ov7670_lcm_wall_core|V_Cont[4]               ; u_ov7670_lcm_wall_core|u0|altpll_component|pll|clk[0] ; u_ov7670_lcm_wall_core|u0|altpll_component|pll|clk[0] ; 0.000        ; 0.000      ; 1.071      ;
; 0.806 ; ov7670_lcm_wall_core:u_ov7670_lcm_wall_core|V_Cont[6]        ; ov7670_lcm_wall_core:u_ov7670_lcm_wall_core|V_Cont[6]               ; u_ov7670_lcm_wall_core|u0|altpll_component|pll|clk[0] ; u_ov7670_lcm_wall_core|u0|altpll_component|pll|clk[0] ; 0.000        ; 0.000      ; 1.072      ;
; 0.808 ; ov7670_lcm_wall_core:u_ov7670_lcm_wall_core|H_Cont[0]        ; ov7670_lcm_wall_core:u_ov7670_lcm_wall_core|H_Cont[0]               ; u_ov7670_lcm_wall_core|u0|altpll_component|pll|clk[0] ; u_ov7670_lcm_wall_core|u0|altpll_component|pll|clk[0] ; 0.000        ; 0.000      ; 1.074      ;
; 0.809 ; ov7670_lcm_wall_core:u_ov7670_lcm_wall_core|H_Cont[8]        ; ov7670_lcm_wall_core:u_ov7670_lcm_wall_core|H_Cont[8]               ; u_ov7670_lcm_wall_core|u0|altpll_component|pll|clk[0] ; u_ov7670_lcm_wall_core|u0|altpll_component|pll|clk[0] ; 0.000        ; 0.000      ; 1.075      ;
; 0.813 ; ov7670_lcm_wall_core:u_ov7670_lcm_wall_core|Tmp_DATA[0]      ; ov7670_lcm_wall_core:u_ov7670_lcm_wall_core|Tmp_DATA[0]             ; u_ov7670_lcm_wall_core|u0|altpll_component|pll|clk[0] ; u_ov7670_lcm_wall_core|u0|altpll_component|pll|clk[0] ; 0.000        ; 0.000      ; 1.079      ;
; 0.814 ; ov7670_lcm_wall_core:u_ov7670_lcm_wall_core|Tmp_DATA[2]      ; ov7670_lcm_wall_core:u_ov7670_lcm_wall_core|Tmp_DATA[2]             ; u_ov7670_lcm_wall_core|u0|altpll_component|pll|clk[0] ; u_ov7670_lcm_wall_core|u0|altpll_component|pll|clk[0] ; 0.000        ; 0.000      ; 1.080      ;
; 0.814 ; ov7670_lcm_wall_core:u_ov7670_lcm_wall_core|Tmp_DATA[5]      ; ov7670_lcm_wall_core:u_ov7670_lcm_wall_core|Tmp_DATA[5]             ; u_ov7670_lcm_wall_core|u0|altpll_component|pll|clk[0] ; u_ov7670_lcm_wall_core|u0|altpll_component|pll|clk[0] ; 0.000        ; 0.000      ; 1.080      ;
; 0.821 ; ov7670_lcm_wall_core:u_ov7670_lcm_wall_core|V_Cont[9]        ; ov7670_lcm_wall_core:u_ov7670_lcm_wall_core|V_Cont[9]               ; u_ov7670_lcm_wall_core|u0|altpll_component|pll|clk[0] ; u_ov7670_lcm_wall_core|u0|altpll_component|pll|clk[0] ; 0.000        ; 0.000      ; 1.087      ;
; 0.821 ; ov7670_lcm_wall_core:u_ov7670_lcm_wall_core|V_Cont[8]        ; ov7670_lcm_wall_core:u_ov7670_lcm_wall_core|V_Cont[8]               ; u_ov7670_lcm_wall_core|u0|altpll_component|pll|clk[0] ; u_ov7670_lcm_wall_core|u0|altpll_component|pll|clk[0] ; 0.000        ; 0.000      ; 1.087      ;
; 0.822 ; ov7670_lcm_wall_core:u_ov7670_lcm_wall_core|H_Cont[1]        ; ov7670_lcm_wall_core:u_ov7670_lcm_wall_core|H_Cont[1]               ; u_ov7670_lcm_wall_core|u0|altpll_component|pll|clk[0] ; u_ov7670_lcm_wall_core|u0|altpll_component|pll|clk[0] ; 0.000        ; 0.000      ; 1.088      ;
; 0.830 ; ov7670_lcm_wall_core:u_ov7670_lcm_wall_core|H_Cont[6]        ; ov7670_lcm_wall_core:u_ov7670_lcm_wall_core|H_Cont[6]               ; u_ov7670_lcm_wall_core|u0|altpll_component|pll|clk[0] ; u_ov7670_lcm_wall_core|u0|altpll_component|pll|clk[0] ; 0.000        ; 0.000      ; 1.096      ;
; 0.830 ; ov7670_lcm_wall_core:u_ov7670_lcm_wall_core|Tmp_DATA[6]      ; ov7670_lcm_wall_core:u_ov7670_lcm_wall_core|Tmp_DATA[6]             ; u_ov7670_lcm_wall_core|u0|altpll_component|pll|clk[0] ; u_ov7670_lcm_wall_core|u0|altpll_component|pll|clk[0] ; 0.000        ; 0.000      ; 1.096      ;
; 0.837 ; ov7670_lcm_wall_core:u_ov7670_lcm_wall_core|H_Cont[3]        ; ov7670_lcm_wall_core:u_ov7670_lcm_wall_core|H_Cont[3]               ; u_ov7670_lcm_wall_core|u0|altpll_component|pll|clk[0] ; u_ov7670_lcm_wall_core|u0|altpll_component|pll|clk[0] ; 0.000        ; 0.000      ; 1.103      ;
; 0.838 ; ov7670_lcm_wall_core:u_ov7670_lcm_wall_core|H_Cont[9]        ; ov7670_lcm_wall_core:u_ov7670_lcm_wall_core|H_Cont[9]               ; u_ov7670_lcm_wall_core|u0|altpll_component|pll|clk[0] ; u_ov7670_lcm_wall_core|u0|altpll_component|pll|clk[0] ; 0.000        ; 0.000      ; 1.104      ;
; 0.838 ; ov7670_lcm_wall_core:u_ov7670_lcm_wall_core|Tmp_DATA[1]      ; ov7670_lcm_wall_core:u_ov7670_lcm_wall_core|Tmp_DATA[1]             ; u_ov7670_lcm_wall_core|u0|altpll_component|pll|clk[0] ; u_ov7670_lcm_wall_core|u0|altpll_component|pll|clk[0] ; 0.000        ; 0.000      ; 1.104      ;
; 0.838 ; ov7670_lcm_wall_core:u_ov7670_lcm_wall_core|Tmp_DATA[4]      ; ov7670_lcm_wall_core:u_ov7670_lcm_wall_core|Tmp_DATA[4]             ; u_ov7670_lcm_wall_core|u0|altpll_component|pll|clk[0] ; u_ov7670_lcm_wall_core|u0|altpll_component|pll|clk[0] ; 0.000        ; 0.000      ; 1.104      ;
; 0.838 ; ov7670_lcm_wall_core:u_ov7670_lcm_wall_core|V_Cont[1]        ; ov7670_lcm_wall_core:u_ov7670_lcm_wall_core|V_Cont[1]               ; u_ov7670_lcm_wall_core|u0|altpll_component|pll|clk[0] ; u_ov7670_lcm_wall_core|u0|altpll_component|pll|clk[0] ; 0.000        ; 0.000      ; 1.104      ;
; 0.838 ; ov7670_lcm_wall_core:u_ov7670_lcm_wall_core|V_Cont[3]        ; ov7670_lcm_wall_core:u_ov7670_lcm_wall_core|V_Cont[3]               ; u_ov7670_lcm_wall_core|u0|altpll_component|pll|clk[0] ; u_ov7670_lcm_wall_core|u0|altpll_component|pll|clk[0] ; 0.000        ; 0.000      ; 1.104      ;
; 0.838 ; ov7670_lcm_wall_core:u_ov7670_lcm_wall_core|V_Cont[5]        ; ov7670_lcm_wall_core:u_ov7670_lcm_wall_core|V_Cont[5]               ; u_ov7670_lcm_wall_core|u0|altpll_component|pll|clk[0] ; u_ov7670_lcm_wall_core|u0|altpll_component|pll|clk[0] ; 0.000        ; 0.000      ; 1.104      ;
; 0.838 ; ov7670_lcm_wall_core:u_ov7670_lcm_wall_core|V_Cont[7]        ; ov7670_lcm_wall_core:u_ov7670_lcm_wall_core|V_Cont[7]               ; u_ov7670_lcm_wall_core|u0|altpll_component|pll|clk[0] ; u_ov7670_lcm_wall_core|u0|altpll_component|pll|clk[0] ; 0.000        ; 0.000      ; 1.104      ;
; 0.849 ; ov7670_lcm_wall_core:u_ov7670_lcm_wall_core|H_Cont[7]        ; ov7670_lcm_wall_core:u_ov7670_lcm_wall_core|H_Cont[7]               ; u_ov7670_lcm_wall_core|u0|altpll_component|pll|clk[0] ; u_ov7670_lcm_wall_core|u0|altpll_component|pll|clk[0] ; 0.000        ; 0.000      ; 1.115      ;
; 0.855 ; ov7670_lcm_wall_core:u_ov7670_lcm_wall_core|frame_buf~0      ; ov7670_lcm_wall_core:u_ov7670_lcm_wall_core|frame_rd_data[1]        ; u_ov7670_lcm_wall_core|u0|altpll_component|pll|clk[0] ; u_ov7670_lcm_wall_core|u0|altpll_component|pll|clk[0] ; 0.000        ; 0.000      ; 1.121      ;
; 0.858 ; ov7670_lcm_wall_core:u_ov7670_lcm_wall_core|frame_buf~0      ; ov7670_lcm_wall_core:u_ov7670_lcm_wall_core|frame_rd_data[0]        ; u_ov7670_lcm_wall_core|u0|altpll_component|pll|clk[0] ; u_ov7670_lcm_wall_core|u0|altpll_component|pll|clk[0] ; 0.000        ; 0.000      ; 1.124      ;
; 0.861 ; ov7670_lcm_wall_core:u_ov7670_lcm_wall_core|H_Cont[5]        ; ov7670_lcm_wall_core:u_ov7670_lcm_wall_core|H_Cont[5]               ; u_ov7670_lcm_wall_core|u0|altpll_component|pll|clk[0] ; u_ov7670_lcm_wall_core|u0|altpll_component|pll|clk[0] ; 0.000        ; 0.000      ; 1.127      ;
; 0.861 ; ov7670_lcm_wall_core:u_ov7670_lcm_wall_core|frame_buf~0      ; ov7670_lcm_wall_core:u_ov7670_lcm_wall_core|frame_rd_data[2]        ; u_ov7670_lcm_wall_core|u0|altpll_component|pll|clk[0] ; u_ov7670_lcm_wall_core|u0|altpll_component|pll|clk[0] ; 0.000        ; 0.000      ; 1.127      ;
; 0.865 ; ov7670_lcm_wall_core:u_ov7670_lcm_wall_core|H_Cont[2]        ; ov7670_lcm_wall_core:u_ov7670_lcm_wall_core|H_Cont[2]               ; u_ov7670_lcm_wall_core|u0|altpll_component|pll|clk[0] ; u_ov7670_lcm_wall_core|u0|altpll_component|pll|clk[0] ; 0.000        ; 0.000      ; 1.131      ;
; 0.865 ; ov7670_lcm_wall_core:u_ov7670_lcm_wall_core|H_Cont[4]        ; ov7670_lcm_wall_core:u_ov7670_lcm_wall_core|H_Cont[4]               ; u_ov7670_lcm_wall_core|u0|altpll_component|pll|clk[0] ; u_ov7670_lcm_wall_core|u0|altpll_component|pll|clk[0] ; 0.000        ; 0.000      ; 1.131      ;
; 0.987 ; ov7670_lcm_wall_core:u_ov7670_lcm_wall_core|Tmp_DATA[3]      ; ov7670_lcm_wall_core:u_ov7670_lcm_wall_core|Tmp_DATA[3]             ; u_ov7670_lcm_wall_core|u0|altpll_component|pll|clk[0] ; u_ov7670_lcm_wall_core|u0|altpll_component|pll|clk[0] ; 0.000        ; 0.000      ; 1.253      ;
; 0.989 ; ov7670_lcm_wall_core:u_ov7670_lcm_wall_core|V_Cont[0]        ; ov7670_lcm_wall_core:u_ov7670_lcm_wall_core|V_Cont[0]               ; u_ov7670_lcm_wall_core|u0|altpll_component|pll|clk[0] ; u_ov7670_lcm_wall_core|u0|altpll_component|pll|clk[0] ; 0.000        ; 0.000      ; 1.255      ;
; 1.008 ; ov7670_lcm_wall_core:u_ov7670_lcm_wall_core|frame_buf~0      ; ov7670_lcm_wall_core:u_ov7670_lcm_wall_core|frame_rd_data[6]        ; u_ov7670_lcm_wall_core|u0|altpll_component|pll|clk[0] ; u_ov7670_lcm_wall_core|u0|altpll_component|pll|clk[0] ; 0.000        ; 0.001      ; 1.275      ;
; 1.011 ; ov7670_lcm_wall_core:u_ov7670_lcm_wall_core|frame_buf~0      ; ov7670_lcm_wall_core:u_ov7670_lcm_wall_core|frame_rd_data[4]        ; u_ov7670_lcm_wall_core|u0|altpll_component|pll|clk[0] ; u_ov7670_lcm_wall_core|u0|altpll_component|pll|clk[0] ; 0.000        ; 0.001      ; 1.278      ;
; 1.011 ; ov7670_lcm_wall_core:u_ov7670_lcm_wall_core|frame_buf~0      ; ov7670_lcm_wall_core:u_ov7670_lcm_wall_core|frame_rd_data[5]        ; u_ov7670_lcm_wall_core|u0|altpll_component|pll|clk[0] ; u_ov7670_lcm_wall_core|u0|altpll_component|pll|clk[0] ; 0.000        ; 0.001      ; 1.278      ;
; 1.015 ; ov7670_lcm_wall_core:u_ov7670_lcm_wall_core|frame_buf~0      ; ov7670_lcm_wall_core:u_ov7670_lcm_wall_core|frame_rd_data[7]        ; u_ov7670_lcm_wall_core|u0|altpll_component|pll|clk[0] ; u_ov7670_lcm_wall_core|u0|altpll_component|pll|clk[0] ; 0.000        ; 0.001      ; 1.282      ;
; 1.030 ; ov7670_lcm_wall_core:u_ov7670_lcm_wall_core|H_Cont[10]       ; ov7670_lcm_wall_core:u_ov7670_lcm_wall_core|H_Cont[10]              ; u_ov7670_lcm_wall_core|u0|altpll_component|pll|clk[0] ; u_ov7670_lcm_wall_core|u0|altpll_component|pll|clk[0] ; 0.000        ; 0.000      ; 1.296      ;
; 1.030 ; ov7670_lcm_wall_core:u_ov7670_lcm_wall_core|V_Cont[2]        ; ov7670_lcm_wall_core:u_ov7670_lcm_wall_core|oVGA_V_SYNC             ; u_ov7670_lcm_wall_core|u0|altpll_component|pll|clk[0] ; u_ov7670_lcm_wall_core|u0|altpll_component|pll|clk[0] ; 0.000        ; 0.000      ; 1.296      ;
; 1.188 ; ov7670_lcm_wall_core:u_ov7670_lcm_wall_core|V_Cont[4]        ; ov7670_lcm_wall_core:u_ov7670_lcm_wall_core|V_Cont[5]               ; u_ov7670_lcm_wall_core|u0|altpll_component|pll|clk[0] ; u_ov7670_lcm_wall_core|u0|altpll_component|pll|clk[0] ; 0.000        ; 0.000      ; 1.454      ;
; 1.189 ; ov7670_lcm_wall_core:u_ov7670_lcm_wall_core|V_Cont[6]        ; ov7670_lcm_wall_core:u_ov7670_lcm_wall_core|V_Cont[7]               ; u_ov7670_lcm_wall_core|u0|altpll_component|pll|clk[0] ; u_ov7670_lcm_wall_core|u0|altpll_component|pll|clk[0] ; 0.000        ; 0.000      ; 1.455      ;
; 1.191 ; ov7670_lcm_wall_core:u_ov7670_lcm_wall_core|H_Cont[0]        ; ov7670_lcm_wall_core:u_ov7670_lcm_wall_core|H_Cont[1]               ; u_ov7670_lcm_wall_core|u0|altpll_component|pll|clk[0] ; u_ov7670_lcm_wall_core|u0|altpll_component|pll|clk[0] ; 0.000        ; 0.000      ; 1.457      ;
; 1.192 ; ov7670_lcm_wall_core:u_ov7670_lcm_wall_core|H_Cont[8]        ; ov7670_lcm_wall_core:u_ov7670_lcm_wall_core|H_Cont[9]               ; u_ov7670_lcm_wall_core|u0|altpll_component|pll|clk[0] ; u_ov7670_lcm_wall_core|u0|altpll_component|pll|clk[0] ; 0.000        ; 0.000      ; 1.458      ;
; 1.196 ; ov7670_lcm_wall_core:u_ov7670_lcm_wall_core|Tmp_DATA[0]      ; ov7670_lcm_wall_core:u_ov7670_lcm_wall_core|Tmp_DATA[1]             ; u_ov7670_lcm_wall_core|u0|altpll_component|pll|clk[0] ; u_ov7670_lcm_wall_core|u0|altpll_component|pll|clk[0] ; 0.000        ; 0.000      ; 1.462      ;
; 1.197 ; ov7670_lcm_wall_core:u_ov7670_lcm_wall_core|Tmp_DATA[2]      ; ov7670_lcm_wall_core:u_ov7670_lcm_wall_core|Tmp_DATA[3]             ; u_ov7670_lcm_wall_core|u0|altpll_component|pll|clk[0] ; u_ov7670_lcm_wall_core|u0|altpll_component|pll|clk[0] ; 0.000        ; 0.000      ; 1.463      ;
; 1.204 ; ov7670_lcm_wall_core:u_ov7670_lcm_wall_core|V_Cont[9]        ; ov7670_lcm_wall_core:u_ov7670_lcm_wall_core|V_Cont[10]              ; u_ov7670_lcm_wall_core|u0|altpll_component|pll|clk[0] ; u_ov7670_lcm_wall_core|u0|altpll_component|pll|clk[0] ; 0.000        ; 0.000      ; 1.470      ;
; 1.204 ; ov7670_lcm_wall_core:u_ov7670_lcm_wall_core|V_Cont[8]        ; ov7670_lcm_wall_core:u_ov7670_lcm_wall_core|V_Cont[9]               ; u_ov7670_lcm_wall_core|u0|altpll_component|pll|clk[0] ; u_ov7670_lcm_wall_core|u0|altpll_component|pll|clk[0] ; 0.000        ; 0.000      ; 1.470      ;
; 1.205 ; ov7670_lcm_wall_core:u_ov7670_lcm_wall_core|V_Cont[9]        ; ov7670_lcm_wall_core:u_ov7670_lcm_wall_core|V_Cont[0]               ; u_ov7670_lcm_wall_core|u0|altpll_component|pll|clk[0] ; u_ov7670_lcm_wall_core|u0|altpll_component|pll|clk[0] ; 0.000        ; 0.000      ; 1.471      ;
; 1.205 ; ov7670_lcm_wall_core:u_ov7670_lcm_wall_core|V_Cont[9]        ; ov7670_lcm_wall_core:u_ov7670_lcm_wall_core|V_Cont[1]               ; u_ov7670_lcm_wall_core|u0|altpll_component|pll|clk[0] ; u_ov7670_lcm_wall_core|u0|altpll_component|pll|clk[0] ; 0.000        ; 0.000      ; 1.471      ;
; 1.205 ; ov7670_lcm_wall_core:u_ov7670_lcm_wall_core|V_Cont[9]        ; ov7670_lcm_wall_core:u_ov7670_lcm_wall_core|V_Cont[2]               ; u_ov7670_lcm_wall_core|u0|altpll_component|pll|clk[0] ; u_ov7670_lcm_wall_core|u0|altpll_component|pll|clk[0] ; 0.000        ; 0.000      ; 1.471      ;
; 1.205 ; ov7670_lcm_wall_core:u_ov7670_lcm_wall_core|V_Cont[9]        ; ov7670_lcm_wall_core:u_ov7670_lcm_wall_core|V_Cont[3]               ; u_ov7670_lcm_wall_core|u0|altpll_component|pll|clk[0] ; u_ov7670_lcm_wall_core|u0|altpll_component|pll|clk[0] ; 0.000        ; 0.000      ; 1.471      ;
; 1.205 ; ov7670_lcm_wall_core:u_ov7670_lcm_wall_core|V_Cont[9]        ; ov7670_lcm_wall_core:u_ov7670_lcm_wall_core|V_Cont[4]               ; u_ov7670_lcm_wall_core|u0|altpll_component|pll|clk[0] ; u_ov7670_lcm_wall_core|u0|altpll_component|pll|clk[0] ; 0.000        ; 0.000      ; 1.471      ;
; 1.205 ; ov7670_lcm_wall_core:u_ov7670_lcm_wall_core|V_Cont[9]        ; ov7670_lcm_wall_core:u_ov7670_lcm_wall_core|V_Cont[5]               ; u_ov7670_lcm_wall_core|u0|altpll_component|pll|clk[0] ; u_ov7670_lcm_wall_core|u0|altpll_component|pll|clk[0] ; 0.000        ; 0.000      ; 1.471      ;
; 1.205 ; ov7670_lcm_wall_core:u_ov7670_lcm_wall_core|V_Cont[9]        ; ov7670_lcm_wall_core:u_ov7670_lcm_wall_core|V_Cont[6]               ; u_ov7670_lcm_wall_core|u0|altpll_component|pll|clk[0] ; u_ov7670_lcm_wall_core|u0|altpll_component|pll|clk[0] ; 0.000        ; 0.000      ; 1.471      ;
; 1.205 ; ov7670_lcm_wall_core:u_ov7670_lcm_wall_core|V_Cont[9]        ; ov7670_lcm_wall_core:u_ov7670_lcm_wall_core|V_Cont[7]               ; u_ov7670_lcm_wall_core|u0|altpll_component|pll|clk[0] ; u_ov7670_lcm_wall_core|u0|altpll_component|pll|clk[0] ; 0.000        ; 0.000      ; 1.471      ;
; 1.205 ; ov7670_lcm_wall_core:u_ov7670_lcm_wall_core|V_Cont[9]        ; ov7670_lcm_wall_core:u_ov7670_lcm_wall_core|V_Cont[8]               ; u_ov7670_lcm_wall_core|u0|altpll_component|pll|clk[0] ; u_ov7670_lcm_wall_core|u0|altpll_component|pll|clk[0] ; 0.000        ; 0.000      ; 1.471      ;
; 1.205 ; ov7670_lcm_wall_core:u_ov7670_lcm_wall_core|H_Cont[1]        ; ov7670_lcm_wall_core:u_ov7670_lcm_wall_core|H_Cont[2]               ; u_ov7670_lcm_wall_core|u0|altpll_component|pll|clk[0] ; u_ov7670_lcm_wall_core|u0|altpll_component|pll|clk[0] ; 0.000        ; 0.000      ; 1.471      ;
; 1.216 ; ov7670_lcm_wall_core:u_ov7670_lcm_wall_core|Tmp_DATA[6]      ; ov7670_lcm_wall_core:u_ov7670_lcm_wall_core|Tmp_DATA[7]             ; u_ov7670_lcm_wall_core|u0|altpll_component|pll|clk[0] ; u_ov7670_lcm_wall_core|u0|altpll_component|pll|clk[0] ; 0.000        ; 0.000      ; 1.482      ;
; 1.220 ; ov7670_lcm_wall_core:u_ov7670_lcm_wall_core|H_Cont[3]        ; ov7670_lcm_wall_core:u_ov7670_lcm_wall_core|H_Cont[4]               ; u_ov7670_lcm_wall_core|u0|altpll_component|pll|clk[0] ; u_ov7670_lcm_wall_core|u0|altpll_component|pll|clk[0] ; 0.000        ; 0.000      ; 1.486      ;
; 1.224 ; ov7670_lcm_wall_core:u_ov7670_lcm_wall_core|V_Cont[1]        ; ov7670_lcm_wall_core:u_ov7670_lcm_wall_core|V_Cont[2]               ; u_ov7670_lcm_wall_core|u0|altpll_component|pll|clk[0] ; u_ov7670_lcm_wall_core|u0|altpll_component|pll|clk[0] ; 0.000        ; 0.000      ; 1.490      ;
; 1.224 ; ov7670_lcm_wall_core:u_ov7670_lcm_wall_core|V_Cont[3]        ; ov7670_lcm_wall_core:u_ov7670_lcm_wall_core|V_Cont[4]               ; u_ov7670_lcm_wall_core|u0|altpll_component|pll|clk[0] ; u_ov7670_lcm_wall_core|u0|altpll_component|pll|clk[0] ; 0.000        ; 0.000      ; 1.490      ;
; 1.224 ; ov7670_lcm_wall_core:u_ov7670_lcm_wall_core|V_Cont[5]        ; ov7670_lcm_wall_core:u_ov7670_lcm_wall_core|V_Cont[6]               ; u_ov7670_lcm_wall_core|u0|altpll_component|pll|clk[0] ; u_ov7670_lcm_wall_core|u0|altpll_component|pll|clk[0] ; 0.000        ; 0.000      ; 1.490      ;
; 1.224 ; ov7670_lcm_wall_core:u_ov7670_lcm_wall_core|Tmp_DATA[1]      ; ov7670_lcm_wall_core:u_ov7670_lcm_wall_core|Tmp_DATA[2]             ; u_ov7670_lcm_wall_core|u0|altpll_component|pll|clk[0] ; u_ov7670_lcm_wall_core|u0|altpll_component|pll|clk[0] ; 0.000        ; 0.000      ; 1.490      ;
; 1.224 ; ov7670_lcm_wall_core:u_ov7670_lcm_wall_core|Tmp_DATA[4]      ; ov7670_lcm_wall_core:u_ov7670_lcm_wall_core|Tmp_DATA[5]             ; u_ov7670_lcm_wall_core|u0|altpll_component|pll|clk[0] ; u_ov7670_lcm_wall_core|u0|altpll_component|pll|clk[0] ; 0.000        ; 0.000      ; 1.490      ;
; 1.224 ; ov7670_lcm_wall_core:u_ov7670_lcm_wall_core|V_Cont[7]        ; ov7670_lcm_wall_core:u_ov7670_lcm_wall_core|V_Cont[8]               ; u_ov7670_lcm_wall_core|u0|altpll_component|pll|clk[0] ; u_ov7670_lcm_wall_core|u0|altpll_component|pll|clk[0] ; 0.000        ; 0.000      ; 1.490      ;
; 1.224 ; ov7670_lcm_wall_core:u_ov7670_lcm_wall_core|H_Cont[9]        ; ov7670_lcm_wall_core:u_ov7670_lcm_wall_core|H_Cont[10]              ; u_ov7670_lcm_wall_core|u0|altpll_component|pll|clk[0] ; u_ov7670_lcm_wall_core|u0|altpll_component|pll|clk[0] ; 0.000        ; 0.000      ; 1.490      ;
; 1.235 ; ov7670_lcm_wall_core:u_ov7670_lcm_wall_core|H_Cont[7]        ; ov7670_lcm_wall_core:u_ov7670_lcm_wall_core|H_Cont[8]               ; u_ov7670_lcm_wall_core|u0|altpll_component|pll|clk[0] ; u_ov7670_lcm_wall_core|u0|altpll_component|pll|clk[0] ; 0.000        ; 0.000      ; 1.501      ;
; 1.235 ; ov7670_lcm_wall_core:u_ov7670_lcm_wall_core|V_Cont[1]        ; ov7670_lcm_wall_core:u_ov7670_lcm_wall_core|oVGA_V_SYNC             ; u_ov7670_lcm_wall_core|u0|altpll_component|pll|clk[0] ; u_ov7670_lcm_wall_core|u0|altpll_component|pll|clk[0] ; 0.000        ; 0.000      ; 1.501      ;
; 1.247 ; ov7670_lcm_wall_core:u_ov7670_lcm_wall_core|H_Cont[5]        ; ov7670_lcm_wall_core:u_ov7670_lcm_wall_core|H_Cont[6]               ; u_ov7670_lcm_wall_core|u0|altpll_component|pll|clk[0] ; u_ov7670_lcm_wall_core|u0|altpll_component|pll|clk[0] ; 0.000        ; 0.000      ; 1.513      ;
; 1.251 ; ov7670_lcm_wall_core:u_ov7670_lcm_wall_core|H_Cont[2]        ; ov7670_lcm_wall_core:u_ov7670_lcm_wall_core|H_Cont[3]               ; u_ov7670_lcm_wall_core|u0|altpll_component|pll|clk[0] ; u_ov7670_lcm_wall_core|u0|altpll_component|pll|clk[0] ; 0.000        ; 0.000      ; 1.517      ;
; 1.251 ; ov7670_lcm_wall_core:u_ov7670_lcm_wall_core|H_Cont[4]        ; ov7670_lcm_wall_core:u_ov7670_lcm_wall_core|H_Cont[5]               ; u_ov7670_lcm_wall_core|u0|altpll_component|pll|clk[0] ; u_ov7670_lcm_wall_core|u0|altpll_component|pll|clk[0] ; 0.000        ; 0.000      ; 1.517      ;
; 1.259 ; ov7670_lcm_wall_core:u_ov7670_lcm_wall_core|V_Cont[4]        ; ov7670_lcm_wall_core:u_ov7670_lcm_wall_core|V_Cont[6]               ; u_ov7670_lcm_wall_core|u0|altpll_component|pll|clk[0] ; u_ov7670_lcm_wall_core|u0|altpll_component|pll|clk[0] ; 0.000        ; 0.000      ; 1.525      ;
; 1.260 ; ov7670_lcm_wall_core:u_ov7670_lcm_wall_core|V_Cont[6]        ; ov7670_lcm_wall_core:u_ov7670_lcm_wall_core|V_Cont[8]               ; u_ov7670_lcm_wall_core|u0|altpll_component|pll|clk[0] ; u_ov7670_lcm_wall_core|u0|altpll_component|pll|clk[0] ; 0.000        ; 0.000      ; 1.526      ;
; 1.262 ; ov7670_lcm_wall_core:u_ov7670_lcm_wall_core|H_Cont[0]        ; ov7670_lcm_wall_core:u_ov7670_lcm_wall_core|H_Cont[2]               ; u_ov7670_lcm_wall_core|u0|altpll_component|pll|clk[0] ; u_ov7670_lcm_wall_core|u0|altpll_component|pll|clk[0] ; 0.000        ; 0.000      ; 1.528      ;
; 1.263 ; ov7670_lcm_wall_core:u_ov7670_lcm_wall_core|H_Cont[8]        ; ov7670_lcm_wall_core:u_ov7670_lcm_wall_core|H_Cont[10]              ; u_ov7670_lcm_wall_core|u0|altpll_component|pll|clk[0] ; u_ov7670_lcm_wall_core|u0|altpll_component|pll|clk[0] ; 0.000        ; 0.000      ; 1.529      ;
; 1.267 ; ov7670_lcm_wall_core:u_ov7670_lcm_wall_core|Tmp_DATA[0]      ; ov7670_lcm_wall_core:u_ov7670_lcm_wall_core|Tmp_DATA[2]             ; u_ov7670_lcm_wall_core|u0|altpll_component|pll|clk[0] ; u_ov7670_lcm_wall_core|u0|altpll_component|pll|clk[0] ; 0.000        ; 0.000      ; 1.533      ;
; 1.268 ; ov7670_lcm_wall_core:u_ov7670_lcm_wall_core|Tmp_DATA[2]      ; ov7670_lcm_wall_core:u_ov7670_lcm_wall_core|Tmp_DATA[4]             ; u_ov7670_lcm_wall_core|u0|altpll_component|pll|clk[0] ; u_ov7670_lcm_wall_core|u0|altpll_component|pll|clk[0] ; 0.000        ; 0.000      ; 1.534      ;
; 1.275 ; ov7670_lcm_wall_core:u_ov7670_lcm_wall_core|V_Cont[8]        ; ov7670_lcm_wall_core:u_ov7670_lcm_wall_core|V_Cont[10]              ; u_ov7670_lcm_wall_core|u0|altpll_component|pll|clk[0] ; u_ov7670_lcm_wall_core|u0|altpll_component|pll|clk[0] ; 0.000        ; 0.000      ; 1.541      ;
; 1.276 ; ov7670_lcm_wall_core:u_ov7670_lcm_wall_core|H_Cont[1]        ; ov7670_lcm_wall_core:u_ov7670_lcm_wall_core|H_Cont[3]               ; u_ov7670_lcm_wall_core|u0|altpll_component|pll|clk[0] ; u_ov7670_lcm_wall_core|u0|altpll_component|pll|clk[0] ; 0.000        ; 0.000      ; 1.542      ;
; 1.280 ; ov7670_lcm_wall_core:u_ov7670_lcm_wall_core|V_Cont[2]        ; ov7670_lcm_wall_core:u_ov7670_lcm_wall_core|V_Cont[3]               ; u_ov7670_lcm_wall_core|u0|altpll_component|pll|clk[0] ; u_ov7670_lcm_wall_core|u0|altpll_component|pll|clk[0] ; 0.000        ; 0.000      ; 1.546      ;
; 1.289 ; ov7670_lcm_wall_core:u_ov7670_lcm_wall_core|Tmp_DATA[5]      ; ov7670_lcm_wall_core:u_ov7670_lcm_wall_core|Tmp_DATA[6]             ; u_ov7670_lcm_wall_core|u0|altpll_component|pll|clk[0] ; u_ov7670_lcm_wall_core|u0|altpll_component|pll|clk[0] ; 0.000        ; 0.000      ; 1.555      ;
; 1.291 ; ov7670_lcm_wall_core:u_ov7670_lcm_wall_core|H_Cont[3]        ; ov7670_lcm_wall_core:u_ov7670_lcm_wall_core|H_Cont[5]               ; u_ov7670_lcm_wall_core|u0|altpll_component|pll|clk[0] ; u_ov7670_lcm_wall_core|u0|altpll_component|pll|clk[0] ; 0.000        ; 0.000      ; 1.557      ;
; 1.295 ; ov7670_lcm_wall_core:u_ov7670_lcm_wall_core|V_Cont[3]        ; ov7670_lcm_wall_core:u_ov7670_lcm_wall_core|V_Cont[5]               ; u_ov7670_lcm_wall_core|u0|altpll_component|pll|clk[0] ; u_ov7670_lcm_wall_core|u0|altpll_component|pll|clk[0] ; 0.000        ; 0.000      ; 1.561      ;
; 1.295 ; ov7670_lcm_wall_core:u_ov7670_lcm_wall_core|V_Cont[5]        ; ov7670_lcm_wall_core:u_ov7670_lcm_wall_core|V_Cont[7]               ; u_ov7670_lcm_wall_core|u0|altpll_component|pll|clk[0] ; u_ov7670_lcm_wall_core|u0|altpll_component|pll|clk[0] ; 0.000        ; 0.000      ; 1.561      ;
; 1.295 ; ov7670_lcm_wall_core:u_ov7670_lcm_wall_core|Tmp_DATA[1]      ; ov7670_lcm_wall_core:u_ov7670_lcm_wall_core|Tmp_DATA[3]             ; u_ov7670_lcm_wall_core|u0|altpll_component|pll|clk[0] ; u_ov7670_lcm_wall_core|u0|altpll_component|pll|clk[0] ; 0.000        ; 0.000      ; 1.561      ;
; 1.295 ; ov7670_lcm_wall_core:u_ov7670_lcm_wall_core|V_Cont[7]        ; ov7670_lcm_wall_core:u_ov7670_lcm_wall_core|V_Cont[9]               ; u_ov7670_lcm_wall_core|u0|altpll_component|pll|clk[0] ; u_ov7670_lcm_wall_core|u0|altpll_component|pll|clk[0] ; 0.000        ; 0.000      ; 1.561      ;
; 1.305 ; ov7670_lcm_wall_core:u_ov7670_lcm_wall_core|H_Cont[6]        ; ov7670_lcm_wall_core:u_ov7670_lcm_wall_core|H_Cont[7]               ; u_ov7670_lcm_wall_core|u0|altpll_component|pll|clk[0] ; u_ov7670_lcm_wall_core|u0|altpll_component|pll|clk[0] ; 0.000        ; 0.000      ; 1.571      ;
; 1.306 ; ov7670_lcm_wall_core:u_ov7670_lcm_wall_core|H_Cont[7]        ; ov7670_lcm_wall_core:u_ov7670_lcm_wall_core|H_Cont[9]               ; u_ov7670_lcm_wall_core|u0|altpll_component|pll|clk[0] ; u_ov7670_lcm_wall_core|u0|altpll_component|pll|clk[0] ; 0.000        ; 0.000      ; 1.572      ;
; 1.322 ; ov7670_lcm_wall_core:u_ov7670_lcm_wall_core|H_Cont[2]        ; ov7670_lcm_wall_core:u_ov7670_lcm_wall_core|H_Cont[4]               ; u_ov7670_lcm_wall_core|u0|altpll_component|pll|clk[0] ; u_ov7670_lcm_wall_core|u0|altpll_component|pll|clk[0] ; 0.000        ; 0.000      ; 1.588      ;
; 1.322 ; ov7670_lcm_wall_core:u_ov7670_lcm_wall_core|H_Cont[4]        ; ov7670_lcm_wall_core:u_ov7670_lcm_wall_core|H_Cont[6]               ; u_ov7670_lcm_wall_core|u0|altpll_component|pll|clk[0] ; u_ov7670_lcm_wall_core|u0|altpll_component|pll|clk[0] ; 0.000        ; 0.000      ; 1.588      ;
; 1.330 ; ov7670_lcm_wall_core:u_ov7670_lcm_wall_core|V_Cont[4]        ; ov7670_lcm_wall_core:u_ov7670_lcm_wall_core|V_Cont[7]               ; u_ov7670_lcm_wall_core|u0|altpll_component|pll|clk[0] ; u_ov7670_lcm_wall_core|u0|altpll_component|pll|clk[0] ; 0.000        ; 0.000      ; 1.596      ;
+-------+--------------------------------------------------------------+---------------------------------------------------------------------+-------------------------------------------------------+-------------------------------------------------------+--------------+------------+------------+


+----------------------------------------------------------------------------------------------------------------------+
; Slow Model Minimum Pulse Width: 'CLOCK_50'                                                                           ;
+-------+--------------+----------------+------------------+----------+------------+-----------------------------------+
; Slack ; Actual Width ; Required Width ; Type             ; Clock    ; Clock Edge ; Target                            ;
+-------+--------------+----------------+------------------+----------+------------+-----------------------------------+
; 9.000 ; 10.000       ; 1.000          ; High Pulse Width ; CLOCK_50 ; Rise       ; DMEM_MMIO:u_dmem_mmio|HEX_OUT[0]  ;
; 9.000 ; 10.000       ; 1.000          ; Low Pulse Width  ; CLOCK_50 ; Rise       ; DMEM_MMIO:u_dmem_mmio|HEX_OUT[0]  ;
; 9.000 ; 10.000       ; 1.000          ; High Pulse Width ; CLOCK_50 ; Rise       ; DMEM_MMIO:u_dmem_mmio|HEX_OUT[10] ;
; 9.000 ; 10.000       ; 1.000          ; Low Pulse Width  ; CLOCK_50 ; Rise       ; DMEM_MMIO:u_dmem_mmio|HEX_OUT[10] ;
; 9.000 ; 10.000       ; 1.000          ; High Pulse Width ; CLOCK_50 ; Rise       ; DMEM_MMIO:u_dmem_mmio|HEX_OUT[11] ;
; 9.000 ; 10.000       ; 1.000          ; Low Pulse Width  ; CLOCK_50 ; Rise       ; DMEM_MMIO:u_dmem_mmio|HEX_OUT[11] ;
; 9.000 ; 10.000       ; 1.000          ; High Pulse Width ; CLOCK_50 ; Rise       ; DMEM_MMIO:u_dmem_mmio|HEX_OUT[12] ;
; 9.000 ; 10.000       ; 1.000          ; Low Pulse Width  ; CLOCK_50 ; Rise       ; DMEM_MMIO:u_dmem_mmio|HEX_OUT[12] ;
; 9.000 ; 10.000       ; 1.000          ; High Pulse Width ; CLOCK_50 ; Rise       ; DMEM_MMIO:u_dmem_mmio|HEX_OUT[13] ;
; 9.000 ; 10.000       ; 1.000          ; Low Pulse Width  ; CLOCK_50 ; Rise       ; DMEM_MMIO:u_dmem_mmio|HEX_OUT[13] ;
; 9.000 ; 10.000       ; 1.000          ; High Pulse Width ; CLOCK_50 ; Rise       ; DMEM_MMIO:u_dmem_mmio|HEX_OUT[14] ;
; 9.000 ; 10.000       ; 1.000          ; Low Pulse Width  ; CLOCK_50 ; Rise       ; DMEM_MMIO:u_dmem_mmio|HEX_OUT[14] ;
; 9.000 ; 10.000       ; 1.000          ; High Pulse Width ; CLOCK_50 ; Rise       ; DMEM_MMIO:u_dmem_mmio|HEX_OUT[15] ;
; 9.000 ; 10.000       ; 1.000          ; Low Pulse Width  ; CLOCK_50 ; Rise       ; DMEM_MMIO:u_dmem_mmio|HEX_OUT[15] ;
; 9.000 ; 10.000       ; 1.000          ; High Pulse Width ; CLOCK_50 ; Rise       ; DMEM_MMIO:u_dmem_mmio|HEX_OUT[16] ;
; 9.000 ; 10.000       ; 1.000          ; Low Pulse Width  ; CLOCK_50 ; Rise       ; DMEM_MMIO:u_dmem_mmio|HEX_OUT[16] ;
; 9.000 ; 10.000       ; 1.000          ; High Pulse Width ; CLOCK_50 ; Rise       ; DMEM_MMIO:u_dmem_mmio|HEX_OUT[17] ;
; 9.000 ; 10.000       ; 1.000          ; Low Pulse Width  ; CLOCK_50 ; Rise       ; DMEM_MMIO:u_dmem_mmio|HEX_OUT[17] ;
; 9.000 ; 10.000       ; 1.000          ; High Pulse Width ; CLOCK_50 ; Rise       ; DMEM_MMIO:u_dmem_mmio|HEX_OUT[18] ;
; 9.000 ; 10.000       ; 1.000          ; Low Pulse Width  ; CLOCK_50 ; Rise       ; DMEM_MMIO:u_dmem_mmio|HEX_OUT[18] ;
; 9.000 ; 10.000       ; 1.000          ; High Pulse Width ; CLOCK_50 ; Rise       ; DMEM_MMIO:u_dmem_mmio|HEX_OUT[19] ;
; 9.000 ; 10.000       ; 1.000          ; Low Pulse Width  ; CLOCK_50 ; Rise       ; DMEM_MMIO:u_dmem_mmio|HEX_OUT[19] ;
; 9.000 ; 10.000       ; 1.000          ; High Pulse Width ; CLOCK_50 ; Rise       ; DMEM_MMIO:u_dmem_mmio|HEX_OUT[1]  ;
; 9.000 ; 10.000       ; 1.000          ; Low Pulse Width  ; CLOCK_50 ; Rise       ; DMEM_MMIO:u_dmem_mmio|HEX_OUT[1]  ;
; 9.000 ; 10.000       ; 1.000          ; High Pulse Width ; CLOCK_50 ; Rise       ; DMEM_MMIO:u_dmem_mmio|HEX_OUT[20] ;
; 9.000 ; 10.000       ; 1.000          ; Low Pulse Width  ; CLOCK_50 ; Rise       ; DMEM_MMIO:u_dmem_mmio|HEX_OUT[20] ;
; 9.000 ; 10.000       ; 1.000          ; High Pulse Width ; CLOCK_50 ; Rise       ; DMEM_MMIO:u_dmem_mmio|HEX_OUT[21] ;
; 9.000 ; 10.000       ; 1.000          ; Low Pulse Width  ; CLOCK_50 ; Rise       ; DMEM_MMIO:u_dmem_mmio|HEX_OUT[21] ;
; 9.000 ; 10.000       ; 1.000          ; High Pulse Width ; CLOCK_50 ; Rise       ; DMEM_MMIO:u_dmem_mmio|HEX_OUT[22] ;
; 9.000 ; 10.000       ; 1.000          ; Low Pulse Width  ; CLOCK_50 ; Rise       ; DMEM_MMIO:u_dmem_mmio|HEX_OUT[22] ;
; 9.000 ; 10.000       ; 1.000          ; High Pulse Width ; CLOCK_50 ; Rise       ; DMEM_MMIO:u_dmem_mmio|HEX_OUT[23] ;
; 9.000 ; 10.000       ; 1.000          ; Low Pulse Width  ; CLOCK_50 ; Rise       ; DMEM_MMIO:u_dmem_mmio|HEX_OUT[23] ;
; 9.000 ; 10.000       ; 1.000          ; High Pulse Width ; CLOCK_50 ; Rise       ; DMEM_MMIO:u_dmem_mmio|HEX_OUT[24] ;
; 9.000 ; 10.000       ; 1.000          ; Low Pulse Width  ; CLOCK_50 ; Rise       ; DMEM_MMIO:u_dmem_mmio|HEX_OUT[24] ;
; 9.000 ; 10.000       ; 1.000          ; High Pulse Width ; CLOCK_50 ; Rise       ; DMEM_MMIO:u_dmem_mmio|HEX_OUT[25] ;
; 9.000 ; 10.000       ; 1.000          ; Low Pulse Width  ; CLOCK_50 ; Rise       ; DMEM_MMIO:u_dmem_mmio|HEX_OUT[25] ;
; 9.000 ; 10.000       ; 1.000          ; High Pulse Width ; CLOCK_50 ; Rise       ; DMEM_MMIO:u_dmem_mmio|HEX_OUT[26] ;
; 9.000 ; 10.000       ; 1.000          ; Low Pulse Width  ; CLOCK_50 ; Rise       ; DMEM_MMIO:u_dmem_mmio|HEX_OUT[26] ;
; 9.000 ; 10.000       ; 1.000          ; High Pulse Width ; CLOCK_50 ; Rise       ; DMEM_MMIO:u_dmem_mmio|HEX_OUT[27] ;
; 9.000 ; 10.000       ; 1.000          ; Low Pulse Width  ; CLOCK_50 ; Rise       ; DMEM_MMIO:u_dmem_mmio|HEX_OUT[27] ;
; 9.000 ; 10.000       ; 1.000          ; High Pulse Width ; CLOCK_50 ; Rise       ; DMEM_MMIO:u_dmem_mmio|HEX_OUT[28] ;
; 9.000 ; 10.000       ; 1.000          ; Low Pulse Width  ; CLOCK_50 ; Rise       ; DMEM_MMIO:u_dmem_mmio|HEX_OUT[28] ;
; 9.000 ; 10.000       ; 1.000          ; High Pulse Width ; CLOCK_50 ; Rise       ; DMEM_MMIO:u_dmem_mmio|HEX_OUT[29] ;
; 9.000 ; 10.000       ; 1.000          ; Low Pulse Width  ; CLOCK_50 ; Rise       ; DMEM_MMIO:u_dmem_mmio|HEX_OUT[29] ;
; 9.000 ; 10.000       ; 1.000          ; High Pulse Width ; CLOCK_50 ; Rise       ; DMEM_MMIO:u_dmem_mmio|HEX_OUT[2]  ;
; 9.000 ; 10.000       ; 1.000          ; Low Pulse Width  ; CLOCK_50 ; Rise       ; DMEM_MMIO:u_dmem_mmio|HEX_OUT[2]  ;
; 9.000 ; 10.000       ; 1.000          ; High Pulse Width ; CLOCK_50 ; Rise       ; DMEM_MMIO:u_dmem_mmio|HEX_OUT[30] ;
; 9.000 ; 10.000       ; 1.000          ; Low Pulse Width  ; CLOCK_50 ; Rise       ; DMEM_MMIO:u_dmem_mmio|HEX_OUT[30] ;
; 9.000 ; 10.000       ; 1.000          ; High Pulse Width ; CLOCK_50 ; Rise       ; DMEM_MMIO:u_dmem_mmio|HEX_OUT[31] ;
; 9.000 ; 10.000       ; 1.000          ; Low Pulse Width  ; CLOCK_50 ; Rise       ; DMEM_MMIO:u_dmem_mmio|HEX_OUT[31] ;
; 9.000 ; 10.000       ; 1.000          ; High Pulse Width ; CLOCK_50 ; Rise       ; DMEM_MMIO:u_dmem_mmio|HEX_OUT[3]  ;
; 9.000 ; 10.000       ; 1.000          ; Low Pulse Width  ; CLOCK_50 ; Rise       ; DMEM_MMIO:u_dmem_mmio|HEX_OUT[3]  ;
; 9.000 ; 10.000       ; 1.000          ; High Pulse Width ; CLOCK_50 ; Rise       ; DMEM_MMIO:u_dmem_mmio|HEX_OUT[4]  ;
; 9.000 ; 10.000       ; 1.000          ; Low Pulse Width  ; CLOCK_50 ; Rise       ; DMEM_MMIO:u_dmem_mmio|HEX_OUT[4]  ;
; 9.000 ; 10.000       ; 1.000          ; High Pulse Width ; CLOCK_50 ; Rise       ; DMEM_MMIO:u_dmem_mmio|HEX_OUT[5]  ;
; 9.000 ; 10.000       ; 1.000          ; Low Pulse Width  ; CLOCK_50 ; Rise       ; DMEM_MMIO:u_dmem_mmio|HEX_OUT[5]  ;
; 9.000 ; 10.000       ; 1.000          ; High Pulse Width ; CLOCK_50 ; Rise       ; DMEM_MMIO:u_dmem_mmio|HEX_OUT[6]  ;
; 9.000 ; 10.000       ; 1.000          ; Low Pulse Width  ; CLOCK_50 ; Rise       ; DMEM_MMIO:u_dmem_mmio|HEX_OUT[6]  ;
; 9.000 ; 10.000       ; 1.000          ; High Pulse Width ; CLOCK_50 ; Rise       ; DMEM_MMIO:u_dmem_mmio|HEX_OUT[7]  ;
; 9.000 ; 10.000       ; 1.000          ; Low Pulse Width  ; CLOCK_50 ; Rise       ; DMEM_MMIO:u_dmem_mmio|HEX_OUT[7]  ;
; 9.000 ; 10.000       ; 1.000          ; High Pulse Width ; CLOCK_50 ; Rise       ; DMEM_MMIO:u_dmem_mmio|HEX_OUT[8]  ;
; 9.000 ; 10.000       ; 1.000          ; Low Pulse Width  ; CLOCK_50 ; Rise       ; DMEM_MMIO:u_dmem_mmio|HEX_OUT[8]  ;
; 9.000 ; 10.000       ; 1.000          ; High Pulse Width ; CLOCK_50 ; Rise       ; DMEM_MMIO:u_dmem_mmio|HEX_OUT[9]  ;
; 9.000 ; 10.000       ; 1.000          ; Low Pulse Width  ; CLOCK_50 ; Rise       ; DMEM_MMIO:u_dmem_mmio|HEX_OUT[9]  ;
; 9.000 ; 10.000       ; 1.000          ; High Pulse Width ; CLOCK_50 ; Rise       ; DMEM_MMIO:u_dmem_mmio|LED_OUT[0]  ;
; 9.000 ; 10.000       ; 1.000          ; Low Pulse Width  ; CLOCK_50 ; Rise       ; DMEM_MMIO:u_dmem_mmio|LED_OUT[0]  ;
; 9.000 ; 10.000       ; 1.000          ; High Pulse Width ; CLOCK_50 ; Rise       ; DMEM_MMIO:u_dmem_mmio|LED_OUT[10] ;
; 9.000 ; 10.000       ; 1.000          ; Low Pulse Width  ; CLOCK_50 ; Rise       ; DMEM_MMIO:u_dmem_mmio|LED_OUT[10] ;
; 9.000 ; 10.000       ; 1.000          ; High Pulse Width ; CLOCK_50 ; Rise       ; DMEM_MMIO:u_dmem_mmio|LED_OUT[11] ;
; 9.000 ; 10.000       ; 1.000          ; Low Pulse Width  ; CLOCK_50 ; Rise       ; DMEM_MMIO:u_dmem_mmio|LED_OUT[11] ;
; 9.000 ; 10.000       ; 1.000          ; High Pulse Width ; CLOCK_50 ; Rise       ; DMEM_MMIO:u_dmem_mmio|LED_OUT[12] ;
; 9.000 ; 10.000       ; 1.000          ; Low Pulse Width  ; CLOCK_50 ; Rise       ; DMEM_MMIO:u_dmem_mmio|LED_OUT[12] ;
; 9.000 ; 10.000       ; 1.000          ; High Pulse Width ; CLOCK_50 ; Rise       ; DMEM_MMIO:u_dmem_mmio|LED_OUT[13] ;
; 9.000 ; 10.000       ; 1.000          ; Low Pulse Width  ; CLOCK_50 ; Rise       ; DMEM_MMIO:u_dmem_mmio|LED_OUT[13] ;
; 9.000 ; 10.000       ; 1.000          ; High Pulse Width ; CLOCK_50 ; Rise       ; DMEM_MMIO:u_dmem_mmio|LED_OUT[14] ;
; 9.000 ; 10.000       ; 1.000          ; Low Pulse Width  ; CLOCK_50 ; Rise       ; DMEM_MMIO:u_dmem_mmio|LED_OUT[14] ;
; 9.000 ; 10.000       ; 1.000          ; High Pulse Width ; CLOCK_50 ; Rise       ; DMEM_MMIO:u_dmem_mmio|LED_OUT[15] ;
; 9.000 ; 10.000       ; 1.000          ; Low Pulse Width  ; CLOCK_50 ; Rise       ; DMEM_MMIO:u_dmem_mmio|LED_OUT[15] ;
; 9.000 ; 10.000       ; 1.000          ; High Pulse Width ; CLOCK_50 ; Rise       ; DMEM_MMIO:u_dmem_mmio|LED_OUT[16] ;
; 9.000 ; 10.000       ; 1.000          ; Low Pulse Width  ; CLOCK_50 ; Rise       ; DMEM_MMIO:u_dmem_mmio|LED_OUT[16] ;
; 9.000 ; 10.000       ; 1.000          ; High Pulse Width ; CLOCK_50 ; Rise       ; DMEM_MMIO:u_dmem_mmio|LED_OUT[17] ;
; 9.000 ; 10.000       ; 1.000          ; Low Pulse Width  ; CLOCK_50 ; Rise       ; DMEM_MMIO:u_dmem_mmio|LED_OUT[17] ;
; 9.000 ; 10.000       ; 1.000          ; High Pulse Width ; CLOCK_50 ; Rise       ; DMEM_MMIO:u_dmem_mmio|LED_OUT[1]  ;
; 9.000 ; 10.000       ; 1.000          ; Low Pulse Width  ; CLOCK_50 ; Rise       ; DMEM_MMIO:u_dmem_mmio|LED_OUT[1]  ;
; 9.000 ; 10.000       ; 1.000          ; High Pulse Width ; CLOCK_50 ; Rise       ; DMEM_MMIO:u_dmem_mmio|LED_OUT[2]  ;
; 9.000 ; 10.000       ; 1.000          ; Low Pulse Width  ; CLOCK_50 ; Rise       ; DMEM_MMIO:u_dmem_mmio|LED_OUT[2]  ;
; 9.000 ; 10.000       ; 1.000          ; High Pulse Width ; CLOCK_50 ; Rise       ; DMEM_MMIO:u_dmem_mmio|LED_OUT[3]  ;
; 9.000 ; 10.000       ; 1.000          ; Low Pulse Width  ; CLOCK_50 ; Rise       ; DMEM_MMIO:u_dmem_mmio|LED_OUT[3]  ;
; 9.000 ; 10.000       ; 1.000          ; High Pulse Width ; CLOCK_50 ; Rise       ; DMEM_MMIO:u_dmem_mmio|LED_OUT[4]  ;
; 9.000 ; 10.000       ; 1.000          ; Low Pulse Width  ; CLOCK_50 ; Rise       ; DMEM_MMIO:u_dmem_mmio|LED_OUT[4]  ;
; 9.000 ; 10.000       ; 1.000          ; High Pulse Width ; CLOCK_50 ; Rise       ; DMEM_MMIO:u_dmem_mmio|LED_OUT[5]  ;
; 9.000 ; 10.000       ; 1.000          ; Low Pulse Width  ; CLOCK_50 ; Rise       ; DMEM_MMIO:u_dmem_mmio|LED_OUT[5]  ;
; 9.000 ; 10.000       ; 1.000          ; High Pulse Width ; CLOCK_50 ; Rise       ; DMEM_MMIO:u_dmem_mmio|LED_OUT[6]  ;
; 9.000 ; 10.000       ; 1.000          ; Low Pulse Width  ; CLOCK_50 ; Rise       ; DMEM_MMIO:u_dmem_mmio|LED_OUT[6]  ;
; 9.000 ; 10.000       ; 1.000          ; High Pulse Width ; CLOCK_50 ; Rise       ; DMEM_MMIO:u_dmem_mmio|LED_OUT[7]  ;
; 9.000 ; 10.000       ; 1.000          ; Low Pulse Width  ; CLOCK_50 ; Rise       ; DMEM_MMIO:u_dmem_mmio|LED_OUT[7]  ;
; 9.000 ; 10.000       ; 1.000          ; High Pulse Width ; CLOCK_50 ; Rise       ; DMEM_MMIO:u_dmem_mmio|LED_OUT[8]  ;
; 9.000 ; 10.000       ; 1.000          ; Low Pulse Width  ; CLOCK_50 ; Rise       ; DMEM_MMIO:u_dmem_mmio|LED_OUT[8]  ;
; 9.000 ; 10.000       ; 1.000          ; High Pulse Width ; CLOCK_50 ; Rise       ; DMEM_MMIO:u_dmem_mmio|LED_OUT[9]  ;
; 9.000 ; 10.000       ; 1.000          ; Low Pulse Width  ; CLOCK_50 ; Rise       ; DMEM_MMIO:u_dmem_mmio|LED_OUT[9]  ;
+-------+--------------+----------------+------------------+----------+------------+-----------------------------------+


+------------------------------------------------------------------------------------------------------------------------------------------------------------------------------------------------------------------------------------------------------------------------------------------------------+
; Slow Model Minimum Pulse Width: 'u_ov7670_lcm_wall_core|u0|altpll_component|pll|clk[0]'                                                                                                                                                                                                              ;
+--------+--------------+----------------+------------------+-------------------------------------------------------+------------+---------------------------------------------------------------------------------------------------------------------------------------------------------------------+
; Slack  ; Actual Width ; Required Width ; Type             ; Clock                                                 ; Clock Edge ; Target                                                                                                                                                              ;
+--------+--------------+----------------+------------------+-------------------------------------------------------+------------+---------------------------------------------------------------------------------------------------------------------------------------------------------------------+
; 25.015 ; 27.142       ; 2.127          ; High Pulse Width ; u_ov7670_lcm_wall_core|u0|altpll_component|pll|clk[0] ; Rise       ; ov7670_lcm_wall_core:u_ov7670_lcm_wall_core|altsyncram:frame_buf_rtl_0|altsyncram_o4d1:auto_generated|altsyncram_rng1:altsyncram1|ram_block2a0~porta_address_reg0   ;
; 25.015 ; 27.142       ; 2.127          ; High Pulse Width ; u_ov7670_lcm_wall_core|u0|altpll_component|pll|clk[0] ; Rise       ; ov7670_lcm_wall_core:u_ov7670_lcm_wall_core|altsyncram:frame_buf_rtl_0|altsyncram_o4d1:auto_generated|altsyncram_rng1:altsyncram1|ram_block2a0~porta_address_reg1   ;
; 25.015 ; 27.142       ; 2.127          ; High Pulse Width ; u_ov7670_lcm_wall_core|u0|altpll_component|pll|clk[0] ; Rise       ; ov7670_lcm_wall_core:u_ov7670_lcm_wall_core|altsyncram:frame_buf_rtl_0|altsyncram_o4d1:auto_generated|altsyncram_rng1:altsyncram1|ram_block2a0~porta_address_reg10  ;
; 25.015 ; 27.142       ; 2.127          ; High Pulse Width ; u_ov7670_lcm_wall_core|u0|altpll_component|pll|clk[0] ; Rise       ; ov7670_lcm_wall_core:u_ov7670_lcm_wall_core|altsyncram:frame_buf_rtl_0|altsyncram_o4d1:auto_generated|altsyncram_rng1:altsyncram1|ram_block2a0~porta_address_reg11  ;
; 25.015 ; 27.142       ; 2.127          ; High Pulse Width ; u_ov7670_lcm_wall_core|u0|altpll_component|pll|clk[0] ; Rise       ; ov7670_lcm_wall_core:u_ov7670_lcm_wall_core|altsyncram:frame_buf_rtl_0|altsyncram_o4d1:auto_generated|altsyncram_rng1:altsyncram1|ram_block2a0~porta_address_reg2   ;
; 25.015 ; 27.142       ; 2.127          ; High Pulse Width ; u_ov7670_lcm_wall_core|u0|altpll_component|pll|clk[0] ; Rise       ; ov7670_lcm_wall_core:u_ov7670_lcm_wall_core|altsyncram:frame_buf_rtl_0|altsyncram_o4d1:auto_generated|altsyncram_rng1:altsyncram1|ram_block2a0~porta_address_reg3   ;
; 25.015 ; 27.142       ; 2.127          ; High Pulse Width ; u_ov7670_lcm_wall_core|u0|altpll_component|pll|clk[0] ; Rise       ; ov7670_lcm_wall_core:u_ov7670_lcm_wall_core|altsyncram:frame_buf_rtl_0|altsyncram_o4d1:auto_generated|altsyncram_rng1:altsyncram1|ram_block2a0~porta_address_reg4   ;
; 25.015 ; 27.142       ; 2.127          ; High Pulse Width ; u_ov7670_lcm_wall_core|u0|altpll_component|pll|clk[0] ; Rise       ; ov7670_lcm_wall_core:u_ov7670_lcm_wall_core|altsyncram:frame_buf_rtl_0|altsyncram_o4d1:auto_generated|altsyncram_rng1:altsyncram1|ram_block2a0~porta_address_reg5   ;
; 25.015 ; 27.142       ; 2.127          ; High Pulse Width ; u_ov7670_lcm_wall_core|u0|altpll_component|pll|clk[0] ; Rise       ; ov7670_lcm_wall_core:u_ov7670_lcm_wall_core|altsyncram:frame_buf_rtl_0|altsyncram_o4d1:auto_generated|altsyncram_rng1:altsyncram1|ram_block2a0~porta_address_reg6   ;
; 25.015 ; 27.142       ; 2.127          ; High Pulse Width ; u_ov7670_lcm_wall_core|u0|altpll_component|pll|clk[0] ; Rise       ; ov7670_lcm_wall_core:u_ov7670_lcm_wall_core|altsyncram:frame_buf_rtl_0|altsyncram_o4d1:auto_generated|altsyncram_rng1:altsyncram1|ram_block2a0~porta_address_reg7   ;
; 25.015 ; 27.142       ; 2.127          ; High Pulse Width ; u_ov7670_lcm_wall_core|u0|altpll_component|pll|clk[0] ; Rise       ; ov7670_lcm_wall_core:u_ov7670_lcm_wall_core|altsyncram:frame_buf_rtl_0|altsyncram_o4d1:auto_generated|altsyncram_rng1:altsyncram1|ram_block2a0~porta_address_reg8   ;
; 25.015 ; 27.142       ; 2.127          ; High Pulse Width ; u_ov7670_lcm_wall_core|u0|altpll_component|pll|clk[0] ; Rise       ; ov7670_lcm_wall_core:u_ov7670_lcm_wall_core|altsyncram:frame_buf_rtl_0|altsyncram_o4d1:auto_generated|altsyncram_rng1:altsyncram1|ram_block2a0~porta_address_reg9   ;
; 25.015 ; 27.142       ; 2.127          ; High Pulse Width ; u_ov7670_lcm_wall_core|u0|altpll_component|pll|clk[0] ; Rise       ; ov7670_lcm_wall_core:u_ov7670_lcm_wall_core|altsyncram:frame_buf_rtl_0|altsyncram_o4d1:auto_generated|altsyncram_rng1:altsyncram1|ram_block2a10~porta_address_reg0  ;
; 25.015 ; 27.142       ; 2.127          ; High Pulse Width ; u_ov7670_lcm_wall_core|u0|altpll_component|pll|clk[0] ; Rise       ; ov7670_lcm_wall_core:u_ov7670_lcm_wall_core|altsyncram:frame_buf_rtl_0|altsyncram_o4d1:auto_generated|altsyncram_rng1:altsyncram1|ram_block2a10~porta_address_reg1  ;
; 25.015 ; 27.142       ; 2.127          ; High Pulse Width ; u_ov7670_lcm_wall_core|u0|altpll_component|pll|clk[0] ; Rise       ; ov7670_lcm_wall_core:u_ov7670_lcm_wall_core|altsyncram:frame_buf_rtl_0|altsyncram_o4d1:auto_generated|altsyncram_rng1:altsyncram1|ram_block2a10~porta_address_reg10 ;
; 25.015 ; 27.142       ; 2.127          ; High Pulse Width ; u_ov7670_lcm_wall_core|u0|altpll_component|pll|clk[0] ; Rise       ; ov7670_lcm_wall_core:u_ov7670_lcm_wall_core|altsyncram:frame_buf_rtl_0|altsyncram_o4d1:auto_generated|altsyncram_rng1:altsyncram1|ram_block2a10~porta_address_reg11 ;
; 25.015 ; 27.142       ; 2.127          ; High Pulse Width ; u_ov7670_lcm_wall_core|u0|altpll_component|pll|clk[0] ; Rise       ; ov7670_lcm_wall_core:u_ov7670_lcm_wall_core|altsyncram:frame_buf_rtl_0|altsyncram_o4d1:auto_generated|altsyncram_rng1:altsyncram1|ram_block2a10~porta_address_reg2  ;
; 25.015 ; 27.142       ; 2.127          ; High Pulse Width ; u_ov7670_lcm_wall_core|u0|altpll_component|pll|clk[0] ; Rise       ; ov7670_lcm_wall_core:u_ov7670_lcm_wall_core|altsyncram:frame_buf_rtl_0|altsyncram_o4d1:auto_generated|altsyncram_rng1:altsyncram1|ram_block2a10~porta_address_reg3  ;
; 25.015 ; 27.142       ; 2.127          ; High Pulse Width ; u_ov7670_lcm_wall_core|u0|altpll_component|pll|clk[0] ; Rise       ; ov7670_lcm_wall_core:u_ov7670_lcm_wall_core|altsyncram:frame_buf_rtl_0|altsyncram_o4d1:auto_generated|altsyncram_rng1:altsyncram1|ram_block2a10~porta_address_reg4  ;
; 25.015 ; 27.142       ; 2.127          ; High Pulse Width ; u_ov7670_lcm_wall_core|u0|altpll_component|pll|clk[0] ; Rise       ; ov7670_lcm_wall_core:u_ov7670_lcm_wall_core|altsyncram:frame_buf_rtl_0|altsyncram_o4d1:auto_generated|altsyncram_rng1:altsyncram1|ram_block2a10~porta_address_reg5  ;
; 25.015 ; 27.142       ; 2.127          ; High Pulse Width ; u_ov7670_lcm_wall_core|u0|altpll_component|pll|clk[0] ; Rise       ; ov7670_lcm_wall_core:u_ov7670_lcm_wall_core|altsyncram:frame_buf_rtl_0|altsyncram_o4d1:auto_generated|altsyncram_rng1:altsyncram1|ram_block2a10~porta_address_reg6  ;
; 25.015 ; 27.142       ; 2.127          ; High Pulse Width ; u_ov7670_lcm_wall_core|u0|altpll_component|pll|clk[0] ; Rise       ; ov7670_lcm_wall_core:u_ov7670_lcm_wall_core|altsyncram:frame_buf_rtl_0|altsyncram_o4d1:auto_generated|altsyncram_rng1:altsyncram1|ram_block2a10~porta_address_reg7  ;
; 25.015 ; 27.142       ; 2.127          ; High Pulse Width ; u_ov7670_lcm_wall_core|u0|altpll_component|pll|clk[0] ; Rise       ; ov7670_lcm_wall_core:u_ov7670_lcm_wall_core|altsyncram:frame_buf_rtl_0|altsyncram_o4d1:auto_generated|altsyncram_rng1:altsyncram1|ram_block2a10~porta_address_reg8  ;
; 25.015 ; 27.142       ; 2.127          ; High Pulse Width ; u_ov7670_lcm_wall_core|u0|altpll_component|pll|clk[0] ; Rise       ; ov7670_lcm_wall_core:u_ov7670_lcm_wall_core|altsyncram:frame_buf_rtl_0|altsyncram_o4d1:auto_generated|altsyncram_rng1:altsyncram1|ram_block2a10~porta_address_reg9  ;
; 25.015 ; 27.142       ; 2.127          ; High Pulse Width ; u_ov7670_lcm_wall_core|u0|altpll_component|pll|clk[0] ; Rise       ; ov7670_lcm_wall_core:u_ov7670_lcm_wall_core|altsyncram:frame_buf_rtl_0|altsyncram_o4d1:auto_generated|altsyncram_rng1:altsyncram1|ram_block2a11~porta_address_reg0  ;
; 25.015 ; 27.142       ; 2.127          ; High Pulse Width ; u_ov7670_lcm_wall_core|u0|altpll_component|pll|clk[0] ; Rise       ; ov7670_lcm_wall_core:u_ov7670_lcm_wall_core|altsyncram:frame_buf_rtl_0|altsyncram_o4d1:auto_generated|altsyncram_rng1:altsyncram1|ram_block2a11~porta_address_reg1  ;
; 25.015 ; 27.142       ; 2.127          ; High Pulse Width ; u_ov7670_lcm_wall_core|u0|altpll_component|pll|clk[0] ; Rise       ; ov7670_lcm_wall_core:u_ov7670_lcm_wall_core|altsyncram:frame_buf_rtl_0|altsyncram_o4d1:auto_generated|altsyncram_rng1:altsyncram1|ram_block2a11~porta_address_reg10 ;
; 25.015 ; 27.142       ; 2.127          ; High Pulse Width ; u_ov7670_lcm_wall_core|u0|altpll_component|pll|clk[0] ; Rise       ; ov7670_lcm_wall_core:u_ov7670_lcm_wall_core|altsyncram:frame_buf_rtl_0|altsyncram_o4d1:auto_generated|altsyncram_rng1:altsyncram1|ram_block2a11~porta_address_reg11 ;
; 25.015 ; 27.142       ; 2.127          ; High Pulse Width ; u_ov7670_lcm_wall_core|u0|altpll_component|pll|clk[0] ; Rise       ; ov7670_lcm_wall_core:u_ov7670_lcm_wall_core|altsyncram:frame_buf_rtl_0|altsyncram_o4d1:auto_generated|altsyncram_rng1:altsyncram1|ram_block2a11~porta_address_reg2  ;
; 25.015 ; 27.142       ; 2.127          ; High Pulse Width ; u_ov7670_lcm_wall_core|u0|altpll_component|pll|clk[0] ; Rise       ; ov7670_lcm_wall_core:u_ov7670_lcm_wall_core|altsyncram:frame_buf_rtl_0|altsyncram_o4d1:auto_generated|altsyncram_rng1:altsyncram1|ram_block2a11~porta_address_reg3  ;
; 25.015 ; 27.142       ; 2.127          ; High Pulse Width ; u_ov7670_lcm_wall_core|u0|altpll_component|pll|clk[0] ; Rise       ; ov7670_lcm_wall_core:u_ov7670_lcm_wall_core|altsyncram:frame_buf_rtl_0|altsyncram_o4d1:auto_generated|altsyncram_rng1:altsyncram1|ram_block2a11~porta_address_reg4  ;
; 25.015 ; 27.142       ; 2.127          ; High Pulse Width ; u_ov7670_lcm_wall_core|u0|altpll_component|pll|clk[0] ; Rise       ; ov7670_lcm_wall_core:u_ov7670_lcm_wall_core|altsyncram:frame_buf_rtl_0|altsyncram_o4d1:auto_generated|altsyncram_rng1:altsyncram1|ram_block2a11~porta_address_reg5  ;
; 25.015 ; 27.142       ; 2.127          ; High Pulse Width ; u_ov7670_lcm_wall_core|u0|altpll_component|pll|clk[0] ; Rise       ; ov7670_lcm_wall_core:u_ov7670_lcm_wall_core|altsyncram:frame_buf_rtl_0|altsyncram_o4d1:auto_generated|altsyncram_rng1:altsyncram1|ram_block2a11~porta_address_reg6  ;
; 25.015 ; 27.142       ; 2.127          ; High Pulse Width ; u_ov7670_lcm_wall_core|u0|altpll_component|pll|clk[0] ; Rise       ; ov7670_lcm_wall_core:u_ov7670_lcm_wall_core|altsyncram:frame_buf_rtl_0|altsyncram_o4d1:auto_generated|altsyncram_rng1:altsyncram1|ram_block2a11~porta_address_reg7  ;
; 25.015 ; 27.142       ; 2.127          ; High Pulse Width ; u_ov7670_lcm_wall_core|u0|altpll_component|pll|clk[0] ; Rise       ; ov7670_lcm_wall_core:u_ov7670_lcm_wall_core|altsyncram:frame_buf_rtl_0|altsyncram_o4d1:auto_generated|altsyncram_rng1:altsyncram1|ram_block2a11~porta_address_reg8  ;
; 25.015 ; 27.142       ; 2.127          ; High Pulse Width ; u_ov7670_lcm_wall_core|u0|altpll_component|pll|clk[0] ; Rise       ; ov7670_lcm_wall_core:u_ov7670_lcm_wall_core|altsyncram:frame_buf_rtl_0|altsyncram_o4d1:auto_generated|altsyncram_rng1:altsyncram1|ram_block2a11~porta_address_reg9  ;
; 25.015 ; 27.142       ; 2.127          ; High Pulse Width ; u_ov7670_lcm_wall_core|u0|altpll_component|pll|clk[0] ; Rise       ; ov7670_lcm_wall_core:u_ov7670_lcm_wall_core|altsyncram:frame_buf_rtl_0|altsyncram_o4d1:auto_generated|altsyncram_rng1:altsyncram1|ram_block2a12~porta_address_reg0  ;
; 25.015 ; 27.142       ; 2.127          ; High Pulse Width ; u_ov7670_lcm_wall_core|u0|altpll_component|pll|clk[0] ; Rise       ; ov7670_lcm_wall_core:u_ov7670_lcm_wall_core|altsyncram:frame_buf_rtl_0|altsyncram_o4d1:auto_generated|altsyncram_rng1:altsyncram1|ram_block2a12~porta_address_reg1  ;
; 25.015 ; 27.142       ; 2.127          ; High Pulse Width ; u_ov7670_lcm_wall_core|u0|altpll_component|pll|clk[0] ; Rise       ; ov7670_lcm_wall_core:u_ov7670_lcm_wall_core|altsyncram:frame_buf_rtl_0|altsyncram_o4d1:auto_generated|altsyncram_rng1:altsyncram1|ram_block2a12~porta_address_reg10 ;
; 25.015 ; 27.142       ; 2.127          ; High Pulse Width ; u_ov7670_lcm_wall_core|u0|altpll_component|pll|clk[0] ; Rise       ; ov7670_lcm_wall_core:u_ov7670_lcm_wall_core|altsyncram:frame_buf_rtl_0|altsyncram_o4d1:auto_generated|altsyncram_rng1:altsyncram1|ram_block2a12~porta_address_reg11 ;
; 25.015 ; 27.142       ; 2.127          ; High Pulse Width ; u_ov7670_lcm_wall_core|u0|altpll_component|pll|clk[0] ; Rise       ; ov7670_lcm_wall_core:u_ov7670_lcm_wall_core|altsyncram:frame_buf_rtl_0|altsyncram_o4d1:auto_generated|altsyncram_rng1:altsyncram1|ram_block2a12~porta_address_reg2  ;
; 25.015 ; 27.142       ; 2.127          ; High Pulse Width ; u_ov7670_lcm_wall_core|u0|altpll_component|pll|clk[0] ; Rise       ; ov7670_lcm_wall_core:u_ov7670_lcm_wall_core|altsyncram:frame_buf_rtl_0|altsyncram_o4d1:auto_generated|altsyncram_rng1:altsyncram1|ram_block2a12~porta_address_reg3  ;
; 25.015 ; 27.142       ; 2.127          ; High Pulse Width ; u_ov7670_lcm_wall_core|u0|altpll_component|pll|clk[0] ; Rise       ; ov7670_lcm_wall_core:u_ov7670_lcm_wall_core|altsyncram:frame_buf_rtl_0|altsyncram_o4d1:auto_generated|altsyncram_rng1:altsyncram1|ram_block2a12~porta_address_reg4  ;
; 25.015 ; 27.142       ; 2.127          ; High Pulse Width ; u_ov7670_lcm_wall_core|u0|altpll_component|pll|clk[0] ; Rise       ; ov7670_lcm_wall_core:u_ov7670_lcm_wall_core|altsyncram:frame_buf_rtl_0|altsyncram_o4d1:auto_generated|altsyncram_rng1:altsyncram1|ram_block2a12~porta_address_reg5  ;
; 25.015 ; 27.142       ; 2.127          ; High Pulse Width ; u_ov7670_lcm_wall_core|u0|altpll_component|pll|clk[0] ; Rise       ; ov7670_lcm_wall_core:u_ov7670_lcm_wall_core|altsyncram:frame_buf_rtl_0|altsyncram_o4d1:auto_generated|altsyncram_rng1:altsyncram1|ram_block2a12~porta_address_reg6  ;
; 25.015 ; 27.142       ; 2.127          ; High Pulse Width ; u_ov7670_lcm_wall_core|u0|altpll_component|pll|clk[0] ; Rise       ; ov7670_lcm_wall_core:u_ov7670_lcm_wall_core|altsyncram:frame_buf_rtl_0|altsyncram_o4d1:auto_generated|altsyncram_rng1:altsyncram1|ram_block2a12~porta_address_reg7  ;
; 25.015 ; 27.142       ; 2.127          ; High Pulse Width ; u_ov7670_lcm_wall_core|u0|altpll_component|pll|clk[0] ; Rise       ; ov7670_lcm_wall_core:u_ov7670_lcm_wall_core|altsyncram:frame_buf_rtl_0|altsyncram_o4d1:auto_generated|altsyncram_rng1:altsyncram1|ram_block2a12~porta_address_reg8  ;
; 25.015 ; 27.142       ; 2.127          ; High Pulse Width ; u_ov7670_lcm_wall_core|u0|altpll_component|pll|clk[0] ; Rise       ; ov7670_lcm_wall_core:u_ov7670_lcm_wall_core|altsyncram:frame_buf_rtl_0|altsyncram_o4d1:auto_generated|altsyncram_rng1:altsyncram1|ram_block2a12~porta_address_reg9  ;
; 25.015 ; 27.142       ; 2.127          ; High Pulse Width ; u_ov7670_lcm_wall_core|u0|altpll_component|pll|clk[0] ; Rise       ; ov7670_lcm_wall_core:u_ov7670_lcm_wall_core|altsyncram:frame_buf_rtl_0|altsyncram_o4d1:auto_generated|altsyncram_rng1:altsyncram1|ram_block2a13~porta_address_reg0  ;
; 25.015 ; 27.142       ; 2.127          ; High Pulse Width ; u_ov7670_lcm_wall_core|u0|altpll_component|pll|clk[0] ; Rise       ; ov7670_lcm_wall_core:u_ov7670_lcm_wall_core|altsyncram:frame_buf_rtl_0|altsyncram_o4d1:auto_generated|altsyncram_rng1:altsyncram1|ram_block2a13~porta_address_reg1  ;
; 25.015 ; 27.142       ; 2.127          ; High Pulse Width ; u_ov7670_lcm_wall_core|u0|altpll_component|pll|clk[0] ; Rise       ; ov7670_lcm_wall_core:u_ov7670_lcm_wall_core|altsyncram:frame_buf_rtl_0|altsyncram_o4d1:auto_generated|altsyncram_rng1:altsyncram1|ram_block2a13~porta_address_reg10 ;
; 25.015 ; 27.142       ; 2.127          ; High Pulse Width ; u_ov7670_lcm_wall_core|u0|altpll_component|pll|clk[0] ; Rise       ; ov7670_lcm_wall_core:u_ov7670_lcm_wall_core|altsyncram:frame_buf_rtl_0|altsyncram_o4d1:auto_generated|altsyncram_rng1:altsyncram1|ram_block2a13~porta_address_reg11 ;
; 25.015 ; 27.142       ; 2.127          ; High Pulse Width ; u_ov7670_lcm_wall_core|u0|altpll_component|pll|clk[0] ; Rise       ; ov7670_lcm_wall_core:u_ov7670_lcm_wall_core|altsyncram:frame_buf_rtl_0|altsyncram_o4d1:auto_generated|altsyncram_rng1:altsyncram1|ram_block2a13~porta_address_reg2  ;
; 25.015 ; 27.142       ; 2.127          ; High Pulse Width ; u_ov7670_lcm_wall_core|u0|altpll_component|pll|clk[0] ; Rise       ; ov7670_lcm_wall_core:u_ov7670_lcm_wall_core|altsyncram:frame_buf_rtl_0|altsyncram_o4d1:auto_generated|altsyncram_rng1:altsyncram1|ram_block2a13~porta_address_reg3  ;
; 25.015 ; 27.142       ; 2.127          ; High Pulse Width ; u_ov7670_lcm_wall_core|u0|altpll_component|pll|clk[0] ; Rise       ; ov7670_lcm_wall_core:u_ov7670_lcm_wall_core|altsyncram:frame_buf_rtl_0|altsyncram_o4d1:auto_generated|altsyncram_rng1:altsyncram1|ram_block2a13~porta_address_reg4  ;
; 25.015 ; 27.142       ; 2.127          ; High Pulse Width ; u_ov7670_lcm_wall_core|u0|altpll_component|pll|clk[0] ; Rise       ; ov7670_lcm_wall_core:u_ov7670_lcm_wall_core|altsyncram:frame_buf_rtl_0|altsyncram_o4d1:auto_generated|altsyncram_rng1:altsyncram1|ram_block2a13~porta_address_reg5  ;
; 25.015 ; 27.142       ; 2.127          ; High Pulse Width ; u_ov7670_lcm_wall_core|u0|altpll_component|pll|clk[0] ; Rise       ; ov7670_lcm_wall_core:u_ov7670_lcm_wall_core|altsyncram:frame_buf_rtl_0|altsyncram_o4d1:auto_generated|altsyncram_rng1:altsyncram1|ram_block2a13~porta_address_reg6  ;
; 25.015 ; 27.142       ; 2.127          ; High Pulse Width ; u_ov7670_lcm_wall_core|u0|altpll_component|pll|clk[0] ; Rise       ; ov7670_lcm_wall_core:u_ov7670_lcm_wall_core|altsyncram:frame_buf_rtl_0|altsyncram_o4d1:auto_generated|altsyncram_rng1:altsyncram1|ram_block2a13~porta_address_reg7  ;
; 25.015 ; 27.142       ; 2.127          ; High Pulse Width ; u_ov7670_lcm_wall_core|u0|altpll_component|pll|clk[0] ; Rise       ; ov7670_lcm_wall_core:u_ov7670_lcm_wall_core|altsyncram:frame_buf_rtl_0|altsyncram_o4d1:auto_generated|altsyncram_rng1:altsyncram1|ram_block2a13~porta_address_reg8  ;
; 25.015 ; 27.142       ; 2.127          ; High Pulse Width ; u_ov7670_lcm_wall_core|u0|altpll_component|pll|clk[0] ; Rise       ; ov7670_lcm_wall_core:u_ov7670_lcm_wall_core|altsyncram:frame_buf_rtl_0|altsyncram_o4d1:auto_generated|altsyncram_rng1:altsyncram1|ram_block2a13~porta_address_reg9  ;
; 25.015 ; 27.142       ; 2.127          ; High Pulse Width ; u_ov7670_lcm_wall_core|u0|altpll_component|pll|clk[0] ; Rise       ; ov7670_lcm_wall_core:u_ov7670_lcm_wall_core|altsyncram:frame_buf_rtl_0|altsyncram_o4d1:auto_generated|altsyncram_rng1:altsyncram1|ram_block2a14~porta_address_reg0  ;
; 25.015 ; 27.142       ; 2.127          ; High Pulse Width ; u_ov7670_lcm_wall_core|u0|altpll_component|pll|clk[0] ; Rise       ; ov7670_lcm_wall_core:u_ov7670_lcm_wall_core|altsyncram:frame_buf_rtl_0|altsyncram_o4d1:auto_generated|altsyncram_rng1:altsyncram1|ram_block2a14~porta_address_reg1  ;
; 25.015 ; 27.142       ; 2.127          ; High Pulse Width ; u_ov7670_lcm_wall_core|u0|altpll_component|pll|clk[0] ; Rise       ; ov7670_lcm_wall_core:u_ov7670_lcm_wall_core|altsyncram:frame_buf_rtl_0|altsyncram_o4d1:auto_generated|altsyncram_rng1:altsyncram1|ram_block2a14~porta_address_reg10 ;
; 25.015 ; 27.142       ; 2.127          ; High Pulse Width ; u_ov7670_lcm_wall_core|u0|altpll_component|pll|clk[0] ; Rise       ; ov7670_lcm_wall_core:u_ov7670_lcm_wall_core|altsyncram:frame_buf_rtl_0|altsyncram_o4d1:auto_generated|altsyncram_rng1:altsyncram1|ram_block2a14~porta_address_reg11 ;
; 25.015 ; 27.142       ; 2.127          ; High Pulse Width ; u_ov7670_lcm_wall_core|u0|altpll_component|pll|clk[0] ; Rise       ; ov7670_lcm_wall_core:u_ov7670_lcm_wall_core|altsyncram:frame_buf_rtl_0|altsyncram_o4d1:auto_generated|altsyncram_rng1:altsyncram1|ram_block2a14~porta_address_reg2  ;
; 25.015 ; 27.142       ; 2.127          ; High Pulse Width ; u_ov7670_lcm_wall_core|u0|altpll_component|pll|clk[0] ; Rise       ; ov7670_lcm_wall_core:u_ov7670_lcm_wall_core|altsyncram:frame_buf_rtl_0|altsyncram_o4d1:auto_generated|altsyncram_rng1:altsyncram1|ram_block2a14~porta_address_reg3  ;
; 25.015 ; 27.142       ; 2.127          ; High Pulse Width ; u_ov7670_lcm_wall_core|u0|altpll_component|pll|clk[0] ; Rise       ; ov7670_lcm_wall_core:u_ov7670_lcm_wall_core|altsyncram:frame_buf_rtl_0|altsyncram_o4d1:auto_generated|altsyncram_rng1:altsyncram1|ram_block2a14~porta_address_reg4  ;
; 25.015 ; 27.142       ; 2.127          ; High Pulse Width ; u_ov7670_lcm_wall_core|u0|altpll_component|pll|clk[0] ; Rise       ; ov7670_lcm_wall_core:u_ov7670_lcm_wall_core|altsyncram:frame_buf_rtl_0|altsyncram_o4d1:auto_generated|altsyncram_rng1:altsyncram1|ram_block2a14~porta_address_reg5  ;
; 25.015 ; 27.142       ; 2.127          ; High Pulse Width ; u_ov7670_lcm_wall_core|u0|altpll_component|pll|clk[0] ; Rise       ; ov7670_lcm_wall_core:u_ov7670_lcm_wall_core|altsyncram:frame_buf_rtl_0|altsyncram_o4d1:auto_generated|altsyncram_rng1:altsyncram1|ram_block2a14~porta_address_reg6  ;
; 25.015 ; 27.142       ; 2.127          ; High Pulse Width ; u_ov7670_lcm_wall_core|u0|altpll_component|pll|clk[0] ; Rise       ; ov7670_lcm_wall_core:u_ov7670_lcm_wall_core|altsyncram:frame_buf_rtl_0|altsyncram_o4d1:auto_generated|altsyncram_rng1:altsyncram1|ram_block2a14~porta_address_reg7  ;
; 25.015 ; 27.142       ; 2.127          ; High Pulse Width ; u_ov7670_lcm_wall_core|u0|altpll_component|pll|clk[0] ; Rise       ; ov7670_lcm_wall_core:u_ov7670_lcm_wall_core|altsyncram:frame_buf_rtl_0|altsyncram_o4d1:auto_generated|altsyncram_rng1:altsyncram1|ram_block2a14~porta_address_reg8  ;
; 25.015 ; 27.142       ; 2.127          ; High Pulse Width ; u_ov7670_lcm_wall_core|u0|altpll_component|pll|clk[0] ; Rise       ; ov7670_lcm_wall_core:u_ov7670_lcm_wall_core|altsyncram:frame_buf_rtl_0|altsyncram_o4d1:auto_generated|altsyncram_rng1:altsyncram1|ram_block2a14~porta_address_reg9  ;
; 25.015 ; 27.142       ; 2.127          ; High Pulse Width ; u_ov7670_lcm_wall_core|u0|altpll_component|pll|clk[0] ; Rise       ; ov7670_lcm_wall_core:u_ov7670_lcm_wall_core|altsyncram:frame_buf_rtl_0|altsyncram_o4d1:auto_generated|altsyncram_rng1:altsyncram1|ram_block2a15~porta_address_reg0  ;
; 25.015 ; 27.142       ; 2.127          ; High Pulse Width ; u_ov7670_lcm_wall_core|u0|altpll_component|pll|clk[0] ; Rise       ; ov7670_lcm_wall_core:u_ov7670_lcm_wall_core|altsyncram:frame_buf_rtl_0|altsyncram_o4d1:auto_generated|altsyncram_rng1:altsyncram1|ram_block2a15~porta_address_reg1  ;
; 25.015 ; 27.142       ; 2.127          ; High Pulse Width ; u_ov7670_lcm_wall_core|u0|altpll_component|pll|clk[0] ; Rise       ; ov7670_lcm_wall_core:u_ov7670_lcm_wall_core|altsyncram:frame_buf_rtl_0|altsyncram_o4d1:auto_generated|altsyncram_rng1:altsyncram1|ram_block2a15~porta_address_reg10 ;
; 25.015 ; 27.142       ; 2.127          ; High Pulse Width ; u_ov7670_lcm_wall_core|u0|altpll_component|pll|clk[0] ; Rise       ; ov7670_lcm_wall_core:u_ov7670_lcm_wall_core|altsyncram:frame_buf_rtl_0|altsyncram_o4d1:auto_generated|altsyncram_rng1:altsyncram1|ram_block2a15~porta_address_reg11 ;
; 25.015 ; 27.142       ; 2.127          ; High Pulse Width ; u_ov7670_lcm_wall_core|u0|altpll_component|pll|clk[0] ; Rise       ; ov7670_lcm_wall_core:u_ov7670_lcm_wall_core|altsyncram:frame_buf_rtl_0|altsyncram_o4d1:auto_generated|altsyncram_rng1:altsyncram1|ram_block2a15~porta_address_reg2  ;
; 25.015 ; 27.142       ; 2.127          ; High Pulse Width ; u_ov7670_lcm_wall_core|u0|altpll_component|pll|clk[0] ; Rise       ; ov7670_lcm_wall_core:u_ov7670_lcm_wall_core|altsyncram:frame_buf_rtl_0|altsyncram_o4d1:auto_generated|altsyncram_rng1:altsyncram1|ram_block2a15~porta_address_reg3  ;
; 25.015 ; 27.142       ; 2.127          ; High Pulse Width ; u_ov7670_lcm_wall_core|u0|altpll_component|pll|clk[0] ; Rise       ; ov7670_lcm_wall_core:u_ov7670_lcm_wall_core|altsyncram:frame_buf_rtl_0|altsyncram_o4d1:auto_generated|altsyncram_rng1:altsyncram1|ram_block2a15~porta_address_reg4  ;
; 25.015 ; 27.142       ; 2.127          ; High Pulse Width ; u_ov7670_lcm_wall_core|u0|altpll_component|pll|clk[0] ; Rise       ; ov7670_lcm_wall_core:u_ov7670_lcm_wall_core|altsyncram:frame_buf_rtl_0|altsyncram_o4d1:auto_generated|altsyncram_rng1:altsyncram1|ram_block2a15~porta_address_reg5  ;
; 25.015 ; 27.142       ; 2.127          ; High Pulse Width ; u_ov7670_lcm_wall_core|u0|altpll_component|pll|clk[0] ; Rise       ; ov7670_lcm_wall_core:u_ov7670_lcm_wall_core|altsyncram:frame_buf_rtl_0|altsyncram_o4d1:auto_generated|altsyncram_rng1:altsyncram1|ram_block2a15~porta_address_reg6  ;
; 25.015 ; 27.142       ; 2.127          ; High Pulse Width ; u_ov7670_lcm_wall_core|u0|altpll_component|pll|clk[0] ; Rise       ; ov7670_lcm_wall_core:u_ov7670_lcm_wall_core|altsyncram:frame_buf_rtl_0|altsyncram_o4d1:auto_generated|altsyncram_rng1:altsyncram1|ram_block2a15~porta_address_reg7  ;
; 25.015 ; 27.142       ; 2.127          ; High Pulse Width ; u_ov7670_lcm_wall_core|u0|altpll_component|pll|clk[0] ; Rise       ; ov7670_lcm_wall_core:u_ov7670_lcm_wall_core|altsyncram:frame_buf_rtl_0|altsyncram_o4d1:auto_generated|altsyncram_rng1:altsyncram1|ram_block2a15~porta_address_reg8  ;
; 25.015 ; 27.142       ; 2.127          ; High Pulse Width ; u_ov7670_lcm_wall_core|u0|altpll_component|pll|clk[0] ; Rise       ; ov7670_lcm_wall_core:u_ov7670_lcm_wall_core|altsyncram:frame_buf_rtl_0|altsyncram_o4d1:auto_generated|altsyncram_rng1:altsyncram1|ram_block2a15~porta_address_reg9  ;
; 25.015 ; 27.142       ; 2.127          ; High Pulse Width ; u_ov7670_lcm_wall_core|u0|altpll_component|pll|clk[0] ; Rise       ; ov7670_lcm_wall_core:u_ov7670_lcm_wall_core|altsyncram:frame_buf_rtl_0|altsyncram_o4d1:auto_generated|altsyncram_rng1:altsyncram1|ram_block2a16~porta_address_reg0  ;
; 25.015 ; 27.142       ; 2.127          ; High Pulse Width ; u_ov7670_lcm_wall_core|u0|altpll_component|pll|clk[0] ; Rise       ; ov7670_lcm_wall_core:u_ov7670_lcm_wall_core|altsyncram:frame_buf_rtl_0|altsyncram_o4d1:auto_generated|altsyncram_rng1:altsyncram1|ram_block2a16~porta_address_reg1  ;
; 25.015 ; 27.142       ; 2.127          ; High Pulse Width ; u_ov7670_lcm_wall_core|u0|altpll_component|pll|clk[0] ; Rise       ; ov7670_lcm_wall_core:u_ov7670_lcm_wall_core|altsyncram:frame_buf_rtl_0|altsyncram_o4d1:auto_generated|altsyncram_rng1:altsyncram1|ram_block2a16~porta_address_reg10 ;
; 25.015 ; 27.142       ; 2.127          ; High Pulse Width ; u_ov7670_lcm_wall_core|u0|altpll_component|pll|clk[0] ; Rise       ; ov7670_lcm_wall_core:u_ov7670_lcm_wall_core|altsyncram:frame_buf_rtl_0|altsyncram_o4d1:auto_generated|altsyncram_rng1:altsyncram1|ram_block2a16~porta_address_reg11 ;
; 25.015 ; 27.142       ; 2.127          ; High Pulse Width ; u_ov7670_lcm_wall_core|u0|altpll_component|pll|clk[0] ; Rise       ; ov7670_lcm_wall_core:u_ov7670_lcm_wall_core|altsyncram:frame_buf_rtl_0|altsyncram_o4d1:auto_generated|altsyncram_rng1:altsyncram1|ram_block2a16~porta_address_reg2  ;
; 25.015 ; 27.142       ; 2.127          ; High Pulse Width ; u_ov7670_lcm_wall_core|u0|altpll_component|pll|clk[0] ; Rise       ; ov7670_lcm_wall_core:u_ov7670_lcm_wall_core|altsyncram:frame_buf_rtl_0|altsyncram_o4d1:auto_generated|altsyncram_rng1:altsyncram1|ram_block2a16~porta_address_reg3  ;
; 25.015 ; 27.142       ; 2.127          ; High Pulse Width ; u_ov7670_lcm_wall_core|u0|altpll_component|pll|clk[0] ; Rise       ; ov7670_lcm_wall_core:u_ov7670_lcm_wall_core|altsyncram:frame_buf_rtl_0|altsyncram_o4d1:auto_generated|altsyncram_rng1:altsyncram1|ram_block2a16~porta_address_reg4  ;
; 25.015 ; 27.142       ; 2.127          ; High Pulse Width ; u_ov7670_lcm_wall_core|u0|altpll_component|pll|clk[0] ; Rise       ; ov7670_lcm_wall_core:u_ov7670_lcm_wall_core|altsyncram:frame_buf_rtl_0|altsyncram_o4d1:auto_generated|altsyncram_rng1:altsyncram1|ram_block2a16~porta_address_reg5  ;
; 25.015 ; 27.142       ; 2.127          ; High Pulse Width ; u_ov7670_lcm_wall_core|u0|altpll_component|pll|clk[0] ; Rise       ; ov7670_lcm_wall_core:u_ov7670_lcm_wall_core|altsyncram:frame_buf_rtl_0|altsyncram_o4d1:auto_generated|altsyncram_rng1:altsyncram1|ram_block2a16~porta_address_reg6  ;
; 25.015 ; 27.142       ; 2.127          ; High Pulse Width ; u_ov7670_lcm_wall_core|u0|altpll_component|pll|clk[0] ; Rise       ; ov7670_lcm_wall_core:u_ov7670_lcm_wall_core|altsyncram:frame_buf_rtl_0|altsyncram_o4d1:auto_generated|altsyncram_rng1:altsyncram1|ram_block2a16~porta_address_reg7  ;
; 25.015 ; 27.142       ; 2.127          ; High Pulse Width ; u_ov7670_lcm_wall_core|u0|altpll_component|pll|clk[0] ; Rise       ; ov7670_lcm_wall_core:u_ov7670_lcm_wall_core|altsyncram:frame_buf_rtl_0|altsyncram_o4d1:auto_generated|altsyncram_rng1:altsyncram1|ram_block2a16~porta_address_reg8  ;
; 25.015 ; 27.142       ; 2.127          ; High Pulse Width ; u_ov7670_lcm_wall_core|u0|altpll_component|pll|clk[0] ; Rise       ; ov7670_lcm_wall_core:u_ov7670_lcm_wall_core|altsyncram:frame_buf_rtl_0|altsyncram_o4d1:auto_generated|altsyncram_rng1:altsyncram1|ram_block2a16~porta_address_reg9  ;
; 25.015 ; 27.142       ; 2.127          ; High Pulse Width ; u_ov7670_lcm_wall_core|u0|altpll_component|pll|clk[0] ; Rise       ; ov7670_lcm_wall_core:u_ov7670_lcm_wall_core|altsyncram:frame_buf_rtl_0|altsyncram_o4d1:auto_generated|altsyncram_rng1:altsyncram1|ram_block2a17~porta_address_reg0  ;
; 25.015 ; 27.142       ; 2.127          ; High Pulse Width ; u_ov7670_lcm_wall_core|u0|altpll_component|pll|clk[0] ; Rise       ; ov7670_lcm_wall_core:u_ov7670_lcm_wall_core|altsyncram:frame_buf_rtl_0|altsyncram_o4d1:auto_generated|altsyncram_rng1:altsyncram1|ram_block2a17~porta_address_reg1  ;
; 25.015 ; 27.142       ; 2.127          ; High Pulse Width ; u_ov7670_lcm_wall_core|u0|altpll_component|pll|clk[0] ; Rise       ; ov7670_lcm_wall_core:u_ov7670_lcm_wall_core|altsyncram:frame_buf_rtl_0|altsyncram_o4d1:auto_generated|altsyncram_rng1:altsyncram1|ram_block2a17~porta_address_reg10 ;
; 25.015 ; 27.142       ; 2.127          ; High Pulse Width ; u_ov7670_lcm_wall_core|u0|altpll_component|pll|clk[0] ; Rise       ; ov7670_lcm_wall_core:u_ov7670_lcm_wall_core|altsyncram:frame_buf_rtl_0|altsyncram_o4d1:auto_generated|altsyncram_rng1:altsyncram1|ram_block2a17~porta_address_reg11 ;
+--------+--------------+----------------+------------------+-------------------------------------------------------+------------+---------------------------------------------------------------------------------------------------------------------------------------------------------------------+


+-------------------------------------------------------------------------+
; Setup Times                                                             ;
+-----------+------------+--------+--------+------------+-----------------+
; Data Port ; Clock Port ; Rise   ; Fall   ; Clock Edge ; Clock Reference ;
+-----------+------------+--------+--------+------------+-----------------+
; KEY[*]    ; CLOCK_50   ; 9.820  ; 9.820  ; Rise       ; CLOCK_50        ;
;  KEY[2]   ; CLOCK_50   ; 8.380  ; 8.380  ; Rise       ; CLOCK_50        ;
;  KEY[3]   ; CLOCK_50   ; 9.820  ; 9.820  ; Rise       ; CLOCK_50        ;
; SW[*]     ; CLOCK_50   ; 11.697 ; 11.697 ; Rise       ; CLOCK_50        ;
;  SW[0]    ; CLOCK_50   ; 6.474  ; 6.474  ; Rise       ; CLOCK_50        ;
;  SW[1]    ; CLOCK_50   ; 5.967  ; 5.967  ; Rise       ; CLOCK_50        ;
;  SW[2]    ; CLOCK_50   ; 4.046  ; 4.046  ; Rise       ; CLOCK_50        ;
;  SW[3]    ; CLOCK_50   ; 5.015  ; 5.015  ; Rise       ; CLOCK_50        ;
;  SW[4]    ; CLOCK_50   ; 5.721  ; 5.721  ; Rise       ; CLOCK_50        ;
;  SW[5]    ; CLOCK_50   ; 5.978  ; 5.978  ; Rise       ; CLOCK_50        ;
;  SW[6]    ; CLOCK_50   ; 6.429  ; 6.429  ; Rise       ; CLOCK_50        ;
;  SW[7]    ; CLOCK_50   ; 5.741  ; 5.741  ; Rise       ; CLOCK_50        ;
;  SW[8]    ; CLOCK_50   ; 5.291  ; 5.291  ; Rise       ; CLOCK_50        ;
;  SW[9]    ; CLOCK_50   ; 5.353  ; 5.353  ; Rise       ; CLOCK_50        ;
;  SW[10]   ; CLOCK_50   ; 7.207  ; 7.207  ; Rise       ; CLOCK_50        ;
;  SW[11]   ; CLOCK_50   ; 6.355  ; 6.355  ; Rise       ; CLOCK_50        ;
;  SW[12]   ; CLOCK_50   ; 6.714  ; 6.714  ; Rise       ; CLOCK_50        ;
;  SW[13]   ; CLOCK_50   ; 9.984  ; 9.984  ; Rise       ; CLOCK_50        ;
;  SW[14]   ; CLOCK_50   ; 10.782 ; 10.782 ; Rise       ; CLOCK_50        ;
;  SW[15]   ; CLOCK_50   ; 10.900 ; 10.900 ; Rise       ; CLOCK_50        ;
;  SW[16]   ; CLOCK_50   ; 9.939  ; 9.939  ; Rise       ; CLOCK_50        ;
;  SW[17]   ; CLOCK_50   ; 11.697 ; 11.697 ; Rise       ; CLOCK_50        ;
+-----------+------------+--------+--------+------------+-----------------+


+-------------------------------------------------------------------------+
; Hold Times                                                              ;
+-----------+------------+--------+--------+------------+-----------------+
; Data Port ; Clock Port ; Rise   ; Fall   ; Clock Edge ; Clock Reference ;
+-----------+------------+--------+--------+------------+-----------------+
; KEY[*]    ; CLOCK_50   ; -6.256 ; -6.256 ; Rise       ; CLOCK_50        ;
;  KEY[2]   ; CLOCK_50   ; -6.256 ; -6.256 ; Rise       ; CLOCK_50        ;
;  KEY[3]   ; CLOCK_50   ; -8.156 ; -8.156 ; Rise       ; CLOCK_50        ;
; SW[*]     ; CLOCK_50   ; -1.922 ; -1.922 ; Rise       ; CLOCK_50        ;
;  SW[0]    ; CLOCK_50   ; -4.885 ; -4.885 ; Rise       ; CLOCK_50        ;
;  SW[1]    ; CLOCK_50   ; -4.094 ; -4.094 ; Rise       ; CLOCK_50        ;
;  SW[2]    ; CLOCK_50   ; -1.922 ; -1.922 ; Rise       ; CLOCK_50        ;
;  SW[3]    ; CLOCK_50   ; -3.351 ; -3.351 ; Rise       ; CLOCK_50        ;
;  SW[4]    ; CLOCK_50   ; -4.270 ; -4.270 ; Rise       ; CLOCK_50        ;
;  SW[5]    ; CLOCK_50   ; -4.306 ; -4.306 ; Rise       ; CLOCK_50        ;
;  SW[6]    ; CLOCK_50   ; -4.605 ; -4.605 ; Rise       ; CLOCK_50        ;
;  SW[7]    ; CLOCK_50   ; -3.975 ; -3.975 ; Rise       ; CLOCK_50        ;
;  SW[8]    ; CLOCK_50   ; -3.920 ; -3.920 ; Rise       ; CLOCK_50        ;
;  SW[9]    ; CLOCK_50   ; -4.070 ; -4.070 ; Rise       ; CLOCK_50        ;
;  SW[10]   ; CLOCK_50   ; -5.801 ; -5.801 ; Rise       ; CLOCK_50        ;
;  SW[11]   ; CLOCK_50   ; -4.834 ; -4.834 ; Rise       ; CLOCK_50        ;
;  SW[12]   ; CLOCK_50   ; -4.722 ; -4.722 ; Rise       ; CLOCK_50        ;
;  SW[13]   ; CLOCK_50   ; -8.086 ; -8.086 ; Rise       ; CLOCK_50        ;
;  SW[14]   ; CLOCK_50   ; -9.609 ; -9.609 ; Rise       ; CLOCK_50        ;
;  SW[15]   ; CLOCK_50   ; -8.737 ; -8.737 ; Rise       ; CLOCK_50        ;
;  SW[16]   ; CLOCK_50   ; -8.182 ; -8.182 ; Rise       ; CLOCK_50        ;
;  SW[17]   ; CLOCK_50   ; -6.315 ; -6.315 ; Rise       ; CLOCK_50        ;
+-----------+------------+--------+--------+------------+-----------------+


+-----------------------------------------------------------------------------------------------------------------+
; Clock to Output Times                                                                                           ;
+-------------+------------+--------+--------+------------+-------------------------------------------------------+
; Data Port   ; Clock Port ; Rise   ; Fall   ; Clock Edge ; Clock Reference                                       ;
+-------------+------------+--------+--------+------------+-------------------------------------------------------+
; GPIO_0[*]   ; CLOCK_50   ; 8.199  ; 8.199  ; Rise       ; CLOCK_50                                              ;
;  GPIO_0[28] ; CLOCK_50   ; 8.199  ; 8.199  ; Rise       ; CLOCK_50                                              ;
; GPIO_1[*]   ; CLOCK_50   ; 9.068  ; 9.068  ; Rise       ; CLOCK_50                                              ;
;  GPIO_1[1]  ; CLOCK_50   ; 9.068  ; 9.068  ; Rise       ; CLOCK_50                                              ;
;  GPIO_1[4]  ; CLOCK_50   ; 6.086  ; 6.086  ; Rise       ; CLOCK_50                                              ;
; HEX0[*]     ; CLOCK_50   ; 9.793  ; 9.793  ; Rise       ; CLOCK_50                                              ;
;  HEX0[0]    ; CLOCK_50   ; 9.298  ; 9.298  ; Rise       ; CLOCK_50                                              ;
;  HEX0[1]    ; CLOCK_50   ; 9.456  ; 9.456  ; Rise       ; CLOCK_50                                              ;
;  HEX0[2]    ; CLOCK_50   ; 9.793  ; 9.793  ; Rise       ; CLOCK_50                                              ;
;  HEX0[3]    ; CLOCK_50   ; 9.509  ; 9.509  ; Rise       ; CLOCK_50                                              ;
;  HEX0[4]    ; CLOCK_50   ; 9.482  ; 9.482  ; Rise       ; CLOCK_50                                              ;
;  HEX0[5]    ; CLOCK_50   ; 9.457  ; 9.457  ; Rise       ; CLOCK_50                                              ;
;  HEX0[6]    ; CLOCK_50   ; 9.470  ; 9.470  ; Rise       ; CLOCK_50                                              ;
; HEX1[*]     ; CLOCK_50   ; 8.682  ; 8.682  ; Rise       ; CLOCK_50                                              ;
;  HEX1[0]    ; CLOCK_50   ; 8.651  ; 8.651  ; Rise       ; CLOCK_50                                              ;
;  HEX1[1]    ; CLOCK_50   ; 8.682  ; 8.682  ; Rise       ; CLOCK_50                                              ;
;  HEX1[2]    ; CLOCK_50   ; 8.513  ; 8.513  ; Rise       ; CLOCK_50                                              ;
;  HEX1[3]    ; CLOCK_50   ; 8.508  ; 8.508  ; Rise       ; CLOCK_50                                              ;
;  HEX1[4]    ; CLOCK_50   ; 8.557  ; 8.557  ; Rise       ; CLOCK_50                                              ;
;  HEX1[5]    ; CLOCK_50   ; 8.438  ; 8.438  ; Rise       ; CLOCK_50                                              ;
;  HEX1[6]    ; CLOCK_50   ; 8.528  ; 8.528  ; Rise       ; CLOCK_50                                              ;
; HEX2[*]     ; CLOCK_50   ; 7.544  ; 7.544  ; Rise       ; CLOCK_50                                              ;
;  HEX2[0]    ; CLOCK_50   ; 7.262  ; 7.262  ; Rise       ; CLOCK_50                                              ;
;  HEX2[1]    ; CLOCK_50   ; 7.199  ; 7.199  ; Rise       ; CLOCK_50                                              ;
;  HEX2[2]    ; CLOCK_50   ; 7.291  ; 7.291  ; Rise       ; CLOCK_50                                              ;
;  HEX2[3]    ; CLOCK_50   ; 7.253  ; 7.253  ; Rise       ; CLOCK_50                                              ;
;  HEX2[4]    ; CLOCK_50   ; 7.223  ; 7.223  ; Rise       ; CLOCK_50                                              ;
;  HEX2[5]    ; CLOCK_50   ; 7.512  ; 7.512  ; Rise       ; CLOCK_50                                              ;
;  HEX2[6]    ; CLOCK_50   ; 7.544  ; 7.544  ; Rise       ; CLOCK_50                                              ;
; HEX3[*]     ; CLOCK_50   ; 7.853  ; 7.853  ; Rise       ; CLOCK_50                                              ;
;  HEX3[0]    ; CLOCK_50   ; 7.853  ; 7.853  ; Rise       ; CLOCK_50                                              ;
;  HEX3[1]    ; CLOCK_50   ; 7.823  ; 7.823  ; Rise       ; CLOCK_50                                              ;
;  HEX3[2]    ; CLOCK_50   ; 7.825  ; 7.825  ; Rise       ; CLOCK_50                                              ;
;  HEX3[3]    ; CLOCK_50   ; 7.832  ; 7.832  ; Rise       ; CLOCK_50                                              ;
;  HEX3[4]    ; CLOCK_50   ; 7.829  ; 7.829  ; Rise       ; CLOCK_50                                              ;
;  HEX3[5]    ; CLOCK_50   ; 7.524  ; 7.524  ; Rise       ; CLOCK_50                                              ;
;  HEX3[6]    ; CLOCK_50   ; 7.524  ; 7.524  ; Rise       ; CLOCK_50                                              ;
; HEX4[*]     ; CLOCK_50   ; 11.165 ; 11.165 ; Rise       ; CLOCK_50                                              ;
;  HEX4[0]    ; CLOCK_50   ; 9.237  ; 9.237  ; Rise       ; CLOCK_50                                              ;
;  HEX4[1]    ; CLOCK_50   ; 11.165 ; 11.165 ; Rise       ; CLOCK_50                                              ;
;  HEX4[2]    ; CLOCK_50   ; 10.187 ; 10.187 ; Rise       ; CLOCK_50                                              ;
;  HEX4[3]    ; CLOCK_50   ; 10.180 ; 10.180 ; Rise       ; CLOCK_50                                              ;
;  HEX4[4]    ; CLOCK_50   ; 9.865  ; 9.865  ; Rise       ; CLOCK_50                                              ;
;  HEX4[5]    ; CLOCK_50   ; 9.131  ; 9.131  ; Rise       ; CLOCK_50                                              ;
;  HEX4[6]    ; CLOCK_50   ; 9.781  ; 9.781  ; Rise       ; CLOCK_50                                              ;
; HEX5[*]     ; CLOCK_50   ; 12.149 ; 12.149 ; Rise       ; CLOCK_50                                              ;
;  HEX5[0]    ; CLOCK_50   ; 10.118 ; 10.118 ; Rise       ; CLOCK_50                                              ;
;  HEX5[1]    ; CLOCK_50   ; 10.617 ; 10.617 ; Rise       ; CLOCK_50                                              ;
;  HEX5[2]    ; CLOCK_50   ; 12.149 ; 12.149 ; Rise       ; CLOCK_50                                              ;
;  HEX5[3]    ; CLOCK_50   ; 10.525 ; 10.525 ; Rise       ; CLOCK_50                                              ;
;  HEX5[4]    ; CLOCK_50   ; 9.753  ; 9.753  ; Rise       ; CLOCK_50                                              ;
;  HEX5[5]    ; CLOCK_50   ; 10.856 ; 10.856 ; Rise       ; CLOCK_50                                              ;
;  HEX5[6]    ; CLOCK_50   ; 11.371 ; 11.371 ; Rise       ; CLOCK_50                                              ;
; HEX6[*]     ; CLOCK_50   ; 10.849 ; 10.849 ; Rise       ; CLOCK_50                                              ;
;  HEX6[0]    ; CLOCK_50   ; 9.420  ; 9.420  ; Rise       ; CLOCK_50                                              ;
;  HEX6[1]    ; CLOCK_50   ; 9.164  ; 9.164  ; Rise       ; CLOCK_50                                              ;
;  HEX6[2]    ; CLOCK_50   ; 10.624 ; 10.624 ; Rise       ; CLOCK_50                                              ;
;  HEX6[3]    ; CLOCK_50   ; 9.907  ; 9.907  ; Rise       ; CLOCK_50                                              ;
;  HEX6[4]    ; CLOCK_50   ; 10.456 ; 10.456 ; Rise       ; CLOCK_50                                              ;
;  HEX6[5]    ; CLOCK_50   ; 10.849 ; 10.849 ; Rise       ; CLOCK_50                                              ;
;  HEX6[6]    ; CLOCK_50   ; 10.255 ; 10.255 ; Rise       ; CLOCK_50                                              ;
; HEX7[*]     ; CLOCK_50   ; 11.527 ; 11.527 ; Rise       ; CLOCK_50                                              ;
;  HEX7[0]    ; CLOCK_50   ; 10.742 ; 10.742 ; Rise       ; CLOCK_50                                              ;
;  HEX7[1]    ; CLOCK_50   ; 10.460 ; 10.460 ; Rise       ; CLOCK_50                                              ;
;  HEX7[2]    ; CLOCK_50   ; 9.445  ; 9.445  ; Rise       ; CLOCK_50                                              ;
;  HEX7[3]    ; CLOCK_50   ; 11.278 ; 11.278 ; Rise       ; CLOCK_50                                              ;
;  HEX7[4]    ; CLOCK_50   ; 11.210 ; 11.210 ; Rise       ; CLOCK_50                                              ;
;  HEX7[5]    ; CLOCK_50   ; 11.527 ; 11.527 ; Rise       ; CLOCK_50                                              ;
;  HEX7[6]    ; CLOCK_50   ; 9.753  ; 9.753  ; Rise       ; CLOCK_50                                              ;
; LEDG[*]     ; CLOCK_50   ; 9.304  ; 9.304  ; Rise       ; CLOCK_50                                              ;
;  LEDG[3]    ; CLOCK_50   ; 7.037  ; 7.037  ; Rise       ; CLOCK_50                                              ;
;  LEDG[4]    ; CLOCK_50   ; 7.768  ; 7.768  ; Rise       ; CLOCK_50                                              ;
;  LEDG[6]    ; CLOCK_50   ; 6.930  ; 6.930  ; Rise       ; CLOCK_50                                              ;
;  LEDG[7]    ; CLOCK_50   ; 9.304  ; 9.304  ; Rise       ; CLOCK_50                                              ;
; LEDR[*]     ; CLOCK_50   ; 8.699  ; 8.699  ; Rise       ; CLOCK_50                                              ;
;  LEDR[0]    ; CLOCK_50   ; 7.540  ; 7.540  ; Rise       ; CLOCK_50                                              ;
;  LEDR[1]    ; CLOCK_50   ; 7.344  ; 7.344  ; Rise       ; CLOCK_50                                              ;
;  LEDR[2]    ; CLOCK_50   ; 7.141  ; 7.141  ; Rise       ; CLOCK_50                                              ;
;  LEDR[3]    ; CLOCK_50   ; 7.319  ; 7.319  ; Rise       ; CLOCK_50                                              ;
;  LEDR[4]    ; CLOCK_50   ; 7.098  ; 7.098  ; Rise       ; CLOCK_50                                              ;
;  LEDR[5]    ; CLOCK_50   ; 7.591  ; 7.591  ; Rise       ; CLOCK_50                                              ;
;  LEDR[6]    ; CLOCK_50   ; 6.779  ; 6.779  ; Rise       ; CLOCK_50                                              ;
;  LEDR[7]    ; CLOCK_50   ; 7.525  ; 7.525  ; Rise       ; CLOCK_50                                              ;
;  LEDR[8]    ; CLOCK_50   ; 7.224  ; 7.224  ; Rise       ; CLOCK_50                                              ;
;  LEDR[9]    ; CLOCK_50   ; 7.185  ; 7.185  ; Rise       ; CLOCK_50                                              ;
;  LEDR[10]   ; CLOCK_50   ; 7.864  ; 7.864  ; Rise       ; CLOCK_50                                              ;
;  LEDR[11]   ; CLOCK_50   ; 7.448  ; 7.448  ; Rise       ; CLOCK_50                                              ;
;  LEDR[12]   ; CLOCK_50   ; 7.983  ; 7.983  ; Rise       ; CLOCK_50                                              ;
;  LEDR[13]   ; CLOCK_50   ; 7.453  ; 7.453  ; Rise       ; CLOCK_50                                              ;
;  LEDR[14]   ; CLOCK_50   ; 7.766  ; 7.766  ; Rise       ; CLOCK_50                                              ;
;  LEDR[15]   ; CLOCK_50   ; 8.699  ; 8.699  ; Rise       ; CLOCK_50                                              ;
;  LEDR[16]   ; CLOCK_50   ; 7.855  ; 7.855  ; Rise       ; CLOCK_50                                              ;
;  LEDR[17]   ; CLOCK_50   ; 7.637  ; 7.637  ; Rise       ; CLOCK_50                                              ;
; UART_TXD    ; CLOCK_50   ; 7.490  ; 7.490  ; Rise       ; CLOCK_50                                              ;
; GPIO_0[*]   ; CLOCK_50   ; 6.718  ; 6.718  ; Rise       ; u_ov7670_lcm_wall_core|u0|altpll_component|pll|clk[0] ;
;  GPIO_0[18] ; CLOCK_50   ; 6.718  ; 6.718  ; Rise       ; u_ov7670_lcm_wall_core|u0|altpll_component|pll|clk[0] ;
;  GPIO_0[19] ; CLOCK_50   ; 6.216  ; 6.216  ; Rise       ; u_ov7670_lcm_wall_core|u0|altpll_component|pll|clk[0] ;
;  GPIO_0[20] ; CLOCK_50   ; 6.157  ; 6.157  ; Rise       ; u_ov7670_lcm_wall_core|u0|altpll_component|pll|clk[0] ;
;  GPIO_0[21] ; CLOCK_50   ; 6.265  ; 6.265  ; Rise       ; u_ov7670_lcm_wall_core|u0|altpll_component|pll|clk[0] ;
;  GPIO_0[22] ; CLOCK_50   ; 6.314  ; 6.314  ; Rise       ; u_ov7670_lcm_wall_core|u0|altpll_component|pll|clk[0] ;
;  GPIO_0[23] ; CLOCK_50   ; 6.571  ; 6.571  ; Rise       ; u_ov7670_lcm_wall_core|u0|altpll_component|pll|clk[0] ;
;  GPIO_0[24] ; CLOCK_50   ; 6.356  ; 6.356  ; Rise       ; u_ov7670_lcm_wall_core|u0|altpll_component|pll|clk[0] ;
;  GPIO_0[25] ; CLOCK_50   ; 6.623  ; 6.623  ; Rise       ; u_ov7670_lcm_wall_core|u0|altpll_component|pll|clk[0] ;
;  GPIO_0[26] ; CLOCK_50   ; 5.215  ; 5.215  ; Rise       ; u_ov7670_lcm_wall_core|u0|altpll_component|pll|clk[0] ;
;  GPIO_0[29] ; CLOCK_50   ;        ; 2.689  ; Rise       ; u_ov7670_lcm_wall_core|u0|altpll_component|pll|clk[0] ;
;  GPIO_0[35] ; CLOCK_50   ; 5.141  ; 5.141  ; Rise       ; u_ov7670_lcm_wall_core|u0|altpll_component|pll|clk[0] ;
; GPIO_0[*]   ; CLOCK_50   ; 2.689  ;        ; Fall       ; u_ov7670_lcm_wall_core|u0|altpll_component|pll|clk[0] ;
;  GPIO_0[29] ; CLOCK_50   ; 2.689  ;        ; Fall       ; u_ov7670_lcm_wall_core|u0|altpll_component|pll|clk[0] ;
+-------------+------------+--------+--------+------------+-------------------------------------------------------+


+-----------------------------------------------------------------------------------------------------------------+
; Minimum Clock to Output Times                                                                                   ;
+-------------+------------+--------+--------+------------+-------------------------------------------------------+
; Data Port   ; Clock Port ; Rise   ; Fall   ; Clock Edge ; Clock Reference                                       ;
+-------------+------------+--------+--------+------------+-------------------------------------------------------+
; GPIO_0[*]   ; CLOCK_50   ; 8.199  ; 8.199  ; Rise       ; CLOCK_50                                              ;
;  GPIO_0[28] ; CLOCK_50   ; 8.199  ; 8.199  ; Rise       ; CLOCK_50                                              ;
; GPIO_1[*]   ; CLOCK_50   ; 6.086  ; 6.086  ; Rise       ; CLOCK_50                                              ;
;  GPIO_1[1]  ; CLOCK_50   ; 9.068  ; 9.068  ; Rise       ; CLOCK_50                                              ;
;  GPIO_1[4]  ; CLOCK_50   ; 6.086  ; 6.086  ; Rise       ; CLOCK_50                                              ;
; HEX0[*]     ; CLOCK_50   ; 8.556  ; 8.556  ; Rise       ; CLOCK_50                                              ;
;  HEX0[0]    ; CLOCK_50   ; 8.556  ; 8.556  ; Rise       ; CLOCK_50                                              ;
;  HEX0[1]    ; CLOCK_50   ; 8.713  ; 8.713  ; Rise       ; CLOCK_50                                              ;
;  HEX0[2]    ; CLOCK_50   ; 9.055  ; 9.055  ; Rise       ; CLOCK_50                                              ;
;  HEX0[3]    ; CLOCK_50   ; 8.768  ; 8.768  ; Rise       ; CLOCK_50                                              ;
;  HEX0[4]    ; CLOCK_50   ; 8.742  ; 8.742  ; Rise       ; CLOCK_50                                              ;
;  HEX0[5]    ; CLOCK_50   ; 8.712  ; 8.712  ; Rise       ; CLOCK_50                                              ;
;  HEX0[6]    ; CLOCK_50   ; 8.727  ; 8.727  ; Rise       ; CLOCK_50                                              ;
; HEX1[*]     ; CLOCK_50   ; 7.438  ; 7.438  ; Rise       ; CLOCK_50                                              ;
;  HEX1[0]    ; CLOCK_50   ; 7.634  ; 7.634  ; Rise       ; CLOCK_50                                              ;
;  HEX1[1]    ; CLOCK_50   ; 7.665  ; 7.665  ; Rise       ; CLOCK_50                                              ;
;  HEX1[2]    ; CLOCK_50   ; 7.518  ; 7.518  ; Rise       ; CLOCK_50                                              ;
;  HEX1[3]    ; CLOCK_50   ; 7.487  ; 7.487  ; Rise       ; CLOCK_50                                              ;
;  HEX1[4]    ; CLOCK_50   ; 7.527  ; 7.527  ; Rise       ; CLOCK_50                                              ;
;  HEX1[5]    ; CLOCK_50   ; 7.438  ; 7.438  ; Rise       ; CLOCK_50                                              ;
;  HEX1[6]    ; CLOCK_50   ; 7.510  ; 7.510  ; Rise       ; CLOCK_50                                              ;
; HEX2[*]     ; CLOCK_50   ; 6.888  ; 6.888  ; Rise       ; CLOCK_50                                              ;
;  HEX2[0]    ; CLOCK_50   ; 6.955  ; 6.955  ; Rise       ; CLOCK_50                                              ;
;  HEX2[1]    ; CLOCK_50   ; 6.888  ; 6.888  ; Rise       ; CLOCK_50                                              ;
;  HEX2[2]    ; CLOCK_50   ; 6.978  ; 6.978  ; Rise       ; CLOCK_50                                              ;
;  HEX2[3]    ; CLOCK_50   ; 6.941  ; 6.941  ; Rise       ; CLOCK_50                                              ;
;  HEX2[4]    ; CLOCK_50   ; 6.917  ; 6.917  ; Rise       ; CLOCK_50                                              ;
;  HEX2[5]    ; CLOCK_50   ; 7.206  ; 7.206  ; Rise       ; CLOCK_50                                              ;
;  HEX2[6]    ; CLOCK_50   ; 7.231  ; 7.231  ; Rise       ; CLOCK_50                                              ;
; HEX3[*]     ; CLOCK_50   ; 6.872  ; 6.872  ; Rise       ; CLOCK_50                                              ;
;  HEX3[0]    ; CLOCK_50   ; 7.214  ; 7.214  ; Rise       ; CLOCK_50                                              ;
;  HEX3[1]    ; CLOCK_50   ; 7.184  ; 7.184  ; Rise       ; CLOCK_50                                              ;
;  HEX3[2]    ; CLOCK_50   ; 7.175  ; 7.175  ; Rise       ; CLOCK_50                                              ;
;  HEX3[3]    ; CLOCK_50   ; 7.192  ; 7.192  ; Rise       ; CLOCK_50                                              ;
;  HEX3[4]    ; CLOCK_50   ; 7.189  ; 7.189  ; Rise       ; CLOCK_50                                              ;
;  HEX3[5]    ; CLOCK_50   ; 6.872  ; 6.872  ; Rise       ; CLOCK_50                                              ;
;  HEX3[6]    ; CLOCK_50   ; 6.884  ; 6.884  ; Rise       ; CLOCK_50                                              ;
; HEX4[*]     ; CLOCK_50   ; 8.499  ; 8.499  ; Rise       ; CLOCK_50                                              ;
;  HEX4[0]    ; CLOCK_50   ; 8.620  ; 8.620  ; Rise       ; CLOCK_50                                              ;
;  HEX4[1]    ; CLOCK_50   ; 10.549 ; 10.549 ; Rise       ; CLOCK_50                                              ;
;  HEX4[2]    ; CLOCK_50   ; 9.561  ; 9.561  ; Rise       ; CLOCK_50                                              ;
;  HEX4[3]    ; CLOCK_50   ; 9.552  ; 9.552  ; Rise       ; CLOCK_50                                              ;
;  HEX4[4]    ; CLOCK_50   ; 9.232  ; 9.232  ; Rise       ; CLOCK_50                                              ;
;  HEX4[5]    ; CLOCK_50   ; 8.499  ; 8.499  ; Rise       ; CLOCK_50                                              ;
;  HEX4[6]    ; CLOCK_50   ; 9.163  ; 9.163  ; Rise       ; CLOCK_50                                              ;
; HEX5[*]     ; CLOCK_50   ; 9.127  ; 9.127  ; Rise       ; CLOCK_50                                              ;
;  HEX5[0]    ; CLOCK_50   ; 9.496  ; 9.496  ; Rise       ; CLOCK_50                                              ;
;  HEX5[1]    ; CLOCK_50   ; 9.993  ; 9.993  ; Rise       ; CLOCK_50                                              ;
;  HEX5[2]    ; CLOCK_50   ; 11.522 ; 11.522 ; Rise       ; CLOCK_50                                              ;
;  HEX5[3]    ; CLOCK_50   ; 9.902  ; 9.902  ; Rise       ; CLOCK_50                                              ;
;  HEX5[4]    ; CLOCK_50   ; 9.127  ; 9.127  ; Rise       ; CLOCK_50                                              ;
;  HEX5[5]    ; CLOCK_50   ; 10.229 ; 10.229 ; Rise       ; CLOCK_50                                              ;
;  HEX5[6]    ; CLOCK_50   ; 10.746 ; 10.746 ; Rise       ; CLOCK_50                                              ;
; HEX6[*]     ; CLOCK_50   ; 8.859  ; 8.859  ; Rise       ; CLOCK_50                                              ;
;  HEX6[0]    ; CLOCK_50   ; 9.140  ; 9.140  ; Rise       ; CLOCK_50                                              ;
;  HEX6[1]    ; CLOCK_50   ; 8.859  ; 8.859  ; Rise       ; CLOCK_50                                              ;
;  HEX6[2]    ; CLOCK_50   ; 10.320 ; 10.320 ; Rise       ; CLOCK_50                                              ;
;  HEX6[3]    ; CLOCK_50   ; 9.414  ; 9.414  ; Rise       ; CLOCK_50                                              ;
;  HEX6[4]    ; CLOCK_50   ; 9.962  ; 9.962  ; Rise       ; CLOCK_50                                              ;
;  HEX6[5]    ; CLOCK_50   ; 10.355 ; 10.355 ; Rise       ; CLOCK_50                                              ;
;  HEX6[6]    ; CLOCK_50   ; 9.761  ; 9.761  ; Rise       ; CLOCK_50                                              ;
; HEX7[*]     ; CLOCK_50   ; 8.919  ; 8.919  ; Rise       ; CLOCK_50                                              ;
;  HEX7[0]    ; CLOCK_50   ; 9.939  ; 9.939  ; Rise       ; CLOCK_50                                              ;
;  HEX7[1]    ; CLOCK_50   ; 9.637  ; 9.637  ; Rise       ; CLOCK_50                                              ;
;  HEX7[2]    ; CLOCK_50   ; 9.136  ; 9.136  ; Rise       ; CLOCK_50                                              ;
;  HEX7[3]    ; CLOCK_50   ; 10.449 ; 10.449 ; Rise       ; CLOCK_50                                              ;
;  HEX7[4]    ; CLOCK_50   ; 10.413 ; 10.413 ; Rise       ; CLOCK_50                                              ;
;  HEX7[5]    ; CLOCK_50   ; 10.724 ; 10.724 ; Rise       ; CLOCK_50                                              ;
;  HEX7[6]    ; CLOCK_50   ; 8.919  ; 8.919  ; Rise       ; CLOCK_50                                              ;
; LEDG[*]     ; CLOCK_50   ; 6.930  ; 6.930  ; Rise       ; CLOCK_50                                              ;
;  LEDG[3]    ; CLOCK_50   ; 7.037  ; 7.037  ; Rise       ; CLOCK_50                                              ;
;  LEDG[4]    ; CLOCK_50   ; 7.447  ; 7.447  ; Rise       ; CLOCK_50                                              ;
;  LEDG[6]    ; CLOCK_50   ; 6.930  ; 6.930  ; Rise       ; CLOCK_50                                              ;
;  LEDG[7]    ; CLOCK_50   ; 7.918  ; 7.918  ; Rise       ; CLOCK_50                                              ;
; LEDR[*]     ; CLOCK_50   ; 6.779  ; 6.779  ; Rise       ; CLOCK_50                                              ;
;  LEDR[0]    ; CLOCK_50   ; 7.540  ; 7.540  ; Rise       ; CLOCK_50                                              ;
;  LEDR[1]    ; CLOCK_50   ; 7.344  ; 7.344  ; Rise       ; CLOCK_50                                              ;
;  LEDR[2]    ; CLOCK_50   ; 7.141  ; 7.141  ; Rise       ; CLOCK_50                                              ;
;  LEDR[3]    ; CLOCK_50   ; 7.319  ; 7.319  ; Rise       ; CLOCK_50                                              ;
;  LEDR[4]    ; CLOCK_50   ; 7.098  ; 7.098  ; Rise       ; CLOCK_50                                              ;
;  LEDR[5]    ; CLOCK_50   ; 7.591  ; 7.591  ; Rise       ; CLOCK_50                                              ;
;  LEDR[6]    ; CLOCK_50   ; 6.779  ; 6.779  ; Rise       ; CLOCK_50                                              ;
;  LEDR[7]    ; CLOCK_50   ; 7.525  ; 7.525  ; Rise       ; CLOCK_50                                              ;
;  LEDR[8]    ; CLOCK_50   ; 7.224  ; 7.224  ; Rise       ; CLOCK_50                                              ;
;  LEDR[9]    ; CLOCK_50   ; 7.185  ; 7.185  ; Rise       ; CLOCK_50                                              ;
;  LEDR[10]   ; CLOCK_50   ; 7.864  ; 7.864  ; Rise       ; CLOCK_50                                              ;
;  LEDR[11]   ; CLOCK_50   ; 7.448  ; 7.448  ; Rise       ; CLOCK_50                                              ;
;  LEDR[12]   ; CLOCK_50   ; 7.983  ; 7.983  ; Rise       ; CLOCK_50                                              ;
;  LEDR[13]   ; CLOCK_50   ; 7.453  ; 7.453  ; Rise       ; CLOCK_50                                              ;
;  LEDR[14]   ; CLOCK_50   ; 7.766  ; 7.766  ; Rise       ; CLOCK_50                                              ;
;  LEDR[15]   ; CLOCK_50   ; 8.699  ; 8.699  ; Rise       ; CLOCK_50                                              ;
;  LEDR[16]   ; CLOCK_50   ; 7.855  ; 7.855  ; Rise       ; CLOCK_50                                              ;
;  LEDR[17]   ; CLOCK_50   ; 7.637  ; 7.637  ; Rise       ; CLOCK_50                                              ;
; UART_TXD    ; CLOCK_50   ; 7.490  ; 7.490  ; Rise       ; CLOCK_50                                              ;
; GPIO_0[*]   ; CLOCK_50   ; 5.141  ; 2.689  ; Rise       ; u_ov7670_lcm_wall_core|u0|altpll_component|pll|clk[0] ;
;  GPIO_0[18] ; CLOCK_50   ; 6.167  ; 6.167  ; Rise       ; u_ov7670_lcm_wall_core|u0|altpll_component|pll|clk[0] ;
;  GPIO_0[19] ; CLOCK_50   ; 5.912  ; 5.912  ; Rise       ; u_ov7670_lcm_wall_core|u0|altpll_component|pll|clk[0] ;
;  GPIO_0[20] ; CLOCK_50   ; 5.643  ; 5.643  ; Rise       ; u_ov7670_lcm_wall_core|u0|altpll_component|pll|clk[0] ;
;  GPIO_0[21] ; CLOCK_50   ; 5.742  ; 5.742  ; Rise       ; u_ov7670_lcm_wall_core|u0|altpll_component|pll|clk[0] ;
;  GPIO_0[22] ; CLOCK_50   ; 5.794  ; 5.794  ; Rise       ; u_ov7670_lcm_wall_core|u0|altpll_component|pll|clk[0] ;
;  GPIO_0[23] ; CLOCK_50   ; 6.494  ; 6.494  ; Rise       ; u_ov7670_lcm_wall_core|u0|altpll_component|pll|clk[0] ;
;  GPIO_0[24] ; CLOCK_50   ; 5.828  ; 5.828  ; Rise       ; u_ov7670_lcm_wall_core|u0|altpll_component|pll|clk[0] ;
;  GPIO_0[25] ; CLOCK_50   ; 6.111  ; 6.111  ; Rise       ; u_ov7670_lcm_wall_core|u0|altpll_component|pll|clk[0] ;
;  GPIO_0[26] ; CLOCK_50   ; 5.215  ; 5.215  ; Rise       ; u_ov7670_lcm_wall_core|u0|altpll_component|pll|clk[0] ;
;  GPIO_0[29] ; CLOCK_50   ;        ; 2.689  ; Rise       ; u_ov7670_lcm_wall_core|u0|altpll_component|pll|clk[0] ;
;  GPIO_0[35] ; CLOCK_50   ; 5.141  ; 5.141  ; Rise       ; u_ov7670_lcm_wall_core|u0|altpll_component|pll|clk[0] ;
; GPIO_0[*]   ; CLOCK_50   ; 2.689  ;        ; Fall       ; u_ov7670_lcm_wall_core|u0|altpll_component|pll|clk[0] ;
;  GPIO_0[29] ; CLOCK_50   ; 2.689  ;        ; Fall       ; u_ov7670_lcm_wall_core|u0|altpll_component|pll|clk[0] ;
+-------------+------------+--------+--------+------------+-------------------------------------------------------+


+--------------------------------------------------------------+
; Propagation Delay                                            ;
+------------+-------------+--------+--------+--------+--------+
; Input Port ; Output Port ; RR     ; RF     ; FR     ; FF     ;
+------------+-------------+--------+--------+--------+--------+
; GPIO_1[6]  ; LEDG[1]     ; 9.712  ;        ;        ; 9.712  ;
; GPIO_1[7]  ; LEDG[0]     ; 10.341 ;        ;        ; 10.341 ;
; KEY[0]     ; GPIO_0[30]  ; 8.300  ;        ;        ; 8.300  ;
; KEY[0]     ; LEDG[5]     ; 10.299 ;        ;        ; 10.299 ;
; SW[0]      ; GPIO_0[18]  ; 8.087  ; 8.087  ; 8.087  ; 8.087  ;
; SW[0]      ; GPIO_0[19]  ; 7.691  ; 7.691  ; 7.691  ; 7.691  ;
; SW[0]      ; GPIO_0[20]  ; 7.687  ; 7.687  ; 7.687  ; 7.687  ;
; SW[0]      ; GPIO_0[21]  ; 7.646  ; 7.646  ; 7.646  ; 7.646  ;
; SW[0]      ; GPIO_0[22]  ; 7.698  ; 7.698  ; 7.698  ; 7.698  ;
; SW[0]      ; GPIO_0[23]  ; 8.080  ; 8.080  ; 8.080  ; 8.080  ;
; SW[0]      ; GPIO_0[24]  ; 7.731  ; 7.731  ; 7.731  ; 7.731  ;
; SW[0]      ; GPIO_0[25]  ; 8.155  ; 8.155  ; 8.155  ; 8.155  ;
; SW[1]      ; GPIO_0[18]  ; 7.671  ;        ;        ; 7.671  ;
; SW[1]      ; GPIO_0[19]  ; 7.275  ; 7.275  ; 7.275  ; 7.275  ;
; SW[1]      ; GPIO_0[20]  ; 7.507  ;        ;        ; 7.507  ;
; SW[1]      ; GPIO_0[21]  ; 7.230  ;        ;        ; 7.230  ;
; SW[1]      ; GPIO_0[22]  ; 7.282  ;        ;        ; 7.282  ;
; SW[1]      ; GPIO_0[23]  ; 7.661  ;        ;        ; 7.661  ;
; SW[1]      ; GPIO_0[24]  ; 7.315  ;        ;        ; 7.315  ;
; SW[1]      ; GPIO_0[25]  ; 7.976  ;        ;        ; 7.976  ;
; SW[17]     ; LEDG[4]     ; 13.237 ; 13.237 ; 13.237 ; 13.237 ;
+------------+-------------+--------+--------+--------+--------+


+--------------------------------------------------------------+
; Minimum Propagation Delay                                    ;
+------------+-------------+--------+--------+--------+--------+
; Input Port ; Output Port ; RR     ; RF     ; FR     ; FF     ;
+------------+-------------+--------+--------+--------+--------+
; GPIO_1[6]  ; LEDG[1]     ; 9.712  ;        ;        ; 9.712  ;
; GPIO_1[7]  ; LEDG[0]     ; 10.341 ;        ;        ; 10.341 ;
; KEY[0]     ; GPIO_0[30]  ; 8.300  ;        ;        ; 8.300  ;
; KEY[0]     ; LEDG[5]     ; 10.299 ;        ;        ; 10.299 ;
; SW[0]      ; GPIO_0[18]  ; 8.087  ; 8.087  ; 8.087  ; 8.087  ;
; SW[0]      ; GPIO_0[19]  ; 7.691  ; 7.691  ; 7.691  ; 7.691  ;
; SW[0]      ; GPIO_0[20]  ; 7.687  ; 7.687  ; 7.687  ; 7.687  ;
; SW[0]      ; GPIO_0[21]  ; 7.646  ; 7.646  ; 7.646  ; 7.646  ;
; SW[0]      ; GPIO_0[22]  ; 7.698  ; 7.698  ; 7.698  ; 7.698  ;
; SW[0]      ; GPIO_0[23]  ; 8.080  ; 8.080  ; 8.080  ; 8.080  ;
; SW[0]      ; GPIO_0[24]  ; 7.731  ; 7.731  ; 7.731  ; 7.731  ;
; SW[0]      ; GPIO_0[25]  ; 8.155  ; 8.155  ; 8.155  ; 8.155  ;
; SW[1]      ; GPIO_0[18]  ; 7.671  ;        ;        ; 7.671  ;
; SW[1]      ; GPIO_0[19]  ; 7.275  ; 7.275  ; 7.275  ; 7.275  ;
; SW[1]      ; GPIO_0[20]  ; 7.507  ;        ;        ; 7.507  ;
; SW[1]      ; GPIO_0[21]  ; 7.230  ;        ;        ; 7.230  ;
; SW[1]      ; GPIO_0[22]  ; 7.282  ;        ;        ; 7.282  ;
; SW[1]      ; GPIO_0[23]  ; 7.661  ;        ;        ; 7.661  ;
; SW[1]      ; GPIO_0[24]  ; 7.315  ;        ;        ; 7.315  ;
; SW[1]      ; GPIO_0[25]  ; 7.976  ;        ;        ; 7.976  ;
; SW[17]     ; LEDG[4]     ; 13.237 ; 13.237 ; 13.237 ; 13.237 ;
+------------+-------------+--------+--------+--------+--------+


+--------------------------------------------------------------------------------+
; Fast Model Setup Summary                                                       ;
+-------------------------------------------------------+--------+---------------+
; Clock                                                 ; Slack  ; End Point TNS ;
+-------------------------------------------------------+--------+---------------+
; CLOCK_50                                              ; 8.241  ; 0.000         ;
; u_ov7670_lcm_wall_core|u0|altpll_component|pll|clk[0] ; 43.841 ; 0.000         ;
+-------------------------------------------------------+--------+---------------+


+-------------------------------------------------------------------------------+
; Fast Model Hold Summary                                                       ;
+-------------------------------------------------------+-------+---------------+
; Clock                                                 ; Slack ; End Point TNS ;
+-------------------------------------------------------+-------+---------------+
; CLOCK_50                                              ; 0.215 ; 0.000         ;
; u_ov7670_lcm_wall_core|u0|altpll_component|pll|clk[0] ; 0.215 ; 0.000         ;
+-------------------------------------------------------+-------+---------------+


-------------------------------
; Fast Model Recovery Summary ;
-------------------------------
No paths to report.


------------------------------
; Fast Model Removal Summary ;
------------------------------
No paths to report.


+--------------------------------------------------------------------------------+
; Fast Model Minimum Pulse Width Summary                                         ;
+-------------------------------------------------------+--------+---------------+
; Clock                                                 ; Slack  ; End Point TNS ;
+-------------------------------------------------------+--------+---------------+
; CLOCK_50                                              ; 9.000  ; 0.000         ;
; u_ov7670_lcm_wall_core|u0|altpll_component|pll|clk[0] ; 25.015 ; 0.000         ;
+-------------------------------------------------------+--------+---------------+


+-------------------------------------------------------------------------------------------------------------------------------------------------------------------------+
; Fast Model Setup: 'CLOCK_50'                                                                                                                                            ;
+-------+---------------------------------------+---------------------------------------------------+--------------+-------------+--------------+------------+------------+
; Slack ; From Node                             ; To Node                                           ; Launch Clock ; Latch Clock ; Relationship ; Clock Skew ; Data Delay ;
+-------+---------------------------------------+---------------------------------------------------+--------------+-------------+--------------+------------+------------+
; 8.241 ; RV32I:u_rv32i|DATAPATH:DP|PC:pc|PC[3] ; RV32I:u_rv32i|DATAPATH:DP|REGFILE:regfile|RF~467  ; CLOCK_50     ; CLOCK_50    ; 20.000       ; 0.014      ; 11.805     ;
; 8.244 ; RV32I:u_rv32i|DATAPATH:DP|PC:pc|PC[3] ; RV32I:u_rv32i|DATAPATH:DP|REGFILE:regfile|RF~403  ; CLOCK_50     ; CLOCK_50    ; 20.000       ; 0.014      ; 11.802     ;
; 8.250 ; RV32I:u_rv32i|DATAPATH:DP|PC:pc|PC[3] ; RV32I:u_rv32i|DATAPATH:DP|REGFILE:regfile|RF~179  ; CLOCK_50     ; CLOCK_50    ; 20.000       ; 0.015      ; 11.797     ;
; 8.250 ; RV32I:u_rv32i|DATAPATH:DP|PC:pc|PC[3] ; RV32I:u_rv32i|DATAPATH:DP|REGFILE:regfile|RF~243  ; CLOCK_50     ; CLOCK_50    ; 20.000       ; 0.015      ; 11.797     ;
; 8.253 ; RV32I:u_rv32i|DATAPATH:DP|PC:pc|PC[3] ; RV32I:u_rv32i|DATAPATH:DP|REGFILE:regfile|RF~627  ; CLOCK_50     ; CLOCK_50    ; 20.000       ; -0.002     ; 11.777     ;
; 8.254 ; RV32I:u_rv32i|DATAPATH:DP|PC:pc|PC[3] ; RV32I:u_rv32i|DATAPATH:DP|REGFILE:regfile|RF~67   ; CLOCK_50     ; CLOCK_50    ; 20.000       ; 0.006      ; 11.784     ;
; 8.255 ; RV32I:u_rv32i|DATAPATH:DP|PC:pc|PC[3] ; RV32I:u_rv32i|DATAPATH:DP|REGFILE:regfile|RF~99   ; CLOCK_50     ; CLOCK_50    ; 20.000       ; 0.006      ; 11.783     ;
; 8.255 ; RV32I:u_rv32i|DATAPATH:DP|PC:pc|PC[3] ; RV32I:u_rv32i|DATAPATH:DP|REGFILE:regfile|RF~1011 ; CLOCK_50     ; CLOCK_50    ; 20.000       ; -0.002     ; 11.775     ;
; 8.257 ; RV32I:u_rv32i|DATAPATH:DP|PC:pc|PC[3] ; RV32I:u_rv32i|DATAPATH:DP|REGFILE:regfile|RF~760  ; CLOCK_50     ; CLOCK_50    ; 20.000       ; -0.001     ; 11.774     ;
; 8.258 ; RV32I:u_rv32i|DATAPATH:DP|PC:pc|PC[3] ; RV32I:u_rv32i|DATAPATH:DP|REGFILE:regfile|RF~883  ; CLOCK_50     ; CLOCK_50    ; 20.000       ; -0.001     ; 11.773     ;
; 8.259 ; RV32I:u_rv32i|DATAPATH:DP|PC:pc|PC[3] ; RV32I:u_rv32i|DATAPATH:DP|REGFILE:regfile|RF~755  ; CLOCK_50     ; CLOCK_50    ; 20.000       ; -0.001     ; 11.772     ;
; 8.267 ; RV32I:u_rv32i|DATAPATH:DP|PC:pc|PC[9] ; RV32I:u_rv32i|DATAPATH:DP|REGFILE:regfile|RF~467  ; CLOCK_50     ; CLOCK_50    ; 20.000       ; 0.014      ; 11.779     ;
; 8.268 ; RV32I:u_rv32i|DATAPATH:DP|PC:pc|PC[4] ; RV32I:u_rv32i|DATAPATH:DP|REGFILE:regfile|RF~760  ; CLOCK_50     ; CLOCK_50    ; 20.000       ; 0.004      ; 11.768     ;
; 8.269 ; RV32I:u_rv32i|DATAPATH:DP|PC:pc|PC[9] ; RV32I:u_rv32i|DATAPATH:DP|REGFILE:regfile|RF~625  ; CLOCK_50     ; CLOCK_50    ; 20.000       ; 0.001      ; 11.764     ;
; 8.270 ; RV32I:u_rv32i|DATAPATH:DP|PC:pc|PC[3] ; RV32I:u_rv32i|DATAPATH:DP|REGFILE:regfile|RF~147  ; CLOCK_50     ; CLOCK_50    ; 20.000       ; 0.004      ; 11.766     ;
; 8.270 ; RV32I:u_rv32i|DATAPATH:DP|PC:pc|PC[9] ; RV32I:u_rv32i|DATAPATH:DP|REGFILE:regfile|RF~403  ; CLOCK_50     ; CLOCK_50    ; 20.000       ; 0.014      ; 11.776     ;
; 8.272 ; RV32I:u_rv32i|DATAPATH:DP|PC:pc|PC[3] ; RV32I:u_rv32i|DATAPATH:DP|REGFILE:regfile|RF~211  ; CLOCK_50     ; CLOCK_50    ; 20.000       ; 0.004      ; 11.764     ;
; 8.273 ; RV32I:u_rv32i|DATAPATH:DP|PC:pc|PC[7] ; RV32I:u_rv32i|DATAPATH:DP|REGFILE:regfile|RF~467  ; CLOCK_50     ; CLOCK_50    ; 20.000       ; 0.005      ; 11.764     ;
; 8.275 ; RV32I:u_rv32i|DATAPATH:DP|PC:pc|PC[7] ; RV32I:u_rv32i|DATAPATH:DP|REGFILE:regfile|RF~625  ; CLOCK_50     ; CLOCK_50    ; 20.000       ; -0.008     ; 11.749     ;
; 8.276 ; RV32I:u_rv32i|DATAPATH:DP|PC:pc|PC[9] ; RV32I:u_rv32i|DATAPATH:DP|REGFILE:regfile|RF~179  ; CLOCK_50     ; CLOCK_50    ; 20.000       ; 0.015      ; 11.771     ;
; 8.276 ; RV32I:u_rv32i|DATAPATH:DP|PC:pc|PC[9] ; RV32I:u_rv32i|DATAPATH:DP|REGFILE:regfile|RF~243  ; CLOCK_50     ; CLOCK_50    ; 20.000       ; 0.015      ; 11.771     ;
; 8.276 ; RV32I:u_rv32i|DATAPATH:DP|PC:pc|PC[7] ; RV32I:u_rv32i|DATAPATH:DP|REGFILE:regfile|RF~403  ; CLOCK_50     ; CLOCK_50    ; 20.000       ; 0.005      ; 11.761     ;
; 8.278 ; RV32I:u_rv32i|DATAPATH:DP|PC:pc|PC[9] ; RV32I:u_rv32i|DATAPATH:DP|REGFILE:regfile|RF~210  ; CLOCK_50     ; CLOCK_50    ; 20.000       ; 0.022      ; 11.776     ;
; 8.278 ; RV32I:u_rv32i|DATAPATH:DP|PC:pc|PC[4] ; RV32I:u_rv32i|DATAPATH:DP|REGFILE:regfile|RF~625  ; CLOCK_50     ; CLOCK_50    ; 20.000       ; 0.006      ; 11.760     ;
; 8.278 ; RV32I:u_rv32i|DATAPATH:DP|PC:pc|PC[5] ; RV32I:u_rv32i|DATAPATH:DP|REGFILE:regfile|RF~467  ; CLOCK_50     ; CLOCK_50    ; 20.000       ; 0.014      ; 11.768     ;
; 8.279 ; RV32I:u_rv32i|DATAPATH:DP|PC:pc|PC[9] ; RV32I:u_rv32i|DATAPATH:DP|REGFILE:regfile|RF~627  ; CLOCK_50     ; CLOCK_50    ; 20.000       ; -0.002     ; 11.751     ;
; 8.280 ; RV32I:u_rv32i|DATAPATH:DP|PC:pc|PC[9] ; RV32I:u_rv32i|DATAPATH:DP|REGFILE:regfile|RF~67   ; CLOCK_50     ; CLOCK_50    ; 20.000       ; 0.006      ; 11.758     ;
; 8.281 ; RV32I:u_rv32i|DATAPATH:DP|PC:pc|PC[9] ; RV32I:u_rv32i|DATAPATH:DP|REGFILE:regfile|RF~99   ; CLOCK_50     ; CLOCK_50    ; 20.000       ; 0.006      ; 11.757     ;
; 8.281 ; RV32I:u_rv32i|DATAPATH:DP|PC:pc|PC[9] ; RV32I:u_rv32i|DATAPATH:DP|REGFILE:regfile|RF~1011 ; CLOCK_50     ; CLOCK_50    ; 20.000       ; -0.002     ; 11.749     ;
; 8.281 ; RV32I:u_rv32i|DATAPATH:DP|PC:pc|PC[5] ; RV32I:u_rv32i|DATAPATH:DP|REGFILE:regfile|RF~403  ; CLOCK_50     ; CLOCK_50    ; 20.000       ; 0.014      ; 11.765     ;
; 8.282 ; RV32I:u_rv32i|DATAPATH:DP|PC:pc|PC[7] ; RV32I:u_rv32i|DATAPATH:DP|REGFILE:regfile|RF~179  ; CLOCK_50     ; CLOCK_50    ; 20.000       ; 0.006      ; 11.756     ;
; 8.282 ; RV32I:u_rv32i|DATAPATH:DP|PC:pc|PC[7] ; RV32I:u_rv32i|DATAPATH:DP|REGFILE:regfile|RF~243  ; CLOCK_50     ; CLOCK_50    ; 20.000       ; 0.006      ; 11.756     ;
; 8.283 ; RV32I:u_rv32i|DATAPATH:DP|PC:pc|PC[9] ; RV32I:u_rv32i|DATAPATH:DP|REGFILE:regfile|RF~760  ; CLOCK_50     ; CLOCK_50    ; 20.000       ; -0.001     ; 11.748     ;
; 8.284 ; RV32I:u_rv32i|DATAPATH:DP|PC:pc|PC[9] ; RV32I:u_rv32i|DATAPATH:DP|REGFILE:regfile|RF~883  ; CLOCK_50     ; CLOCK_50    ; 20.000       ; -0.001     ; 11.747     ;
; 8.284 ; RV32I:u_rv32i|DATAPATH:DP|PC:pc|PC[7] ; RV32I:u_rv32i|DATAPATH:DP|REGFILE:regfile|RF~210  ; CLOCK_50     ; CLOCK_50    ; 20.000       ; 0.013      ; 11.761     ;
; 8.285 ; RV32I:u_rv32i|DATAPATH:DP|PC:pc|PC[4] ; RV32I:u_rv32i|DATAPATH:DP|REGFILE:regfile|RF~467  ; CLOCK_50     ; CLOCK_50    ; 20.000       ; 0.019      ; 11.766     ;
; 8.285 ; RV32I:u_rv32i|DATAPATH:DP|PC:pc|PC[9] ; RV32I:u_rv32i|DATAPATH:DP|REGFILE:regfile|RF~755  ; CLOCK_50     ; CLOCK_50    ; 20.000       ; -0.001     ; 11.746     ;
; 8.285 ; RV32I:u_rv32i|DATAPATH:DP|PC:pc|PC[7] ; RV32I:u_rv32i|DATAPATH:DP|REGFILE:regfile|RF~627  ; CLOCK_50     ; CLOCK_50    ; 20.000       ; -0.011     ; 11.736     ;
; 8.286 ; RV32I:u_rv32i|DATAPATH:DP|PC:pc|PC[7] ; RV32I:u_rv32i|DATAPATH:DP|REGFILE:regfile|RF~67   ; CLOCK_50     ; CLOCK_50    ; 20.000       ; -0.003     ; 11.743     ;
; 8.287 ; RV32I:u_rv32i|DATAPATH:DP|PC:pc|PC[4] ; RV32I:u_rv32i|DATAPATH:DP|REGFILE:regfile|RF~210  ; CLOCK_50     ; CLOCK_50    ; 20.000       ; 0.027      ; 11.772     ;
; 8.287 ; RV32I:u_rv32i|DATAPATH:DP|PC:pc|PC[7] ; RV32I:u_rv32i|DATAPATH:DP|REGFILE:regfile|RF~99   ; CLOCK_50     ; CLOCK_50    ; 20.000       ; -0.003     ; 11.742     ;
; 8.287 ; RV32I:u_rv32i|DATAPATH:DP|PC:pc|PC[7] ; RV32I:u_rv32i|DATAPATH:DP|REGFILE:regfile|RF~1011 ; CLOCK_50     ; CLOCK_50    ; 20.000       ; -0.011     ; 11.734     ;
; 8.287 ; RV32I:u_rv32i|DATAPATH:DP|PC:pc|PC[5] ; RV32I:u_rv32i|DATAPATH:DP|REGFILE:regfile|RF~179  ; CLOCK_50     ; CLOCK_50    ; 20.000       ; 0.015      ; 11.760     ;
; 8.287 ; RV32I:u_rv32i|DATAPATH:DP|PC:pc|PC[5] ; RV32I:u_rv32i|DATAPATH:DP|REGFILE:regfile|RF~243  ; CLOCK_50     ; CLOCK_50    ; 20.000       ; 0.015      ; 11.760     ;
; 8.288 ; RV32I:u_rv32i|DATAPATH:DP|PC:pc|PC[4] ; RV32I:u_rv32i|DATAPATH:DP|REGFILE:regfile|RF~403  ; CLOCK_50     ; CLOCK_50    ; 20.000       ; 0.019      ; 11.763     ;
; 8.289 ; RV32I:u_rv32i|DATAPATH:DP|PC:pc|PC[7] ; RV32I:u_rv32i|DATAPATH:DP|REGFILE:regfile|RF~760  ; CLOCK_50     ; CLOCK_50    ; 20.000       ; -0.010     ; 11.733     ;
; 8.290 ; RV32I:u_rv32i|DATAPATH:DP|PC:pc|PC[7] ; RV32I:u_rv32i|DATAPATH:DP|REGFILE:regfile|RF~883  ; CLOCK_50     ; CLOCK_50    ; 20.000       ; -0.010     ; 11.732     ;
; 8.290 ; RV32I:u_rv32i|DATAPATH:DP|PC:pc|PC[5] ; RV32I:u_rv32i|DATAPATH:DP|REGFILE:regfile|RF~627  ; CLOCK_50     ; CLOCK_50    ; 20.000       ; -0.002     ; 11.740     ;
; 8.291 ; RV32I:u_rv32i|DATAPATH:DP|PC:pc|PC[7] ; RV32I:u_rv32i|DATAPATH:DP|REGFILE:regfile|RF~755  ; CLOCK_50     ; CLOCK_50    ; 20.000       ; -0.010     ; 11.731     ;
; 8.291 ; RV32I:u_rv32i|DATAPATH:DP|PC:pc|PC[5] ; RV32I:u_rv32i|DATAPATH:DP|REGFILE:regfile|RF~67   ; CLOCK_50     ; CLOCK_50    ; 20.000       ; 0.006      ; 11.747     ;
; 8.292 ; RV32I:u_rv32i|DATAPATH:DP|PC:pc|PC[5] ; RV32I:u_rv32i|DATAPATH:DP|REGFILE:regfile|RF~625  ; CLOCK_50     ; CLOCK_50    ; 20.000       ; 0.001      ; 11.741     ;
; 8.292 ; RV32I:u_rv32i|DATAPATH:DP|PC:pc|PC[5] ; RV32I:u_rv32i|DATAPATH:DP|REGFILE:regfile|RF~99   ; CLOCK_50     ; CLOCK_50    ; 20.000       ; 0.006      ; 11.746     ;
; 8.292 ; RV32I:u_rv32i|DATAPATH:DP|PC:pc|PC[5] ; RV32I:u_rv32i|DATAPATH:DP|REGFILE:regfile|RF~1011 ; CLOCK_50     ; CLOCK_50    ; 20.000       ; -0.002     ; 11.738     ;
; 8.294 ; RV32I:u_rv32i|DATAPATH:DP|PC:pc|PC[4] ; RV32I:u_rv32i|DATAPATH:DP|REGFILE:regfile|RF~179  ; CLOCK_50     ; CLOCK_50    ; 20.000       ; 0.020      ; 11.758     ;
; 8.294 ; RV32I:u_rv32i|DATAPATH:DP|PC:pc|PC[4] ; RV32I:u_rv32i|DATAPATH:DP|REGFILE:regfile|RF~243  ; CLOCK_50     ; CLOCK_50    ; 20.000       ; 0.020      ; 11.758     ;
; 8.294 ; RV32I:u_rv32i|DATAPATH:DP|PC:pc|PC[5] ; RV32I:u_rv32i|DATAPATH:DP|REGFILE:regfile|RF~760  ; CLOCK_50     ; CLOCK_50    ; 20.000       ; -0.001     ; 11.737     ;
; 8.295 ; RV32I:u_rv32i|DATAPATH:DP|PC:pc|PC[5] ; RV32I:u_rv32i|DATAPATH:DP|REGFILE:regfile|RF~883  ; CLOCK_50     ; CLOCK_50    ; 20.000       ; -0.001     ; 11.736     ;
; 8.296 ; RV32I:u_rv32i|DATAPATH:DP|PC:pc|PC[9] ; RV32I:u_rv32i|DATAPATH:DP|REGFILE:regfile|RF~147  ; CLOCK_50     ; CLOCK_50    ; 20.000       ; 0.004      ; 11.740     ;
; 8.296 ; RV32I:u_rv32i|DATAPATH:DP|PC:pc|PC[5] ; RV32I:u_rv32i|DATAPATH:DP|REGFILE:regfile|RF~755  ; CLOCK_50     ; CLOCK_50    ; 20.000       ; -0.001     ; 11.735     ;
; 8.297 ; RV32I:u_rv32i|DATAPATH:DP|PC:pc|PC[4] ; RV32I:u_rv32i|DATAPATH:DP|REGFILE:regfile|RF~627  ; CLOCK_50     ; CLOCK_50    ; 20.000       ; 0.003      ; 11.738     ;
; 8.298 ; RV32I:u_rv32i|DATAPATH:DP|PC:pc|PC[4] ; RV32I:u_rv32i|DATAPATH:DP|REGFILE:regfile|RF~67   ; CLOCK_50     ; CLOCK_50    ; 20.000       ; 0.011      ; 11.745     ;
; 8.298 ; RV32I:u_rv32i|DATAPATH:DP|PC:pc|PC[9] ; RV32I:u_rv32i|DATAPATH:DP|REGFILE:regfile|RF~211  ; CLOCK_50     ; CLOCK_50    ; 20.000       ; 0.004      ; 11.738     ;
; 8.299 ; RV32I:u_rv32i|DATAPATH:DP|PC:pc|PC[4] ; RV32I:u_rv32i|DATAPATH:DP|REGFILE:regfile|RF~99   ; CLOCK_50     ; CLOCK_50    ; 20.000       ; 0.011      ; 11.744     ;
; 8.299 ; RV32I:u_rv32i|DATAPATH:DP|PC:pc|PC[4] ; RV32I:u_rv32i|DATAPATH:DP|REGFILE:regfile|RF~1011 ; CLOCK_50     ; CLOCK_50    ; 20.000       ; 0.003      ; 11.736     ;
; 8.301 ; RV32I:u_rv32i|DATAPATH:DP|PC:pc|PC[4] ; RV32I:u_rv32i|DATAPATH:DP|REGFILE:regfile|RF~332  ; CLOCK_50     ; CLOCK_50    ; 20.000       ; 0.012      ; 11.743     ;
; 8.301 ; RV32I:u_rv32i|DATAPATH:DP|PC:pc|PC[2] ; RV32I:u_rv32i|DATAPATH:DP|REGFILE:regfile|RF~467  ; CLOCK_50     ; CLOCK_50    ; 20.000       ; 0.006      ; 11.737     ;
; 8.301 ; RV32I:u_rv32i|DATAPATH:DP|PC:pc|PC[5] ; RV32I:u_rv32i|DATAPATH:DP|REGFILE:regfile|RF~210  ; CLOCK_50     ; CLOCK_50    ; 20.000       ; 0.022      ; 11.753     ;
; 8.302 ; RV32I:u_rv32i|DATAPATH:DP|PC:pc|PC[4] ; RV32I:u_rv32i|DATAPATH:DP|REGFILE:regfile|RF~883  ; CLOCK_50     ; CLOCK_50    ; 20.000       ; 0.004      ; 11.734     ;
; 8.302 ; RV32I:u_rv32i|DATAPATH:DP|PC:pc|PC[7] ; RV32I:u_rv32i|DATAPATH:DP|REGFILE:regfile|RF~147  ; CLOCK_50     ; CLOCK_50    ; 20.000       ; -0.005     ; 11.725     ;
; 8.303 ; RV32I:u_rv32i|DATAPATH:DP|PC:pc|PC[4] ; RV32I:u_rv32i|DATAPATH:DP|REGFILE:regfile|RF~755  ; CLOCK_50     ; CLOCK_50    ; 20.000       ; 0.004      ; 11.733     ;
; 8.303 ; RV32I:u_rv32i|DATAPATH:DP|PC:pc|PC[2] ; RV32I:u_rv32i|DATAPATH:DP|REGFILE:regfile|RF~625  ; CLOCK_50     ; CLOCK_50    ; 20.000       ; -0.007     ; 11.722     ;
; 8.304 ; RV32I:u_rv32i|DATAPATH:DP|PC:pc|PC[4] ; RV32I:u_rv32i|DATAPATH:DP|REGFILE:regfile|RF~268  ; CLOCK_50     ; CLOCK_50    ; 20.000       ; 0.012      ; 11.740     ;
; 8.304 ; RV32I:u_rv32i|DATAPATH:DP|PC:pc|PC[2] ; RV32I:u_rv32i|DATAPATH:DP|REGFILE:regfile|RF~403  ; CLOCK_50     ; CLOCK_50    ; 20.000       ; 0.006      ; 11.734     ;
; 8.304 ; RV32I:u_rv32i|DATAPATH:DP|PC:pc|PC[7] ; RV32I:u_rv32i|DATAPATH:DP|REGFILE:regfile|RF~211  ; CLOCK_50     ; CLOCK_50    ; 20.000       ; -0.005     ; 11.723     ;
; 8.305 ; RV32I:u_rv32i|DATAPATH:DP|PC:pc|PC[9] ; RV32I:u_rv32i|DATAPATH:DP|REGFILE:regfile|RF~332  ; CLOCK_50     ; CLOCK_50    ; 20.000       ; 0.007      ; 11.734     ;
; 8.307 ; RV32I:u_rv32i|DATAPATH:DP|PC:pc|PC[3] ; RV32I:u_rv32i|DATAPATH:DP|REGFILE:regfile|RF~625  ; CLOCK_50     ; CLOCK_50    ; 20.000       ; 0.001      ; 11.726     ;
; 8.307 ; RV32I:u_rv32i|DATAPATH:DP|PC:pc|PC[5] ; RV32I:u_rv32i|DATAPATH:DP|REGFILE:regfile|RF~147  ; CLOCK_50     ; CLOCK_50    ; 20.000       ; 0.004      ; 11.729     ;
; 8.308 ; RV32I:u_rv32i|DATAPATH:DP|PC:pc|PC[9] ; RV32I:u_rv32i|DATAPATH:DP|REGFILE:regfile|RF~268  ; CLOCK_50     ; CLOCK_50    ; 20.000       ; 0.007      ; 11.731     ;
; 8.309 ; RV32I:u_rv32i|DATAPATH:DP|PC:pc|PC[5] ; RV32I:u_rv32i|DATAPATH:DP|REGFILE:regfile|RF~211  ; CLOCK_50     ; CLOCK_50    ; 20.000       ; 0.004      ; 11.727     ;
; 8.310 ; RV32I:u_rv32i|DATAPATH:DP|PC:pc|PC[2] ; RV32I:u_rv32i|DATAPATH:DP|REGFILE:regfile|RF~179  ; CLOCK_50     ; CLOCK_50    ; 20.000       ; 0.007      ; 11.729     ;
; 8.310 ; RV32I:u_rv32i|DATAPATH:DP|PC:pc|PC[2] ; RV32I:u_rv32i|DATAPATH:DP|REGFILE:regfile|RF~243  ; CLOCK_50     ; CLOCK_50    ; 20.000       ; 0.007      ; 11.729     ;
; 8.311 ; RV32I:u_rv32i|DATAPATH:DP|PC:pc|PC[7] ; RV32I:u_rv32i|DATAPATH:DP|REGFILE:regfile|RF~332  ; CLOCK_50     ; CLOCK_50    ; 20.000       ; -0.002     ; 11.719     ;
; 8.312 ; RV32I:u_rv32i|DATAPATH:DP|PC:pc|PC[2] ; RV32I:u_rv32i|DATAPATH:DP|REGFILE:regfile|RF~210  ; CLOCK_50     ; CLOCK_50    ; 20.000       ; 0.014      ; 11.734     ;
; 8.313 ; RV32I:u_rv32i|DATAPATH:DP|PC:pc|PC[2] ; RV32I:u_rv32i|DATAPATH:DP|REGFILE:regfile|RF~627  ; CLOCK_50     ; CLOCK_50    ; 20.000       ; -0.010     ; 11.709     ;
; 8.314 ; RV32I:u_rv32i|DATAPATH:DP|PC:pc|PC[4] ; RV32I:u_rv32i|DATAPATH:DP|REGFILE:regfile|RF~147  ; CLOCK_50     ; CLOCK_50    ; 20.000       ; 0.009      ; 11.727     ;
; 8.314 ; RV32I:u_rv32i|DATAPATH:DP|PC:pc|PC[2] ; RV32I:u_rv32i|DATAPATH:DP|REGFILE:regfile|RF~67   ; CLOCK_50     ; CLOCK_50    ; 20.000       ; -0.002     ; 11.716     ;
; 8.314 ; RV32I:u_rv32i|DATAPATH:DP|PC:pc|PC[7] ; RV32I:u_rv32i|DATAPATH:DP|REGFILE:regfile|RF~268  ; CLOCK_50     ; CLOCK_50    ; 20.000       ; -0.002     ; 11.716     ;
; 8.315 ; RV32I:u_rv32i|DATAPATH:DP|PC:pc|PC[2] ; RV32I:u_rv32i|DATAPATH:DP|REGFILE:regfile|RF~99   ; CLOCK_50     ; CLOCK_50    ; 20.000       ; -0.002     ; 11.715     ;
; 8.315 ; RV32I:u_rv32i|DATAPATH:DP|PC:pc|PC[2] ; RV32I:u_rv32i|DATAPATH:DP|REGFILE:regfile|RF~1011 ; CLOCK_50     ; CLOCK_50    ; 20.000       ; -0.010     ; 11.707     ;
; 8.316 ; RV32I:u_rv32i|DATAPATH:DP|PC:pc|PC[4] ; RV32I:u_rv32i|DATAPATH:DP|REGFILE:regfile|RF~211  ; CLOCK_50     ; CLOCK_50    ; 20.000       ; 0.009      ; 11.725     ;
; 8.316 ; RV32I:u_rv32i|DATAPATH:DP|PC:pc|PC[3] ; RV32I:u_rv32i|DATAPATH:DP|REGFILE:regfile|RF~210  ; CLOCK_50     ; CLOCK_50    ; 20.000       ; 0.022      ; 11.738     ;
; 8.317 ; RV32I:u_rv32i|DATAPATH:DP|PC:pc|PC[2] ; RV32I:u_rv32i|DATAPATH:DP|REGFILE:regfile|RF~760  ; CLOCK_50     ; CLOCK_50    ; 20.000       ; -0.009     ; 11.706     ;
; 8.318 ; RV32I:u_rv32i|DATAPATH:DP|PC:pc|PC[2] ; RV32I:u_rv32i|DATAPATH:DP|REGFILE:regfile|RF~883  ; CLOCK_50     ; CLOCK_50    ; 20.000       ; -0.009     ; 11.705     ;
; 8.319 ; RV32I:u_rv32i|DATAPATH:DP|PC:pc|PC[2] ; RV32I:u_rv32i|DATAPATH:DP|REGFILE:regfile|RF~755  ; CLOCK_50     ; CLOCK_50    ; 20.000       ; -0.009     ; 11.704     ;
; 8.328 ; RV32I:u_rv32i|DATAPATH:DP|PC:pc|PC[5] ; RV32I:u_rv32i|DATAPATH:DP|REGFILE:regfile|RF~332  ; CLOCK_50     ; CLOCK_50    ; 20.000       ; 0.007      ; 11.711     ;
; 8.330 ; RV32I:u_rv32i|DATAPATH:DP|PC:pc|PC[2] ; RV32I:u_rv32i|DATAPATH:DP|REGFILE:regfile|RF~147  ; CLOCK_50     ; CLOCK_50    ; 20.000       ; -0.004     ; 11.698     ;
; 8.331 ; RV32I:u_rv32i|DATAPATH:DP|PC:pc|PC[3] ; RV32I:u_rv32i|DATAPATH:DP|REGFILE:regfile|RF~332  ; CLOCK_50     ; CLOCK_50    ; 20.000       ; 0.007      ; 11.708     ;
; 8.331 ; RV32I:u_rv32i|DATAPATH:DP|PC:pc|PC[5] ; RV32I:u_rv32i|DATAPATH:DP|REGFILE:regfile|RF~268  ; CLOCK_50     ; CLOCK_50    ; 20.000       ; 0.007      ; 11.708     ;
; 8.332 ; RV32I:u_rv32i|DATAPATH:DP|PC:pc|PC[2] ; RV32I:u_rv32i|DATAPATH:DP|REGFILE:regfile|RF~211  ; CLOCK_50     ; CLOCK_50    ; 20.000       ; -0.004     ; 11.696     ;
; 8.334 ; RV32I:u_rv32i|DATAPATH:DP|PC:pc|PC[3] ; RV32I:u_rv32i|DATAPATH:DP|REGFILE:regfile|RF~268  ; CLOCK_50     ; CLOCK_50    ; 20.000       ; 0.007      ; 11.705     ;
+-------+---------------------------------------+---------------------------------------------------+--------------+-------------+--------------+------------+------------+


+----------------------------------------------------------------------------------------------------------------------------------------------------------------------------------------------------------------------------------------------------------------------------------------------------------------------------------------------------------------------------------------------+
; Fast Model Setup: 'u_ov7670_lcm_wall_core|u0|altpll_component|pll|clk[0]'                                                                                                                                                                                                                                                                                                                    ;
+--------+-------------------------------------------------------+--------------------------------------------------------------------------------------------------------------------------------------------------------------------+-------------------------------------------------------+-------------------------------------------------------+--------------+------------+------------+
; Slack  ; From Node                                             ; To Node                                                                                                                                                            ; Launch Clock                                          ; Latch Clock                                           ; Relationship ; Clock Skew ; Data Delay ;
+--------+-------------------------------------------------------+--------------------------------------------------------------------------------------------------------------------------------------------------------------------+-------------------------------------------------------+-------------------------------------------------------+--------------+------------+------------+
; 43.841 ; ov7670_lcm_wall_core:u_ov7670_lcm_wall_core|H_Cont[1] ; ov7670_lcm_wall_core:u_ov7670_lcm_wall_core|altsyncram:frame_buf_rtl_0|altsyncram_o4d1:auto_generated|altsyncram_rng1:altsyncram1|ram_block2a32~porta_address_reg0 ; u_ov7670_lcm_wall_core|u0|altpll_component|pll|clk[0] ; u_ov7670_lcm_wall_core|u0|altpll_component|pll|clk[0] ; 54.285       ; 0.058      ; 10.501     ;
; 43.842 ; ov7670_lcm_wall_core:u_ov7670_lcm_wall_core|H_Cont[1] ; ov7670_lcm_wall_core:u_ov7670_lcm_wall_core|altsyncram:frame_buf_rtl_0|altsyncram_o4d1:auto_generated|altsyncram_rng1:altsyncram1|ram_block2a19~porta_address_reg0 ; u_ov7670_lcm_wall_core|u0|altpll_component|pll|clk[0] ; u_ov7670_lcm_wall_core|u0|altpll_component|pll|clk[0] ; 54.285       ; 0.040      ; 10.482     ;
; 43.848 ; ov7670_lcm_wall_core:u_ov7670_lcm_wall_core|H_Cont[1] ; ov7670_lcm_wall_core:u_ov7670_lcm_wall_core|altsyncram:frame_buf_rtl_0|altsyncram_o4d1:auto_generated|altsyncram_rng1:altsyncram1|ram_block2a7~porta_address_reg0  ; u_ov7670_lcm_wall_core|u0|altpll_component|pll|clk[0] ; u_ov7670_lcm_wall_core|u0|altpll_component|pll|clk[0] ; 54.285       ; 0.053      ; 10.489     ;
; 43.915 ; ov7670_lcm_wall_core:u_ov7670_lcm_wall_core|H_Cont[1] ; ov7670_lcm_wall_core:u_ov7670_lcm_wall_core|altsyncram:frame_buf_rtl_0|altsyncram_o4d1:auto_generated|altsyncram_rng1:altsyncram1|ram_block2a21~porta_address_reg0 ; u_ov7670_lcm_wall_core|u0|altpll_component|pll|clk[0] ; u_ov7670_lcm_wall_core|u0|altpll_component|pll|clk[0] ; 54.285       ; 0.031      ; 10.400     ;
; 43.924 ; ov7670_lcm_wall_core:u_ov7670_lcm_wall_core|H_Cont[0] ; ov7670_lcm_wall_core:u_ov7670_lcm_wall_core|altsyncram:frame_buf_rtl_0|altsyncram_o4d1:auto_generated|altsyncram_rng1:altsyncram1|ram_block2a32~porta_address_reg0 ; u_ov7670_lcm_wall_core|u0|altpll_component|pll|clk[0] ; u_ov7670_lcm_wall_core|u0|altpll_component|pll|clk[0] ; 54.285       ; 0.058      ; 10.418     ;
; 43.925 ; ov7670_lcm_wall_core:u_ov7670_lcm_wall_core|H_Cont[0] ; ov7670_lcm_wall_core:u_ov7670_lcm_wall_core|altsyncram:frame_buf_rtl_0|altsyncram_o4d1:auto_generated|altsyncram_rng1:altsyncram1|ram_block2a19~porta_address_reg0 ; u_ov7670_lcm_wall_core|u0|altpll_component|pll|clk[0] ; u_ov7670_lcm_wall_core|u0|altpll_component|pll|clk[0] ; 54.285       ; 0.040      ; 10.399     ;
; 43.931 ; ov7670_lcm_wall_core:u_ov7670_lcm_wall_core|H_Cont[0] ; ov7670_lcm_wall_core:u_ov7670_lcm_wall_core|altsyncram:frame_buf_rtl_0|altsyncram_o4d1:auto_generated|altsyncram_rng1:altsyncram1|ram_block2a7~porta_address_reg0  ; u_ov7670_lcm_wall_core|u0|altpll_component|pll|clk[0] ; u_ov7670_lcm_wall_core|u0|altpll_component|pll|clk[0] ; 54.285       ; 0.053      ; 10.406     ;
; 43.964 ; ov7670_lcm_wall_core:u_ov7670_lcm_wall_core|H_Cont[2] ; ov7670_lcm_wall_core:u_ov7670_lcm_wall_core|altsyncram:frame_buf_rtl_0|altsyncram_o4d1:auto_generated|altsyncram_rng1:altsyncram1|ram_block2a32~porta_address_reg0 ; u_ov7670_lcm_wall_core|u0|altpll_component|pll|clk[0] ; u_ov7670_lcm_wall_core|u0|altpll_component|pll|clk[0] ; 54.285       ; 0.058      ; 10.378     ;
; 43.965 ; ov7670_lcm_wall_core:u_ov7670_lcm_wall_core|H_Cont[2] ; ov7670_lcm_wall_core:u_ov7670_lcm_wall_core|altsyncram:frame_buf_rtl_0|altsyncram_o4d1:auto_generated|altsyncram_rng1:altsyncram1|ram_block2a19~porta_address_reg0 ; u_ov7670_lcm_wall_core|u0|altpll_component|pll|clk[0] ; u_ov7670_lcm_wall_core|u0|altpll_component|pll|clk[0] ; 54.285       ; 0.040      ; 10.359     ;
; 43.971 ; ov7670_lcm_wall_core:u_ov7670_lcm_wall_core|H_Cont[2] ; ov7670_lcm_wall_core:u_ov7670_lcm_wall_core|altsyncram:frame_buf_rtl_0|altsyncram_o4d1:auto_generated|altsyncram_rng1:altsyncram1|ram_block2a7~porta_address_reg0  ; u_ov7670_lcm_wall_core|u0|altpll_component|pll|clk[0] ; u_ov7670_lcm_wall_core|u0|altpll_component|pll|clk[0] ; 54.285       ; 0.053      ; 10.366     ;
; 43.976 ; ov7670_lcm_wall_core:u_ov7670_lcm_wall_core|H_Cont[1] ; ov7670_lcm_wall_core:u_ov7670_lcm_wall_core|altsyncram:frame_buf_rtl_0|altsyncram_o4d1:auto_generated|altsyncram_rng1:altsyncram1|ram_block2a23~porta_address_reg0 ; u_ov7670_lcm_wall_core|u0|altpll_component|pll|clk[0] ; u_ov7670_lcm_wall_core|u0|altpll_component|pll|clk[0] ; 54.285       ; 0.047      ; 10.355     ;
; 43.998 ; ov7670_lcm_wall_core:u_ov7670_lcm_wall_core|H_Cont[0] ; ov7670_lcm_wall_core:u_ov7670_lcm_wall_core|altsyncram:frame_buf_rtl_0|altsyncram_o4d1:auto_generated|altsyncram_rng1:altsyncram1|ram_block2a21~porta_address_reg0 ; u_ov7670_lcm_wall_core|u0|altpll_component|pll|clk[0] ; u_ov7670_lcm_wall_core|u0|altpll_component|pll|clk[0] ; 54.285       ; 0.031      ; 10.317     ;
; 44.038 ; ov7670_lcm_wall_core:u_ov7670_lcm_wall_core|H_Cont[2] ; ov7670_lcm_wall_core:u_ov7670_lcm_wall_core|altsyncram:frame_buf_rtl_0|altsyncram_o4d1:auto_generated|altsyncram_rng1:altsyncram1|ram_block2a21~porta_address_reg0 ; u_ov7670_lcm_wall_core|u0|altpll_component|pll|clk[0] ; u_ov7670_lcm_wall_core|u0|altpll_component|pll|clk[0] ; 54.285       ; 0.031      ; 10.277     ;
; 44.059 ; ov7670_lcm_wall_core:u_ov7670_lcm_wall_core|H_Cont[0] ; ov7670_lcm_wall_core:u_ov7670_lcm_wall_core|altsyncram:frame_buf_rtl_0|altsyncram_o4d1:auto_generated|altsyncram_rng1:altsyncram1|ram_block2a23~porta_address_reg0 ; u_ov7670_lcm_wall_core|u0|altpll_component|pll|clk[0] ; u_ov7670_lcm_wall_core|u0|altpll_component|pll|clk[0] ; 54.285       ; 0.047      ; 10.272     ;
; 44.064 ; ov7670_lcm_wall_core:u_ov7670_lcm_wall_core|H_Cont[3] ; ov7670_lcm_wall_core:u_ov7670_lcm_wall_core|altsyncram:frame_buf_rtl_0|altsyncram_o4d1:auto_generated|altsyncram_rng1:altsyncram1|ram_block2a32~porta_address_reg0 ; u_ov7670_lcm_wall_core|u0|altpll_component|pll|clk[0] ; u_ov7670_lcm_wall_core|u0|altpll_component|pll|clk[0] ; 54.285       ; 0.058      ; 10.278     ;
; 44.065 ; ov7670_lcm_wall_core:u_ov7670_lcm_wall_core|H_Cont[3] ; ov7670_lcm_wall_core:u_ov7670_lcm_wall_core|altsyncram:frame_buf_rtl_0|altsyncram_o4d1:auto_generated|altsyncram_rng1:altsyncram1|ram_block2a19~porta_address_reg0 ; u_ov7670_lcm_wall_core|u0|altpll_component|pll|clk[0] ; u_ov7670_lcm_wall_core|u0|altpll_component|pll|clk[0] ; 54.285       ; 0.040      ; 10.259     ;
; 44.071 ; ov7670_lcm_wall_core:u_ov7670_lcm_wall_core|H_Cont[3] ; ov7670_lcm_wall_core:u_ov7670_lcm_wall_core|altsyncram:frame_buf_rtl_0|altsyncram_o4d1:auto_generated|altsyncram_rng1:altsyncram1|ram_block2a7~porta_address_reg0  ; u_ov7670_lcm_wall_core|u0|altpll_component|pll|clk[0] ; u_ov7670_lcm_wall_core|u0|altpll_component|pll|clk[0] ; 54.285       ; 0.053      ; 10.266     ;
; 44.072 ; ov7670_lcm_wall_core:u_ov7670_lcm_wall_core|H_Cont[1] ; ov7670_lcm_wall_core:u_ov7670_lcm_wall_core|altsyncram:frame_buf_rtl_0|altsyncram_o4d1:auto_generated|altsyncram_rng1:altsyncram1|ram_block2a39~porta_address_reg0 ; u_ov7670_lcm_wall_core|u0|altpll_component|pll|clk[0] ; u_ov7670_lcm_wall_core|u0|altpll_component|pll|clk[0] ; 54.285       ; 0.062      ; 10.274     ;
; 44.084 ; ov7670_lcm_wall_core:u_ov7670_lcm_wall_core|H_Cont[1] ; ov7670_lcm_wall_core:u_ov7670_lcm_wall_core|altsyncram:frame_buf_rtl_0|altsyncram_o4d1:auto_generated|altsyncram_rng1:altsyncram1|ram_block2a1~porta_address_reg1  ; u_ov7670_lcm_wall_core|u0|altpll_component|pll|clk[0] ; u_ov7670_lcm_wall_core|u0|altpll_component|pll|clk[0] ; 54.285       ; 0.064      ; 10.264     ;
; 44.088 ; ov7670_lcm_wall_core:u_ov7670_lcm_wall_core|H_Cont[1] ; ov7670_lcm_wall_core:u_ov7670_lcm_wall_core|altsyncram:frame_buf_rtl_0|altsyncram_o4d1:auto_generated|altsyncram_rng1:altsyncram1|ram_block2a5~porta_address_reg0  ; u_ov7670_lcm_wall_core|u0|altpll_component|pll|clk[0] ; u_ov7670_lcm_wall_core|u0|altpll_component|pll|clk[0] ; 54.285       ; 0.065      ; 10.261     ;
; 44.093 ; ov7670_lcm_wall_core:u_ov7670_lcm_wall_core|H_Cont[1] ; ov7670_lcm_wall_core:u_ov7670_lcm_wall_core|altsyncram:frame_buf_rtl_0|altsyncram_o4d1:auto_generated|altsyncram_rng1:altsyncram1|ram_block2a35~porta_address_reg0 ; u_ov7670_lcm_wall_core|u0|altpll_component|pll|clk[0] ; u_ov7670_lcm_wall_core|u0|altpll_component|pll|clk[0] ; 54.285       ; 0.067      ; 10.258     ;
; 44.096 ; ov7670_lcm_wall_core:u_ov7670_lcm_wall_core|H_Cont[1] ; ov7670_lcm_wall_core:u_ov7670_lcm_wall_core|altsyncram:frame_buf_rtl_0|altsyncram_o4d1:auto_generated|altsyncram_rng1:altsyncram1|ram_block2a6~porta_address_reg1  ; u_ov7670_lcm_wall_core|u0|altpll_component|pll|clk[0] ; u_ov7670_lcm_wall_core|u0|altpll_component|pll|clk[0] ; 54.285       ; 0.060      ; 10.248     ;
; 44.099 ; ov7670_lcm_wall_core:u_ov7670_lcm_wall_core|H_Cont[1] ; ov7670_lcm_wall_core:u_ov7670_lcm_wall_core|altsyncram:frame_buf_rtl_0|altsyncram_o4d1:auto_generated|altsyncram_rng1:altsyncram1|ram_block2a29~porta_address_reg0 ; u_ov7670_lcm_wall_core|u0|altpll_component|pll|clk[0] ; u_ov7670_lcm_wall_core|u0|altpll_component|pll|clk[0] ; 54.285       ; 0.045      ; 10.230     ;
; 44.099 ; ov7670_lcm_wall_core:u_ov7670_lcm_wall_core|H_Cont[2] ; ov7670_lcm_wall_core:u_ov7670_lcm_wall_core|altsyncram:frame_buf_rtl_0|altsyncram_o4d1:auto_generated|altsyncram_rng1:altsyncram1|ram_block2a23~porta_address_reg0 ; u_ov7670_lcm_wall_core|u0|altpll_component|pll|clk[0] ; u_ov7670_lcm_wall_core|u0|altpll_component|pll|clk[0] ; 54.285       ; 0.047      ; 10.232     ;
; 44.100 ; ov7670_lcm_wall_core:u_ov7670_lcm_wall_core|H_Cont[4] ; ov7670_lcm_wall_core:u_ov7670_lcm_wall_core|altsyncram:frame_buf_rtl_0|altsyncram_o4d1:auto_generated|altsyncram_rng1:altsyncram1|ram_block2a32~porta_address_reg0 ; u_ov7670_lcm_wall_core|u0|altpll_component|pll|clk[0] ; u_ov7670_lcm_wall_core|u0|altpll_component|pll|clk[0] ; 54.285       ; 0.058      ; 10.242     ;
; 44.101 ; ov7670_lcm_wall_core:u_ov7670_lcm_wall_core|H_Cont[4] ; ov7670_lcm_wall_core:u_ov7670_lcm_wall_core|altsyncram:frame_buf_rtl_0|altsyncram_o4d1:auto_generated|altsyncram_rng1:altsyncram1|ram_block2a19~porta_address_reg0 ; u_ov7670_lcm_wall_core|u0|altpll_component|pll|clk[0] ; u_ov7670_lcm_wall_core|u0|altpll_component|pll|clk[0] ; 54.285       ; 0.040      ; 10.223     ;
; 44.106 ; ov7670_lcm_wall_core:u_ov7670_lcm_wall_core|H_Cont[1] ; ov7670_lcm_wall_core:u_ov7670_lcm_wall_core|altsyncram:frame_buf_rtl_0|altsyncram_o4d1:auto_generated|altsyncram_rng1:altsyncram1|ram_block2a10~porta_address_reg1 ; u_ov7670_lcm_wall_core|u0|altpll_component|pll|clk[0] ; u_ov7670_lcm_wall_core|u0|altpll_component|pll|clk[0] ; 54.285       ; 0.055      ; 10.233     ;
; 44.107 ; ov7670_lcm_wall_core:u_ov7670_lcm_wall_core|H_Cont[4] ; ov7670_lcm_wall_core:u_ov7670_lcm_wall_core|altsyncram:frame_buf_rtl_0|altsyncram_o4d1:auto_generated|altsyncram_rng1:altsyncram1|ram_block2a7~porta_address_reg0  ; u_ov7670_lcm_wall_core|u0|altpll_component|pll|clk[0] ; u_ov7670_lcm_wall_core|u0|altpll_component|pll|clk[0] ; 54.285       ; 0.053      ; 10.230     ;
; 44.110 ; ov7670_lcm_wall_core:u_ov7670_lcm_wall_core|H_Cont[1] ; ov7670_lcm_wall_core:u_ov7670_lcm_wall_core|altsyncram:frame_buf_rtl_0|altsyncram_o4d1:auto_generated|altsyncram_rng1:altsyncram1|ram_block2a13~porta_address_reg0 ; u_ov7670_lcm_wall_core|u0|altpll_component|pll|clk[0] ; u_ov7670_lcm_wall_core|u0|altpll_component|pll|clk[0] ; 54.285       ; 0.023      ; 10.197     ;
; 44.114 ; ov7670_lcm_wall_core:u_ov7670_lcm_wall_core|H_Cont[1] ; ov7670_lcm_wall_core:u_ov7670_lcm_wall_core|altsyncram:frame_buf_rtl_0|altsyncram_o4d1:auto_generated|altsyncram_rng1:altsyncram1|ram_block2a27~porta_address_reg0 ; u_ov7670_lcm_wall_core|u0|altpll_component|pll|clk[0] ; u_ov7670_lcm_wall_core|u0|altpll_component|pll|clk[0] ; 54.285       ; 0.045      ; 10.215     ;
; 44.116 ; ov7670_lcm_wall_core:u_ov7670_lcm_wall_core|H_Cont[1] ; ov7670_lcm_wall_core:u_ov7670_lcm_wall_core|altsyncram:frame_buf_rtl_0|altsyncram_o4d1:auto_generated|altsyncram_rng1:altsyncram1|ram_block2a22~porta_address_reg0 ; u_ov7670_lcm_wall_core|u0|altpll_component|pll|clk[0] ; u_ov7670_lcm_wall_core|u0|altpll_component|pll|clk[0] ; 54.285       ; 0.032      ; 10.200     ;
; 44.120 ; ov7670_lcm_wall_core:u_ov7670_lcm_wall_core|H_Cont[1] ; ov7670_lcm_wall_core:u_ov7670_lcm_wall_core|altsyncram:frame_buf_rtl_0|altsyncram_o4d1:auto_generated|altsyncram_rng1:altsyncram1|ram_block2a25~porta_address_reg0 ; u_ov7670_lcm_wall_core|u0|altpll_component|pll|clk[0] ; u_ov7670_lcm_wall_core|u0|altpll_component|pll|clk[0] ; 54.285       ; 0.050      ; 10.214     ;
; 44.138 ; ov7670_lcm_wall_core:u_ov7670_lcm_wall_core|H_Cont[1] ; ov7670_lcm_wall_core:u_ov7670_lcm_wall_core|altsyncram:frame_buf_rtl_0|altsyncram_o4d1:auto_generated|altsyncram_rng1:altsyncram1|ram_block2a31~porta_address_reg0 ; u_ov7670_lcm_wall_core|u0|altpll_component|pll|clk[0] ; u_ov7670_lcm_wall_core|u0|altpll_component|pll|clk[0] ; 54.285       ; 0.054      ; 10.200     ;
; 44.138 ; ov7670_lcm_wall_core:u_ov7670_lcm_wall_core|H_Cont[5] ; ov7670_lcm_wall_core:u_ov7670_lcm_wall_core|altsyncram:frame_buf_rtl_0|altsyncram_o4d1:auto_generated|altsyncram_rng1:altsyncram1|ram_block2a32~porta_address_reg0 ; u_ov7670_lcm_wall_core|u0|altpll_component|pll|clk[0] ; u_ov7670_lcm_wall_core|u0|altpll_component|pll|clk[0] ; 54.285       ; 0.058      ; 10.204     ;
; 44.138 ; ov7670_lcm_wall_core:u_ov7670_lcm_wall_core|H_Cont[3] ; ov7670_lcm_wall_core:u_ov7670_lcm_wall_core|altsyncram:frame_buf_rtl_0|altsyncram_o4d1:auto_generated|altsyncram_rng1:altsyncram1|ram_block2a21~porta_address_reg0 ; u_ov7670_lcm_wall_core|u0|altpll_component|pll|clk[0] ; u_ov7670_lcm_wall_core|u0|altpll_component|pll|clk[0] ; 54.285       ; 0.031      ; 10.177     ;
; 44.139 ; ov7670_lcm_wall_core:u_ov7670_lcm_wall_core|H_Cont[5] ; ov7670_lcm_wall_core:u_ov7670_lcm_wall_core|altsyncram:frame_buf_rtl_0|altsyncram_o4d1:auto_generated|altsyncram_rng1:altsyncram1|ram_block2a19~porta_address_reg0 ; u_ov7670_lcm_wall_core|u0|altpll_component|pll|clk[0] ; u_ov7670_lcm_wall_core|u0|altpll_component|pll|clk[0] ; 54.285       ; 0.040      ; 10.185     ;
; 44.145 ; ov7670_lcm_wall_core:u_ov7670_lcm_wall_core|H_Cont[5] ; ov7670_lcm_wall_core:u_ov7670_lcm_wall_core|altsyncram:frame_buf_rtl_0|altsyncram_o4d1:auto_generated|altsyncram_rng1:altsyncram1|ram_block2a7~porta_address_reg0  ; u_ov7670_lcm_wall_core|u0|altpll_component|pll|clk[0] ; u_ov7670_lcm_wall_core|u0|altpll_component|pll|clk[0] ; 54.285       ; 0.053      ; 10.192     ;
; 44.146 ; ov7670_lcm_wall_core:u_ov7670_lcm_wall_core|H_Cont[1] ; ov7670_lcm_wall_core:u_ov7670_lcm_wall_core|altsyncram:frame_buf_rtl_0|altsyncram_o4d1:auto_generated|altsyncram_rng1:altsyncram1|ram_block2a26~porta_address_reg0 ; u_ov7670_lcm_wall_core|u0|altpll_component|pll|clk[0] ; u_ov7670_lcm_wall_core|u0|altpll_component|pll|clk[0] ; 54.285       ; 0.056      ; 10.194     ;
; 44.155 ; ov7670_lcm_wall_core:u_ov7670_lcm_wall_core|H_Cont[0] ; ov7670_lcm_wall_core:u_ov7670_lcm_wall_core|altsyncram:frame_buf_rtl_0|altsyncram_o4d1:auto_generated|altsyncram_rng1:altsyncram1|ram_block2a39~porta_address_reg0 ; u_ov7670_lcm_wall_core|u0|altpll_component|pll|clk[0] ; u_ov7670_lcm_wall_core|u0|altpll_component|pll|clk[0] ; 54.285       ; 0.062      ; 10.191     ;
; 44.167 ; ov7670_lcm_wall_core:u_ov7670_lcm_wall_core|H_Cont[1] ; ov7670_lcm_wall_core:u_ov7670_lcm_wall_core|altsyncram:frame_buf_rtl_0|altsyncram_o4d1:auto_generated|altsyncram_rng1:altsyncram1|ram_block2a18~porta_address_reg0 ; u_ov7670_lcm_wall_core|u0|altpll_component|pll|clk[0] ; u_ov7670_lcm_wall_core|u0|altpll_component|pll|clk[0] ; 54.285       ; 0.039      ; 10.156     ;
; 44.167 ; ov7670_lcm_wall_core:u_ov7670_lcm_wall_core|H_Cont[1] ; ov7670_lcm_wall_core:u_ov7670_lcm_wall_core|altsyncram:frame_buf_rtl_0|altsyncram_o4d1:auto_generated|altsyncram_rng1:altsyncram1|ram_block2a11~porta_address_reg0 ; u_ov7670_lcm_wall_core|u0|altpll_component|pll|clk[0] ; u_ov7670_lcm_wall_core|u0|altpll_component|pll|clk[0] ; 54.285       ; 0.033      ; 10.150     ;
; 44.167 ; ov7670_lcm_wall_core:u_ov7670_lcm_wall_core|H_Cont[0] ; ov7670_lcm_wall_core:u_ov7670_lcm_wall_core|altsyncram:frame_buf_rtl_0|altsyncram_o4d1:auto_generated|altsyncram_rng1:altsyncram1|ram_block2a1~porta_address_reg1  ; u_ov7670_lcm_wall_core|u0|altpll_component|pll|clk[0] ; u_ov7670_lcm_wall_core|u0|altpll_component|pll|clk[0] ; 54.285       ; 0.064      ; 10.181     ;
; 44.171 ; ov7670_lcm_wall_core:u_ov7670_lcm_wall_core|H_Cont[0] ; ov7670_lcm_wall_core:u_ov7670_lcm_wall_core|altsyncram:frame_buf_rtl_0|altsyncram_o4d1:auto_generated|altsyncram_rng1:altsyncram1|ram_block2a5~porta_address_reg0  ; u_ov7670_lcm_wall_core|u0|altpll_component|pll|clk[0] ; u_ov7670_lcm_wall_core|u0|altpll_component|pll|clk[0] ; 54.285       ; 0.065      ; 10.178     ;
; 44.174 ; ov7670_lcm_wall_core:u_ov7670_lcm_wall_core|H_Cont[9] ; ov7670_lcm_wall_core:u_ov7670_lcm_wall_core|altsyncram:frame_buf_rtl_0|altsyncram_o4d1:auto_generated|altsyncram_rng1:altsyncram1|ram_block2a32~porta_address_reg0 ; u_ov7670_lcm_wall_core|u0|altpll_component|pll|clk[0] ; u_ov7670_lcm_wall_core|u0|altpll_component|pll|clk[0] ; 54.285       ; 0.058      ; 10.168     ;
; 44.174 ; ov7670_lcm_wall_core:u_ov7670_lcm_wall_core|H_Cont[4] ; ov7670_lcm_wall_core:u_ov7670_lcm_wall_core|altsyncram:frame_buf_rtl_0|altsyncram_o4d1:auto_generated|altsyncram_rng1:altsyncram1|ram_block2a21~porta_address_reg0 ; u_ov7670_lcm_wall_core|u0|altpll_component|pll|clk[0] ; u_ov7670_lcm_wall_core|u0|altpll_component|pll|clk[0] ; 54.285       ; 0.031      ; 10.141     ;
; 44.175 ; ov7670_lcm_wall_core:u_ov7670_lcm_wall_core|H_Cont[9] ; ov7670_lcm_wall_core:u_ov7670_lcm_wall_core|altsyncram:frame_buf_rtl_0|altsyncram_o4d1:auto_generated|altsyncram_rng1:altsyncram1|ram_block2a19~porta_address_reg0 ; u_ov7670_lcm_wall_core|u0|altpll_component|pll|clk[0] ; u_ov7670_lcm_wall_core|u0|altpll_component|pll|clk[0] ; 54.285       ; 0.040      ; 10.149     ;
; 44.176 ; ov7670_lcm_wall_core:u_ov7670_lcm_wall_core|H_Cont[0] ; ov7670_lcm_wall_core:u_ov7670_lcm_wall_core|altsyncram:frame_buf_rtl_0|altsyncram_o4d1:auto_generated|altsyncram_rng1:altsyncram1|ram_block2a35~porta_address_reg0 ; u_ov7670_lcm_wall_core|u0|altpll_component|pll|clk[0] ; u_ov7670_lcm_wall_core|u0|altpll_component|pll|clk[0] ; 54.285       ; 0.067      ; 10.175     ;
; 44.179 ; ov7670_lcm_wall_core:u_ov7670_lcm_wall_core|H_Cont[0] ; ov7670_lcm_wall_core:u_ov7670_lcm_wall_core|altsyncram:frame_buf_rtl_0|altsyncram_o4d1:auto_generated|altsyncram_rng1:altsyncram1|ram_block2a6~porta_address_reg1  ; u_ov7670_lcm_wall_core|u0|altpll_component|pll|clk[0] ; u_ov7670_lcm_wall_core|u0|altpll_component|pll|clk[0] ; 54.285       ; 0.060      ; 10.165     ;
; 44.181 ; ov7670_lcm_wall_core:u_ov7670_lcm_wall_core|H_Cont[6] ; ov7670_lcm_wall_core:u_ov7670_lcm_wall_core|altsyncram:frame_buf_rtl_0|altsyncram_o4d1:auto_generated|altsyncram_rng1:altsyncram1|ram_block2a32~porta_address_reg0 ; u_ov7670_lcm_wall_core|u0|altpll_component|pll|clk[0] ; u_ov7670_lcm_wall_core|u0|altpll_component|pll|clk[0] ; 54.285       ; 0.058      ; 10.161     ;
; 44.181 ; ov7670_lcm_wall_core:u_ov7670_lcm_wall_core|H_Cont[9] ; ov7670_lcm_wall_core:u_ov7670_lcm_wall_core|altsyncram:frame_buf_rtl_0|altsyncram_o4d1:auto_generated|altsyncram_rng1:altsyncram1|ram_block2a7~porta_address_reg0  ; u_ov7670_lcm_wall_core|u0|altpll_component|pll|clk[0] ; u_ov7670_lcm_wall_core|u0|altpll_component|pll|clk[0] ; 54.285       ; 0.053      ; 10.156     ;
; 44.182 ; ov7670_lcm_wall_core:u_ov7670_lcm_wall_core|H_Cont[6] ; ov7670_lcm_wall_core:u_ov7670_lcm_wall_core|altsyncram:frame_buf_rtl_0|altsyncram_o4d1:auto_generated|altsyncram_rng1:altsyncram1|ram_block2a19~porta_address_reg0 ; u_ov7670_lcm_wall_core|u0|altpll_component|pll|clk[0] ; u_ov7670_lcm_wall_core|u0|altpll_component|pll|clk[0] ; 54.285       ; 0.040      ; 10.142     ;
; 44.182 ; ov7670_lcm_wall_core:u_ov7670_lcm_wall_core|H_Cont[0] ; ov7670_lcm_wall_core:u_ov7670_lcm_wall_core|altsyncram:frame_buf_rtl_0|altsyncram_o4d1:auto_generated|altsyncram_rng1:altsyncram1|ram_block2a29~porta_address_reg0 ; u_ov7670_lcm_wall_core|u0|altpll_component|pll|clk[0] ; u_ov7670_lcm_wall_core|u0|altpll_component|pll|clk[0] ; 54.285       ; 0.045      ; 10.147     ;
; 44.188 ; ov7670_lcm_wall_core:u_ov7670_lcm_wall_core|H_Cont[6] ; ov7670_lcm_wall_core:u_ov7670_lcm_wall_core|altsyncram:frame_buf_rtl_0|altsyncram_o4d1:auto_generated|altsyncram_rng1:altsyncram1|ram_block2a7~porta_address_reg0  ; u_ov7670_lcm_wall_core|u0|altpll_component|pll|clk[0] ; u_ov7670_lcm_wall_core|u0|altpll_component|pll|clk[0] ; 54.285       ; 0.053      ; 10.149     ;
; 44.189 ; ov7670_lcm_wall_core:u_ov7670_lcm_wall_core|H_Cont[0] ; ov7670_lcm_wall_core:u_ov7670_lcm_wall_core|altsyncram:frame_buf_rtl_0|altsyncram_o4d1:auto_generated|altsyncram_rng1:altsyncram1|ram_block2a10~porta_address_reg1 ; u_ov7670_lcm_wall_core|u0|altpll_component|pll|clk[0] ; u_ov7670_lcm_wall_core|u0|altpll_component|pll|clk[0] ; 54.285       ; 0.055      ; 10.150     ;
; 44.193 ; ov7670_lcm_wall_core:u_ov7670_lcm_wall_core|H_Cont[0] ; ov7670_lcm_wall_core:u_ov7670_lcm_wall_core|altsyncram:frame_buf_rtl_0|altsyncram_o4d1:auto_generated|altsyncram_rng1:altsyncram1|ram_block2a13~porta_address_reg0 ; u_ov7670_lcm_wall_core|u0|altpll_component|pll|clk[0] ; u_ov7670_lcm_wall_core|u0|altpll_component|pll|clk[0] ; 54.285       ; 0.023      ; 10.114     ;
; 44.195 ; ov7670_lcm_wall_core:u_ov7670_lcm_wall_core|H_Cont[2] ; ov7670_lcm_wall_core:u_ov7670_lcm_wall_core|altsyncram:frame_buf_rtl_0|altsyncram_o4d1:auto_generated|altsyncram_rng1:altsyncram1|ram_block2a39~porta_address_reg0 ; u_ov7670_lcm_wall_core|u0|altpll_component|pll|clk[0] ; u_ov7670_lcm_wall_core|u0|altpll_component|pll|clk[0] ; 54.285       ; 0.062      ; 10.151     ;
; 44.197 ; ov7670_lcm_wall_core:u_ov7670_lcm_wall_core|H_Cont[7] ; ov7670_lcm_wall_core:u_ov7670_lcm_wall_core|altsyncram:frame_buf_rtl_0|altsyncram_o4d1:auto_generated|altsyncram_rng1:altsyncram1|ram_block2a32~porta_address_reg0 ; u_ov7670_lcm_wall_core|u0|altpll_component|pll|clk[0] ; u_ov7670_lcm_wall_core|u0|altpll_component|pll|clk[0] ; 54.285       ; 0.058      ; 10.145     ;
; 44.197 ; ov7670_lcm_wall_core:u_ov7670_lcm_wall_core|H_Cont[0] ; ov7670_lcm_wall_core:u_ov7670_lcm_wall_core|altsyncram:frame_buf_rtl_0|altsyncram_o4d1:auto_generated|altsyncram_rng1:altsyncram1|ram_block2a27~porta_address_reg0 ; u_ov7670_lcm_wall_core|u0|altpll_component|pll|clk[0] ; u_ov7670_lcm_wall_core|u0|altpll_component|pll|clk[0] ; 54.285       ; 0.045      ; 10.132     ;
; 44.198 ; ov7670_lcm_wall_core:u_ov7670_lcm_wall_core|H_Cont[7] ; ov7670_lcm_wall_core:u_ov7670_lcm_wall_core|altsyncram:frame_buf_rtl_0|altsyncram_o4d1:auto_generated|altsyncram_rng1:altsyncram1|ram_block2a19~porta_address_reg0 ; u_ov7670_lcm_wall_core|u0|altpll_component|pll|clk[0] ; u_ov7670_lcm_wall_core|u0|altpll_component|pll|clk[0] ; 54.285       ; 0.040      ; 10.126     ;
; 44.199 ; ov7670_lcm_wall_core:u_ov7670_lcm_wall_core|H_Cont[3] ; ov7670_lcm_wall_core:u_ov7670_lcm_wall_core|altsyncram:frame_buf_rtl_0|altsyncram_o4d1:auto_generated|altsyncram_rng1:altsyncram1|ram_block2a23~porta_address_reg0 ; u_ov7670_lcm_wall_core|u0|altpll_component|pll|clk[0] ; u_ov7670_lcm_wall_core|u0|altpll_component|pll|clk[0] ; 54.285       ; 0.047      ; 10.132     ;
; 44.199 ; ov7670_lcm_wall_core:u_ov7670_lcm_wall_core|H_Cont[0] ; ov7670_lcm_wall_core:u_ov7670_lcm_wall_core|altsyncram:frame_buf_rtl_0|altsyncram_o4d1:auto_generated|altsyncram_rng1:altsyncram1|ram_block2a22~porta_address_reg0 ; u_ov7670_lcm_wall_core|u0|altpll_component|pll|clk[0] ; u_ov7670_lcm_wall_core|u0|altpll_component|pll|clk[0] ; 54.285       ; 0.032      ; 10.117     ;
; 44.203 ; ov7670_lcm_wall_core:u_ov7670_lcm_wall_core|H_Cont[0] ; ov7670_lcm_wall_core:u_ov7670_lcm_wall_core|altsyncram:frame_buf_rtl_0|altsyncram_o4d1:auto_generated|altsyncram_rng1:altsyncram1|ram_block2a25~porta_address_reg0 ; u_ov7670_lcm_wall_core|u0|altpll_component|pll|clk[0] ; u_ov7670_lcm_wall_core|u0|altpll_component|pll|clk[0] ; 54.285       ; 0.050      ; 10.131     ;
; 44.204 ; ov7670_lcm_wall_core:u_ov7670_lcm_wall_core|H_Cont[7] ; ov7670_lcm_wall_core:u_ov7670_lcm_wall_core|altsyncram:frame_buf_rtl_0|altsyncram_o4d1:auto_generated|altsyncram_rng1:altsyncram1|ram_block2a7~porta_address_reg0  ; u_ov7670_lcm_wall_core|u0|altpll_component|pll|clk[0] ; u_ov7670_lcm_wall_core|u0|altpll_component|pll|clk[0] ; 54.285       ; 0.053      ; 10.133     ;
; 44.207 ; ov7670_lcm_wall_core:u_ov7670_lcm_wall_core|H_Cont[2] ; ov7670_lcm_wall_core:u_ov7670_lcm_wall_core|altsyncram:frame_buf_rtl_0|altsyncram_o4d1:auto_generated|altsyncram_rng1:altsyncram1|ram_block2a1~porta_address_reg1  ; u_ov7670_lcm_wall_core|u0|altpll_component|pll|clk[0] ; u_ov7670_lcm_wall_core|u0|altpll_component|pll|clk[0] ; 54.285       ; 0.064      ; 10.141     ;
; 44.211 ; ov7670_lcm_wall_core:u_ov7670_lcm_wall_core|H_Cont[2] ; ov7670_lcm_wall_core:u_ov7670_lcm_wall_core|altsyncram:frame_buf_rtl_0|altsyncram_o4d1:auto_generated|altsyncram_rng1:altsyncram1|ram_block2a5~porta_address_reg0  ; u_ov7670_lcm_wall_core|u0|altpll_component|pll|clk[0] ; u_ov7670_lcm_wall_core|u0|altpll_component|pll|clk[0] ; 54.285       ; 0.065      ; 10.138     ;
; 44.212 ; ov7670_lcm_wall_core:u_ov7670_lcm_wall_core|H_Cont[5] ; ov7670_lcm_wall_core:u_ov7670_lcm_wall_core|altsyncram:frame_buf_rtl_0|altsyncram_o4d1:auto_generated|altsyncram_rng1:altsyncram1|ram_block2a21~porta_address_reg0 ; u_ov7670_lcm_wall_core|u0|altpll_component|pll|clk[0] ; u_ov7670_lcm_wall_core|u0|altpll_component|pll|clk[0] ; 54.285       ; 0.031      ; 10.103     ;
; 44.216 ; ov7670_lcm_wall_core:u_ov7670_lcm_wall_core|H_Cont[2] ; ov7670_lcm_wall_core:u_ov7670_lcm_wall_core|altsyncram:frame_buf_rtl_0|altsyncram_o4d1:auto_generated|altsyncram_rng1:altsyncram1|ram_block2a35~porta_address_reg0 ; u_ov7670_lcm_wall_core|u0|altpll_component|pll|clk[0] ; u_ov7670_lcm_wall_core|u0|altpll_component|pll|clk[0] ; 54.285       ; 0.067      ; 10.135     ;
; 44.219 ; ov7670_lcm_wall_core:u_ov7670_lcm_wall_core|H_Cont[2] ; ov7670_lcm_wall_core:u_ov7670_lcm_wall_core|altsyncram:frame_buf_rtl_0|altsyncram_o4d1:auto_generated|altsyncram_rng1:altsyncram1|ram_block2a6~porta_address_reg1  ; u_ov7670_lcm_wall_core|u0|altpll_component|pll|clk[0] ; u_ov7670_lcm_wall_core|u0|altpll_component|pll|clk[0] ; 54.285       ; 0.060      ; 10.125     ;
; 44.221 ; ov7670_lcm_wall_core:u_ov7670_lcm_wall_core|H_Cont[0] ; ov7670_lcm_wall_core:u_ov7670_lcm_wall_core|altsyncram:frame_buf_rtl_0|altsyncram_o4d1:auto_generated|altsyncram_rng1:altsyncram1|ram_block2a31~porta_address_reg0 ; u_ov7670_lcm_wall_core|u0|altpll_component|pll|clk[0] ; u_ov7670_lcm_wall_core|u0|altpll_component|pll|clk[0] ; 54.285       ; 0.054      ; 10.117     ;
; 44.222 ; ov7670_lcm_wall_core:u_ov7670_lcm_wall_core|H_Cont[2] ; ov7670_lcm_wall_core:u_ov7670_lcm_wall_core|altsyncram:frame_buf_rtl_0|altsyncram_o4d1:auto_generated|altsyncram_rng1:altsyncram1|ram_block2a29~porta_address_reg0 ; u_ov7670_lcm_wall_core|u0|altpll_component|pll|clk[0] ; u_ov7670_lcm_wall_core|u0|altpll_component|pll|clk[0] ; 54.285       ; 0.045      ; 10.107     ;
; 44.224 ; ov7670_lcm_wall_core:u_ov7670_lcm_wall_core|H_Cont[1] ; ov7670_lcm_wall_core:u_ov7670_lcm_wall_core|altsyncram:frame_buf_rtl_0|altsyncram_o4d1:auto_generated|altsyncram_rng1:altsyncram1|ram_block2a12~porta_address_reg0 ; u_ov7670_lcm_wall_core|u0|altpll_component|pll|clk[0] ; u_ov7670_lcm_wall_core|u0|altpll_component|pll|clk[0] ; 54.285       ; 0.042      ; 10.102     ;
; 44.226 ; ov7670_lcm_wall_core:u_ov7670_lcm_wall_core|H_Cont[1] ; ov7670_lcm_wall_core:u_ov7670_lcm_wall_core|altsyncram:frame_buf_rtl_0|altsyncram_o4d1:auto_generated|altsyncram_rng1:altsyncram1|ram_block2a30~porta_address_reg0 ; u_ov7670_lcm_wall_core|u0|altpll_component|pll|clk[0] ; u_ov7670_lcm_wall_core|u0|altpll_component|pll|clk[0] ; 54.285       ; 0.042      ; 10.100     ;
; 44.228 ; ov7670_lcm_wall_core:u_ov7670_lcm_wall_core|H_Cont[1] ; ov7670_lcm_wall_core:u_ov7670_lcm_wall_core|altsyncram:frame_buf_rtl_0|altsyncram_o4d1:auto_generated|altsyncram_rng1:altsyncram1|ram_block2a28~porta_address_reg0 ; u_ov7670_lcm_wall_core|u0|altpll_component|pll|clk[0] ; u_ov7670_lcm_wall_core|u0|altpll_component|pll|clk[0] ; 54.285       ; 0.038      ; 10.094     ;
; 44.229 ; ov7670_lcm_wall_core:u_ov7670_lcm_wall_core|H_Cont[2] ; ov7670_lcm_wall_core:u_ov7670_lcm_wall_core|altsyncram:frame_buf_rtl_0|altsyncram_o4d1:auto_generated|altsyncram_rng1:altsyncram1|ram_block2a10~porta_address_reg1 ; u_ov7670_lcm_wall_core|u0|altpll_component|pll|clk[0] ; u_ov7670_lcm_wall_core|u0|altpll_component|pll|clk[0] ; 54.285       ; 0.055      ; 10.110     ;
; 44.229 ; ov7670_lcm_wall_core:u_ov7670_lcm_wall_core|H_Cont[0] ; ov7670_lcm_wall_core:u_ov7670_lcm_wall_core|altsyncram:frame_buf_rtl_0|altsyncram_o4d1:auto_generated|altsyncram_rng1:altsyncram1|ram_block2a26~porta_address_reg0 ; u_ov7670_lcm_wall_core|u0|altpll_component|pll|clk[0] ; u_ov7670_lcm_wall_core|u0|altpll_component|pll|clk[0] ; 54.285       ; 0.056      ; 10.111     ;
; 44.231 ; ov7670_lcm_wall_core:u_ov7670_lcm_wall_core|H_Cont[1] ; ov7670_lcm_wall_core:u_ov7670_lcm_wall_core|altsyncram:frame_buf_rtl_0|altsyncram_o4d1:auto_generated|altsyncram_rng1:altsyncram1|ram_block2a24~porta_address_reg0 ; u_ov7670_lcm_wall_core|u0|altpll_component|pll|clk[0] ; u_ov7670_lcm_wall_core|u0|altpll_component|pll|clk[0] ; 54.285       ; 0.034      ; 10.087     ;
; 44.232 ; ov7670_lcm_wall_core:u_ov7670_lcm_wall_core|H_Cont[1] ; ov7670_lcm_wall_core:u_ov7670_lcm_wall_core|altsyncram:frame_buf_rtl_0|altsyncram_o4d1:auto_generated|altsyncram_rng1:altsyncram1|ram_block2a11~porta_address_reg1 ; u_ov7670_lcm_wall_core|u0|altpll_component|pll|clk[0] ; u_ov7670_lcm_wall_core|u0|altpll_component|pll|clk[0] ; 54.285       ; 0.033      ; 10.085     ;
; 44.233 ; ov7670_lcm_wall_core:u_ov7670_lcm_wall_core|H_Cont[2] ; ov7670_lcm_wall_core:u_ov7670_lcm_wall_core|altsyncram:frame_buf_rtl_0|altsyncram_o4d1:auto_generated|altsyncram_rng1:altsyncram1|ram_block2a13~porta_address_reg0 ; u_ov7670_lcm_wall_core|u0|altpll_component|pll|clk[0] ; u_ov7670_lcm_wall_core|u0|altpll_component|pll|clk[0] ; 54.285       ; 0.023      ; 10.074     ;
; 44.235 ; ov7670_lcm_wall_core:u_ov7670_lcm_wall_core|H_Cont[4] ; ov7670_lcm_wall_core:u_ov7670_lcm_wall_core|altsyncram:frame_buf_rtl_0|altsyncram_o4d1:auto_generated|altsyncram_rng1:altsyncram1|ram_block2a23~porta_address_reg0 ; u_ov7670_lcm_wall_core|u0|altpll_component|pll|clk[0] ; u_ov7670_lcm_wall_core|u0|altpll_component|pll|clk[0] ; 54.285       ; 0.047      ; 10.096     ;
; 44.237 ; ov7670_lcm_wall_core:u_ov7670_lcm_wall_core|H_Cont[1] ; ov7670_lcm_wall_core:u_ov7670_lcm_wall_core|altsyncram:frame_buf_rtl_0|altsyncram_o4d1:auto_generated|altsyncram_rng1:altsyncram1|ram_block2a14~porta_address_reg0 ; u_ov7670_lcm_wall_core|u0|altpll_component|pll|clk[0] ; u_ov7670_lcm_wall_core|u0|altpll_component|pll|clk[0] ; 54.285       ; 0.049      ; 10.096     ;
; 44.237 ; ov7670_lcm_wall_core:u_ov7670_lcm_wall_core|H_Cont[2] ; ov7670_lcm_wall_core:u_ov7670_lcm_wall_core|altsyncram:frame_buf_rtl_0|altsyncram_o4d1:auto_generated|altsyncram_rng1:altsyncram1|ram_block2a27~porta_address_reg0 ; u_ov7670_lcm_wall_core|u0|altpll_component|pll|clk[0] ; u_ov7670_lcm_wall_core|u0|altpll_component|pll|clk[0] ; 54.285       ; 0.045      ; 10.092     ;
; 44.238 ; ov7670_lcm_wall_core:u_ov7670_lcm_wall_core|H_Cont[1] ; ov7670_lcm_wall_core:u_ov7670_lcm_wall_core|altsyncram:frame_buf_rtl_0|altsyncram_o4d1:auto_generated|altsyncram_rng1:altsyncram1|ram_block2a13~porta_address_reg1 ; u_ov7670_lcm_wall_core|u0|altpll_component|pll|clk[0] ; u_ov7670_lcm_wall_core|u0|altpll_component|pll|clk[0] ; 54.285       ; 0.023      ; 10.069     ;
; 44.239 ; ov7670_lcm_wall_core:u_ov7670_lcm_wall_core|H_Cont[1] ; ov7670_lcm_wall_core:u_ov7670_lcm_wall_core|altsyncram:frame_buf_rtl_0|altsyncram_o4d1:auto_generated|altsyncram_rng1:altsyncram1|ram_block2a12~porta_address_reg1 ; u_ov7670_lcm_wall_core|u0|altpll_component|pll|clk[0] ; u_ov7670_lcm_wall_core|u0|altpll_component|pll|clk[0] ; 54.285       ; 0.042      ; 10.087     ;
; 44.239 ; ov7670_lcm_wall_core:u_ov7670_lcm_wall_core|H_Cont[2] ; ov7670_lcm_wall_core:u_ov7670_lcm_wall_core|altsyncram:frame_buf_rtl_0|altsyncram_o4d1:auto_generated|altsyncram_rng1:altsyncram1|ram_block2a22~porta_address_reg0 ; u_ov7670_lcm_wall_core|u0|altpll_component|pll|clk[0] ; u_ov7670_lcm_wall_core|u0|altpll_component|pll|clk[0] ; 54.285       ; 0.032      ; 10.077     ;
; 44.241 ; ov7670_lcm_wall_core:u_ov7670_lcm_wall_core|H_Cont[8] ; ov7670_lcm_wall_core:u_ov7670_lcm_wall_core|altsyncram:frame_buf_rtl_0|altsyncram_o4d1:auto_generated|altsyncram_rng1:altsyncram1|ram_block2a32~porta_address_reg0 ; u_ov7670_lcm_wall_core|u0|altpll_component|pll|clk[0] ; u_ov7670_lcm_wall_core|u0|altpll_component|pll|clk[0] ; 54.285       ; 0.058      ; 10.101     ;
; 44.242 ; ov7670_lcm_wall_core:u_ov7670_lcm_wall_core|H_Cont[8] ; ov7670_lcm_wall_core:u_ov7670_lcm_wall_core|altsyncram:frame_buf_rtl_0|altsyncram_o4d1:auto_generated|altsyncram_rng1:altsyncram1|ram_block2a19~porta_address_reg0 ; u_ov7670_lcm_wall_core|u0|altpll_component|pll|clk[0] ; u_ov7670_lcm_wall_core|u0|altpll_component|pll|clk[0] ; 54.285       ; 0.040      ; 10.082     ;
; 44.243 ; ov7670_lcm_wall_core:u_ov7670_lcm_wall_core|H_Cont[2] ; ov7670_lcm_wall_core:u_ov7670_lcm_wall_core|altsyncram:frame_buf_rtl_0|altsyncram_o4d1:auto_generated|altsyncram_rng1:altsyncram1|ram_block2a25~porta_address_reg0 ; u_ov7670_lcm_wall_core|u0|altpll_component|pll|clk[0] ; u_ov7670_lcm_wall_core|u0|altpll_component|pll|clk[0] ; 54.285       ; 0.050      ; 10.091     ;
; 44.247 ; ov7670_lcm_wall_core:u_ov7670_lcm_wall_core|H_Cont[1] ; ov7670_lcm_wall_core:u_ov7670_lcm_wall_core|altsyncram:frame_buf_rtl_0|altsyncram_o4d1:auto_generated|altsyncram_rng1:altsyncram1|ram_block2a16~porta_address_reg0 ; u_ov7670_lcm_wall_core|u0|altpll_component|pll|clk[0] ; u_ov7670_lcm_wall_core|u0|altpll_component|pll|clk[0] ; 54.285       ; 0.028      ; 10.065     ;
; 44.248 ; ov7670_lcm_wall_core:u_ov7670_lcm_wall_core|H_Cont[8] ; ov7670_lcm_wall_core:u_ov7670_lcm_wall_core|altsyncram:frame_buf_rtl_0|altsyncram_o4d1:auto_generated|altsyncram_rng1:altsyncram1|ram_block2a7~porta_address_reg0  ; u_ov7670_lcm_wall_core|u0|altpll_component|pll|clk[0] ; u_ov7670_lcm_wall_core|u0|altpll_component|pll|clk[0] ; 54.285       ; 0.053      ; 10.089     ;
; 44.248 ; ov7670_lcm_wall_core:u_ov7670_lcm_wall_core|H_Cont[9] ; ov7670_lcm_wall_core:u_ov7670_lcm_wall_core|altsyncram:frame_buf_rtl_0|altsyncram_o4d1:auto_generated|altsyncram_rng1:altsyncram1|ram_block2a21~porta_address_reg0 ; u_ov7670_lcm_wall_core|u0|altpll_component|pll|clk[0] ; u_ov7670_lcm_wall_core|u0|altpll_component|pll|clk[0] ; 54.285       ; 0.031      ; 10.067     ;
; 44.250 ; ov7670_lcm_wall_core:u_ov7670_lcm_wall_core|H_Cont[0] ; ov7670_lcm_wall_core:u_ov7670_lcm_wall_core|altsyncram:frame_buf_rtl_0|altsyncram_o4d1:auto_generated|altsyncram_rng1:altsyncram1|ram_block2a18~porta_address_reg0 ; u_ov7670_lcm_wall_core|u0|altpll_component|pll|clk[0] ; u_ov7670_lcm_wall_core|u0|altpll_component|pll|clk[0] ; 54.285       ; 0.039      ; 10.073     ;
; 44.250 ; ov7670_lcm_wall_core:u_ov7670_lcm_wall_core|H_Cont[0] ; ov7670_lcm_wall_core:u_ov7670_lcm_wall_core|altsyncram:frame_buf_rtl_0|altsyncram_o4d1:auto_generated|altsyncram_rng1:altsyncram1|ram_block2a11~porta_address_reg0 ; u_ov7670_lcm_wall_core|u0|altpll_component|pll|clk[0] ; u_ov7670_lcm_wall_core|u0|altpll_component|pll|clk[0] ; 54.285       ; 0.033      ; 10.067     ;
; 44.255 ; ov7670_lcm_wall_core:u_ov7670_lcm_wall_core|H_Cont[1] ; ov7670_lcm_wall_core:u_ov7670_lcm_wall_core|altsyncram:frame_buf_rtl_0|altsyncram_o4d1:auto_generated|altsyncram_rng1:altsyncram1|ram_block2a10~porta_address_reg0 ; u_ov7670_lcm_wall_core|u0|altpll_component|pll|clk[0] ; u_ov7670_lcm_wall_core|u0|altpll_component|pll|clk[0] ; 54.285       ; 0.055      ; 10.084     ;
; 44.255 ; ov7670_lcm_wall_core:u_ov7670_lcm_wall_core|H_Cont[6] ; ov7670_lcm_wall_core:u_ov7670_lcm_wall_core|altsyncram:frame_buf_rtl_0|altsyncram_o4d1:auto_generated|altsyncram_rng1:altsyncram1|ram_block2a21~porta_address_reg0 ; u_ov7670_lcm_wall_core|u0|altpll_component|pll|clk[0] ; u_ov7670_lcm_wall_core|u0|altpll_component|pll|clk[0] ; 54.285       ; 0.031      ; 10.060     ;
; 44.259 ; ov7670_lcm_wall_core:u_ov7670_lcm_wall_core|H_Cont[1] ; ov7670_lcm_wall_core:u_ov7670_lcm_wall_core|altsyncram:frame_buf_rtl_0|altsyncram_o4d1:auto_generated|altsyncram_rng1:altsyncram1|ram_block2a27~porta_address_reg1 ; u_ov7670_lcm_wall_core|u0|altpll_component|pll|clk[0] ; u_ov7670_lcm_wall_core|u0|altpll_component|pll|clk[0] ; 54.285       ; 0.045      ; 10.070     ;
; 44.260 ; ov7670_lcm_wall_core:u_ov7670_lcm_wall_core|H_Cont[1] ; ov7670_lcm_wall_core:u_ov7670_lcm_wall_core|altsyncram:frame_buf_rtl_0|altsyncram_o4d1:auto_generated|altsyncram_rng1:altsyncram1|ram_block2a22~porta_address_reg1 ; u_ov7670_lcm_wall_core|u0|altpll_component|pll|clk[0] ; u_ov7670_lcm_wall_core|u0|altpll_component|pll|clk[0] ; 54.285       ; 0.032      ; 10.056     ;
; 44.261 ; ov7670_lcm_wall_core:u_ov7670_lcm_wall_core|H_Cont[2] ; ov7670_lcm_wall_core:u_ov7670_lcm_wall_core|altsyncram:frame_buf_rtl_0|altsyncram_o4d1:auto_generated|altsyncram_rng1:altsyncram1|ram_block2a31~porta_address_reg0 ; u_ov7670_lcm_wall_core|u0|altpll_component|pll|clk[0] ; u_ov7670_lcm_wall_core|u0|altpll_component|pll|clk[0] ; 54.285       ; 0.054      ; 10.077     ;
; 44.264 ; ov7670_lcm_wall_core:u_ov7670_lcm_wall_core|H_Cont[1] ; ov7670_lcm_wall_core:u_ov7670_lcm_wall_core|altsyncram:frame_buf_rtl_0|altsyncram_o4d1:auto_generated|altsyncram_rng1:altsyncram1|ram_block2a21~porta_address_reg1 ; u_ov7670_lcm_wall_core|u0|altpll_component|pll|clk[0] ; u_ov7670_lcm_wall_core|u0|altpll_component|pll|clk[0] ; 54.285       ; 0.031      ; 10.051     ;
; 44.269 ; ov7670_lcm_wall_core:u_ov7670_lcm_wall_core|H_Cont[2] ; ov7670_lcm_wall_core:u_ov7670_lcm_wall_core|altsyncram:frame_buf_rtl_0|altsyncram_o4d1:auto_generated|altsyncram_rng1:altsyncram1|ram_block2a26~porta_address_reg0 ; u_ov7670_lcm_wall_core|u0|altpll_component|pll|clk[0] ; u_ov7670_lcm_wall_core|u0|altpll_component|pll|clk[0] ; 54.285       ; 0.056      ; 10.071     ;
; 44.271 ; ov7670_lcm_wall_core:u_ov7670_lcm_wall_core|H_Cont[7] ; ov7670_lcm_wall_core:u_ov7670_lcm_wall_core|altsyncram:frame_buf_rtl_0|altsyncram_o4d1:auto_generated|altsyncram_rng1:altsyncram1|ram_block2a21~porta_address_reg0 ; u_ov7670_lcm_wall_core|u0|altpll_component|pll|clk[0] ; u_ov7670_lcm_wall_core|u0|altpll_component|pll|clk[0] ; 54.285       ; 0.031      ; 10.044     ;
+--------+-------------------------------------------------------+--------------------------------------------------------------------------------------------------------------------------------------------------------------------+-------------------------------------------------------+-------------------------------------------------------+--------------+------------+------------+


+-----------------------------------------------------------------------------------------------------------------------------------------------------------------------------------------------------------------------------------------------------------------------------------+
; Fast Model Hold: 'CLOCK_50'                                                                                                                                                                                                                                                       ;
+-------+--------------------------------------------------------------------------------------------------+--------------------------------------------------------------------------------------------------+--------------+-------------+--------------+------------+------------+
; Slack ; From Node                                                                                        ; To Node                                                                                          ; Launch Clock ; Latch Clock ; Relationship ; Clock Skew ; Data Delay ;
+-------+--------------------------------------------------------------------------------------------------+--------------------------------------------------------------------------------------------------+--------------+-------------+--------------+------------+------------+
; 0.215 ; huskylens_sensor_core:u_huskylens_sensor_core|UART_RX:uart_hl_rx|rx_shift[3]                     ; huskylens_sensor_core:u_huskylens_sensor_core|UART_RX:uart_hl_rx|rx_shift[3]                     ; CLOCK_50     ; CLOCK_50    ; 0.000        ; 0.000      ; 0.367      ;
; 0.215 ; huskylens_sensor_core:u_huskylens_sensor_core|UART_RX:uart_hl_rx|rx_shift[7]                     ; huskylens_sensor_core:u_huskylens_sensor_core|UART_RX:uart_hl_rx|rx_shift[7]                     ; CLOCK_50     ; CLOCK_50    ; 0.000        ; 0.000      ; 0.367      ;
; 0.215 ; huskylens_sensor_core:u_huskylens_sensor_core|UART_RX:uart_hl_rx|rx_shift[5]                     ; huskylens_sensor_core:u_huskylens_sensor_core|UART_RX:uart_hl_rx|rx_shift[5]                     ; CLOCK_50     ; CLOCK_50    ; 0.000        ; 0.000      ; 0.367      ;
; 0.215 ; huskylens_sensor_core:u_huskylens_sensor_core|UART_RX:uart_hl_rx|rx_shift[0]                     ; huskylens_sensor_core:u_huskylens_sensor_core|UART_RX:uart_hl_rx|rx_shift[0]                     ; CLOCK_50     ; CLOCK_50    ; 0.000        ; 0.000      ; 0.367      ;
; 0.215 ; huskylens_sensor_core:u_huskylens_sensor_core|UART_RX:uart_hl_rx|rx_shift[4]                     ; huskylens_sensor_core:u_huskylens_sensor_core|UART_RX:uart_hl_rx|rx_shift[4]                     ; CLOCK_50     ; CLOCK_50    ; 0.000        ; 0.000      ; 0.367      ;
; 0.215 ; huskylens_sensor_core:u_huskylens_sensor_core|UART_RX:uart_hl_rx|rx_shift[1]                     ; huskylens_sensor_core:u_huskylens_sensor_core|UART_RX:uart_hl_rx|rx_shift[1]                     ; CLOCK_50     ; CLOCK_50    ; 0.000        ; 0.000      ; 0.367      ;
; 0.215 ; huskylens_sensor_core:u_huskylens_sensor_core|UART_RX:uart_hl_rx|rx_shift[6]                     ; huskylens_sensor_core:u_huskylens_sensor_core|UART_RX:uart_hl_rx|rx_shift[6]                     ; CLOCK_50     ; CLOCK_50    ; 0.000        ; 0.000      ; 0.367      ;
; 0.215 ; huskylens_sensor_core:u_huskylens_sensor_core|UART_RX:uart_hl_rx|rx_shift[2]                     ; huskylens_sensor_core:u_huskylens_sensor_core|UART_RX:uart_hl_rx|rx_shift[2]                     ; CLOCK_50     ; CLOCK_50    ; 0.000        ; 0.000      ; 0.367      ;
; 0.215 ; huskylens_sensor_core:u_huskylens_sensor_core|HL_PARSER:hl_parser|data_idx[0]                    ; huskylens_sensor_core:u_huskylens_sensor_core|HL_PARSER:hl_parser|data_idx[0]                    ; CLOCK_50     ; CLOCK_50    ; 0.000        ; 0.000      ; 0.367      ;
; 0.215 ; huskylens_sensor_core:u_huskylens_sensor_core|HL_PARSER:hl_parser|data_idx[1]                    ; huskylens_sensor_core:u_huskylens_sensor_core|HL_PARSER:hl_parser|data_idx[1]                    ; CLOCK_50     ; CLOCK_50    ; 0.000        ; 0.000      ; 0.367      ;
; 0.215 ; huskylens_sensor_core:u_huskylens_sensor_core|HL_PARSER:hl_parser|data_idx[2]                    ; huskylens_sensor_core:u_huskylens_sensor_core|HL_PARSER:hl_parser|data_idx[2]                    ; CLOCK_50     ; CLOCK_50    ; 0.000        ; 0.000      ; 0.367      ;
; 0.215 ; huskylens_sensor_core:u_huskylens_sensor_core|HL_PARSER:hl_parser|data_idx[3]                    ; huskylens_sensor_core:u_huskylens_sensor_core|HL_PARSER:hl_parser|data_idx[3]                    ; CLOCK_50     ; CLOCK_50    ; 0.000        ; 0.000      ; 0.367      ;
; 0.215 ; huskylens_sensor_core:u_huskylens_sensor_core|HL_PARSER:hl_parser|data_idx[4]                    ; huskylens_sensor_core:u_huskylens_sensor_core|HL_PARSER:hl_parser|data_idx[4]                    ; CLOCK_50     ; CLOCK_50    ; 0.000        ; 0.000      ; 0.367      ;
; 0.215 ; UART_RX:u_cpu_pc_rx|rx_shift[4]                                                                  ; UART_RX:u_cpu_pc_rx|rx_shift[4]                                                                  ; CLOCK_50     ; CLOCK_50    ; 0.000        ; 0.000      ; 0.367      ;
; 0.215 ; UART_RX:u_cpu_pc_rx|rx_shift[3]                                                                  ; UART_RX:u_cpu_pc_rx|rx_shift[3]                                                                  ; CLOCK_50     ; CLOCK_50    ; 0.000        ; 0.000      ; 0.367      ;
; 0.215 ; huskylens_sensor_core:u_huskylens_sensor_core|algo[1]                                            ; huskylens_sensor_core:u_huskylens_sensor_core|algo[1]                                            ; CLOCK_50     ; CLOCK_50    ; 0.000        ; 0.000      ; 0.367      ;
; 0.215 ; UART_RX:u_cpu_pc_rx|rx_shift[2]                                                                  ; UART_RX:u_cpu_pc_rx|rx_shift[2]                                                                  ; CLOCK_50     ; CLOCK_50    ; 0.000        ; 0.000      ; 0.367      ;
; 0.215 ; UART_RX:u_cpu_pc_rx|rx_shift[6]                                                                  ; UART_RX:u_cpu_pc_rx|rx_shift[6]                                                                  ; CLOCK_50     ; CLOCK_50    ; 0.000        ; 0.000      ; 0.367      ;
; 0.215 ; UART_RX:u_cpu_pc_rx|rx_shift[1]                                                                  ; UART_RX:u_cpu_pc_rx|rx_shift[1]                                                                  ; CLOCK_50     ; CLOCK_50    ; 0.000        ; 0.000      ; 0.367      ;
; 0.215 ; huskylens_sensor_core:u_huskylens_sensor_core|TIMER:timer_inst|FLAG                              ; huskylens_sensor_core:u_huskylens_sensor_core|TIMER:timer_inst|FLAG                              ; CLOCK_50     ; CLOCK_50    ; 0.000        ; 0.000      ; 0.367      ;
; 0.215 ; huskylens_sensor_core:u_huskylens_sensor_core|cycle_slot[2]                                      ; huskylens_sensor_core:u_huskylens_sensor_core|cycle_slot[2]                                      ; CLOCK_50     ; CLOCK_50    ; 0.000        ; 0.000      ; 0.367      ;
; 0.215 ; DMEM_MMIO:u_dmem_mmio|hl_no_result_latch                                                         ; DMEM_MMIO:u_dmem_mmio|hl_no_result_latch                                                         ; CLOCK_50     ; CLOCK_50    ; 0.000        ; 0.000      ; 0.367      ;
; 0.215 ; DMEM_MMIO:u_dmem_mmio|hl_valid_latch                                                             ; DMEM_MMIO:u_dmem_mmio|hl_valid_latch                                                             ; CLOCK_50     ; CLOCK_50    ; 0.000        ; 0.000      ; 0.367      ;
; 0.215 ; UART_RX:u_cpu_pc_rx|rx_shift[0]                                                                  ; UART_RX:u_cpu_pc_rx|rx_shift[0]                                                                  ; CLOCK_50     ; CLOCK_50    ; 0.000        ; 0.000      ; 0.367      ;
; 0.215 ; UART_RX:u_cpu_pc_rx|rx_shift[7]                                                                  ; UART_RX:u_cpu_pc_rx|rx_shift[7]                                                                  ; CLOCK_50     ; CLOCK_50    ; 0.000        ; 0.000      ; 0.367      ;
; 0.215 ; UART_RX:u_cpu_pc_rx|rx_shift[5]                                                                  ; UART_RX:u_cpu_pc_rx|rx_shift[5]                                                                  ; CLOCK_50     ; CLOCK_50    ; 0.000        ; 0.000      ; 0.367      ;
; 0.215 ; cpu_pc_activity_toggle                                                                           ; cpu_pc_activity_toggle                                                                           ; CLOCK_50     ; CLOCK_50    ; 0.000        ; 0.000      ; 0.367      ;
; 0.215 ; ov7670_lcm_wall_core:u_ov7670_lcm_wall_core|OV7670_XCLK                                          ; ov7670_lcm_wall_core:u_ov7670_lcm_wall_core|OV7670_XCLK                                          ; CLOCK_50     ; CLOCK_50    ; 0.000        ; 0.000      ; 0.367      ;
; 0.215 ; ov7670_lcm_wall_core:u_ov7670_lcm_wall_core|I2S_LCM_Config:u4|I2S_Controller:u0|mI2S_CLK         ; ov7670_lcm_wall_core:u_ov7670_lcm_wall_core|I2S_LCM_Config:u4|I2S_Controller:u0|mI2S_CLK         ; CLOCK_50     ; CLOCK_50    ; 0.000        ; 0.000      ; 0.367      ;
; 0.215 ; huskylens_sensor_core:u_huskylens_sensor_core|UART_RX:uart_hl_rx|bit_idx[0]                      ; huskylens_sensor_core:u_huskylens_sensor_core|UART_RX:uart_hl_rx|bit_idx[0]                      ; CLOCK_50     ; CLOCK_50    ; 0.000        ; 0.000      ; 0.367      ;
; 0.215 ; huskylens_sensor_core:u_huskylens_sensor_core|UART_RX:uart_hl_rx|bit_idx[1]                      ; huskylens_sensor_core:u_huskylens_sensor_core|UART_RX:uart_hl_rx|bit_idx[1]                      ; CLOCK_50     ; CLOCK_50    ; 0.000        ; 0.000      ; 0.367      ;
; 0.215 ; huskylens_sensor_core:u_huskylens_sensor_core|UART_RX:uart_hl_rx|bit_idx[2]                      ; huskylens_sensor_core:u_huskylens_sensor_core|UART_RX:uart_hl_rx|bit_idx[2]                      ; CLOCK_50     ; CLOCK_50    ; 0.000        ; 0.000      ; 0.367      ;
; 0.215 ; huskylens_sensor_core:u_huskylens_sensor_core|UART_RX:uart_hl_rx|state.DATA_BITS                 ; huskylens_sensor_core:u_huskylens_sensor_core|UART_RX:uart_hl_rx|state.DATA_BITS                 ; CLOCK_50     ; CLOCK_50    ; 0.000        ; 0.000      ; 0.367      ;
; 0.215 ; huskylens_sensor_core:u_huskylens_sensor_core|UART_RX:uart_hl_rx|state.START                     ; huskylens_sensor_core:u_huskylens_sensor_core|UART_RX:uart_hl_rx|state.START                     ; CLOCK_50     ; CLOCK_50    ; 0.000        ; 0.000      ; 0.367      ;
; 0.215 ; huskylens_sensor_core:u_huskylens_sensor_core|UART_RX:uart_hl_rx|state.IDLE                      ; huskylens_sensor_core:u_huskylens_sensor_core|UART_RX:uart_hl_rx|state.IDLE                      ; CLOCK_50     ; CLOCK_50    ; 0.000        ; 0.000      ; 0.367      ;
; 0.215 ; huskylens_sensor_core:u_huskylens_sensor_core|UART_RX:uart_hl_rx|state.STOP                      ; huskylens_sensor_core:u_huskylens_sensor_core|UART_RX:uart_hl_rx|state.STOP                      ; CLOCK_50     ; CLOCK_50    ; 0.000        ; 0.000      ; 0.367      ;
; 0.215 ; UART_RX:u_cpu_pc_rx|bit_idx[0]                                                                   ; UART_RX:u_cpu_pc_rx|bit_idx[0]                                                                   ; CLOCK_50     ; CLOCK_50    ; 0.000        ; 0.000      ; 0.367      ;
; 0.215 ; UART_RX:u_cpu_pc_rx|bit_idx[1]                                                                   ; UART_RX:u_cpu_pc_rx|bit_idx[1]                                                                   ; CLOCK_50     ; CLOCK_50    ; 0.000        ; 0.000      ; 0.367      ;
; 0.215 ; UART_RX:u_cpu_pc_rx|bit_idx[2]                                                                   ; UART_RX:u_cpu_pc_rx|bit_idx[2]                                                                   ; CLOCK_50     ; CLOCK_50    ; 0.000        ; 0.000      ; 0.367      ;
; 0.215 ; UART_RX:u_cpu_pc_rx|state.DATA_BITS                                                              ; UART_RX:u_cpu_pc_rx|state.DATA_BITS                                                              ; CLOCK_50     ; CLOCK_50    ; 0.000        ; 0.000      ; 0.367      ;
; 0.215 ; UART_RX:u_cpu_pc_rx|state.IDLE                                                                   ; UART_RX:u_cpu_pc_rx|state.IDLE                                                                   ; CLOCK_50     ; CLOCK_50    ; 0.000        ; 0.000      ; 0.367      ;
; 0.215 ; UART_RX:u_cpu_pc_rx|state.START                                                                  ; UART_RX:u_cpu_pc_rx|state.START                                                                  ; CLOCK_50     ; CLOCK_50    ; 0.000        ; 0.000      ; 0.367      ;
; 0.215 ; UART_RX:u_cpu_pc_rx|state.STOP                                                                   ; UART_RX:u_cpu_pc_rx|state.STOP                                                                   ; CLOCK_50     ; CLOCK_50    ; 0.000        ; 0.000      ; 0.367      ;
; 0.215 ; UART_TX:u_cpu_pc_tx|bit_idx[0]                                                                   ; UART_TX:u_cpu_pc_tx|bit_idx[0]                                                                   ; CLOCK_50     ; CLOCK_50    ; 0.000        ; 0.000      ; 0.367      ;
; 0.215 ; UART_TX:u_cpu_pc_tx|bit_idx[2]                                                                   ; UART_TX:u_cpu_pc_tx|bit_idx[2]                                                                   ; CLOCK_50     ; CLOCK_50    ; 0.000        ; 0.000      ; 0.367      ;
; 0.215 ; UART_TX:u_cpu_pc_tx|state.STOP                                                                   ; UART_TX:u_cpu_pc_tx|state.STOP                                                                   ; CLOCK_50     ; CLOCK_50    ; 0.000        ; 0.000      ; 0.367      ;
; 0.215 ; UART_TX:u_cpu_pc_tx|state.START                                                                  ; UART_TX:u_cpu_pc_tx|state.START                                                                  ; CLOCK_50     ; CLOCK_50    ; 0.000        ; 0.000      ; 0.367      ;
; 0.215 ; UART_TX:u_cpu_pc_tx|bit_idx[1]                                                                   ; UART_TX:u_cpu_pc_tx|bit_idx[1]                                                                   ; CLOCK_50     ; CLOCK_50    ; 0.000        ; 0.000      ; 0.367      ;
; 0.215 ; UART_TX:u_cpu_pc_tx|state.IDLE                                                                   ; UART_TX:u_cpu_pc_tx|state.IDLE                                                                   ; CLOCK_50     ; CLOCK_50    ; 0.000        ; 0.000      ; 0.367      ;
; 0.215 ; huskylens_sensor_core:u_huskylens_sensor_core|UART_TX:uart_hl_tx|bit_idx[0]                      ; huskylens_sensor_core:u_huskylens_sensor_core|UART_TX:uart_hl_tx|bit_idx[0]                      ; CLOCK_50     ; CLOCK_50    ; 0.000        ; 0.000      ; 0.367      ;
; 0.215 ; huskylens_sensor_core:u_huskylens_sensor_core|UART_TX:uart_hl_tx|bit_idx[1]                      ; huskylens_sensor_core:u_huskylens_sensor_core|UART_TX:uart_hl_tx|bit_idx[1]                      ; CLOCK_50     ; CLOCK_50    ; 0.000        ; 0.000      ; 0.367      ;
; 0.215 ; huskylens_sensor_core:u_huskylens_sensor_core|UART_TX:uart_hl_tx|bit_idx[2]                      ; huskylens_sensor_core:u_huskylens_sensor_core|UART_TX:uart_hl_tx|bit_idx[2]                      ; CLOCK_50     ; CLOCK_50    ; 0.000        ; 0.000      ; 0.367      ;
; 0.215 ; huskylens_sensor_core:u_huskylens_sensor_core|UART_TX:uart_hl_tx|state.STOP                      ; huskylens_sensor_core:u_huskylens_sensor_core|UART_TX:uart_hl_tx|state.STOP                      ; CLOCK_50     ; CLOCK_50    ; 0.000        ; 0.000      ; 0.367      ;
; 0.215 ; huskylens_sensor_core:u_huskylens_sensor_core|UART_TX:uart_hl_tx|state.START                     ; huskylens_sensor_core:u_huskylens_sensor_core|UART_TX:uart_hl_tx|state.START                     ; CLOCK_50     ; CLOCK_50    ; 0.000        ; 0.000      ; 0.367      ;
; 0.215 ; huskylens_sensor_core:u_huskylens_sensor_core|UART_TX:uart_hl_tx|state.IDLE                      ; huskylens_sensor_core:u_huskylens_sensor_core|UART_TX:uart_hl_tx|state.IDLE                      ; CLOCK_50     ; CLOCK_50    ; 0.000        ; 0.000      ; 0.367      ;
; 0.215 ; huskylens_sensor_core:u_huskylens_sensor_core|algo_configured                                    ; huskylens_sensor_core:u_huskylens_sensor_core|algo_configured                                    ; CLOCK_50     ; CLOCK_50    ; 0.000        ; 0.000      ; 0.367      ;
; 0.215 ; huskylens_sensor_core:u_huskylens_sensor_core|cycle_slot[0]                                      ; huskylens_sensor_core:u_huskylens_sensor_core|cycle_slot[0]                                      ; CLOCK_50     ; CLOCK_50    ; 0.000        ; 0.000      ; 0.367      ;
; 0.215 ; huskylens_sensor_core:u_huskylens_sensor_core|cycle_slot[1]                                      ; huskylens_sensor_core:u_huskylens_sensor_core|cycle_slot[1]                                      ; CLOCK_50     ; CLOCK_50    ; 0.000        ; 0.000      ; 0.367      ;
; 0.215 ; huskylens_sensor_core:u_huskylens_sensor_core|byte_index[0]                                      ; huskylens_sensor_core:u_huskylens_sensor_core|byte_index[0]                                      ; CLOCK_50     ; CLOCK_50    ; 0.000        ; 0.000      ; 0.367      ;
; 0.215 ; huskylens_sensor_core:u_huskylens_sensor_core|byte_index[1]                                      ; huskylens_sensor_core:u_huskylens_sensor_core|byte_index[1]                                      ; CLOCK_50     ; CLOCK_50    ; 0.000        ; 0.000      ; 0.367      ;
; 0.215 ; huskylens_sensor_core:u_huskylens_sensor_core|byte_index[2]                                      ; huskylens_sensor_core:u_huskylens_sensor_core|byte_index[2]                                      ; CLOCK_50     ; CLOCK_50    ; 0.000        ; 0.000      ; 0.367      ;
; 0.215 ; huskylens_sensor_core:u_huskylens_sensor_core|byte_index[3]                                      ; huskylens_sensor_core:u_huskylens_sensor_core|byte_index[3]                                      ; CLOCK_50     ; CLOCK_50    ; 0.000        ; 0.000      ; 0.367      ;
; 0.215 ; huskylens_sensor_core:u_huskylens_sensor_core|request_after_set                                  ; huskylens_sensor_core:u_huskylens_sensor_core|request_after_set                                  ; CLOCK_50     ; CLOCK_50    ; 0.000        ; 0.000      ; 0.367      ;
; 0.215 ; huskylens_sensor_core:u_huskylens_sensor_core|tx_state[2]                                        ; huskylens_sensor_core:u_huskylens_sensor_core|tx_state[2]                                        ; CLOCK_50     ; CLOCK_50    ; 0.000        ; 0.000      ; 0.367      ;
; 0.215 ; huskylens_sensor_core:u_huskylens_sensor_core|HL_PARSER:hl_parser|ALGO_ID[0]                     ; huskylens_sensor_core:u_huskylens_sensor_core|HL_PARSER:hl_parser|ALGO_ID[0]                     ; CLOCK_50     ; CLOCK_50    ; 0.000        ; 0.000      ; 0.367      ;
; 0.215 ; huskylens_sensor_core:u_huskylens_sensor_core|hl_tx_data[7]                                      ; huskylens_sensor_core:u_huskylens_sensor_core|hl_tx_data[7]                                      ; CLOCK_50     ; CLOCK_50    ; 0.000        ; 0.000      ; 0.367      ;
; 0.215 ; huskylens_sensor_core:u_huskylens_sensor_core|byte_seen_reg                                      ; huskylens_sensor_core:u_huskylens_sensor_core|byte_seen_reg                                      ; CLOCK_50     ; CLOCK_50    ; 0.000        ; 0.000      ; 0.367      ;
; 0.236 ; huskylens_sensor_core:u_huskylens_sensor_core|HL_PARSER:hl_parser|data_buf[8][7]                 ; huskylens_sensor_core:u_huskylens_sensor_core|HL_PARSER:hl_parser|OBJ_ID[7]                      ; CLOCK_50     ; CLOCK_50    ; 0.000        ; 0.000      ; 0.388      ;
; 0.238 ; huskylens_sensor_core:u_huskylens_sensor_core|HL_PARSER:hl_parser|data_buf[2][1]                 ; huskylens_sensor_core:u_huskylens_sensor_core|HL_PARSER:hl_parser|OBJ_Y[1]                       ; CLOCK_50     ; CLOCK_50    ; 0.000        ; 0.000      ; 0.390      ;
; 0.238 ; huskylens_sensor_core:u_huskylens_sensor_core|HL_PARSER:hl_parser|data_buf[8][4]                 ; huskylens_sensor_core:u_huskylens_sensor_core|HL_PARSER:hl_parser|OBJ_ID[4]                      ; CLOCK_50     ; CLOCK_50    ; 0.000        ; 0.000      ; 0.390      ;
; 0.239 ; huskylens_sensor_core:u_huskylens_sensor_core|HL_PARSER:hl_parser|data_buf[8][3]                 ; huskylens_sensor_core:u_huskylens_sensor_core|HL_PARSER:hl_parser|OBJ_ID[3]                      ; CLOCK_50     ; CLOCK_50    ; 0.000        ; 0.000      ; 0.391      ;
; 0.239 ; huskylens_sensor_core:u_huskylens_sensor_core|HL_PARSER:hl_parser|data_buf[2][0]                 ; huskylens_sensor_core:u_huskylens_sensor_core|HL_PARSER:hl_parser|OBJ_Y[0]                       ; CLOCK_50     ; CLOCK_50    ; 0.000        ; 0.000      ; 0.391      ;
; 0.240 ; huskylens_sensor_core:u_huskylens_sensor_core|HL_PARSER:hl_parser|data_buf[8][6]                 ; huskylens_sensor_core:u_huskylens_sensor_core|HL_PARSER:hl_parser|OBJ_ID[6]                      ; CLOCK_50     ; CLOCK_50    ; 0.000        ; 0.000      ; 0.392      ;
; 0.240 ; huskylens_sensor_core:u_huskylens_sensor_core|HL_PARSER:hl_parser|data_buf[2][5]                 ; huskylens_sensor_core:u_huskylens_sensor_core|HL_PARSER:hl_parser|OBJ_Y[5]                       ; CLOCK_50     ; CLOCK_50    ; 0.000        ; 0.000      ; 0.392      ;
; 0.243 ; huskylens_sensor_core:u_huskylens_sensor_core|UART_RX:uart_hl_rx|baud_cnt[15]                    ; huskylens_sensor_core:u_huskylens_sensor_core|UART_RX:uart_hl_rx|baud_cnt[15]                    ; CLOCK_50     ; CLOCK_50    ; 0.000        ; 0.000      ; 0.395      ;
; 0.243 ; UART_RX:u_cpu_pc_rx|baud_cnt[15]                                                                 ; UART_RX:u_cpu_pc_rx|baud_cnt[15]                                                                 ; CLOCK_50     ; CLOCK_50    ; 0.000        ; 0.000      ; 0.395      ;
; 0.243 ; huskylens_sensor_core:u_huskylens_sensor_core|UART_TX:uart_hl_tx|baud_cnt[15]                    ; huskylens_sensor_core:u_huskylens_sensor_core|UART_TX:uart_hl_tx|baud_cnt[15]                    ; CLOCK_50     ; CLOCK_50    ; 0.000        ; 0.000      ; 0.395      ;
; 0.243 ; huskylens_sensor_core:u_huskylens_sensor_core|slow_tick_count[31]                                ; huskylens_sensor_core:u_huskylens_sensor_core|slow_tick_count[31]                                ; CLOCK_50     ; CLOCK_50    ; 0.000        ; 0.000      ; 0.395      ;
; 0.243 ; huskylens_sensor_core:u_huskylens_sensor_core|HL_PARSER:hl_parser|data_buf[2][7]                 ; huskylens_sensor_core:u_huskylens_sensor_core|HL_PARSER:hl_parser|OBJ_Y[7]                       ; CLOCK_50     ; CLOCK_50    ; 0.000        ; 0.000      ; 0.395      ;
; 0.243 ; UART_TX:u_cpu_pc_tx|baud_cnt[15]                                                                 ; UART_TX:u_cpu_pc_tx|baud_cnt[15]                                                                 ; CLOCK_50     ; CLOCK_50    ; 0.000        ; 0.000      ; 0.395      ;
; 0.243 ; ov7670_lcm_wall_core:u_ov7670_lcm_wall_core|I2S_LCM_Config:u4|I2S_Controller:u0|mI2S_CLK_DIV[15] ; ov7670_lcm_wall_core:u_ov7670_lcm_wall_core|I2S_LCM_Config:u4|I2S_Controller:u0|mI2S_CLK_DIV[15] ; CLOCK_50     ; CLOCK_50    ; 0.000        ; 0.000      ; 0.395      ;
; 0.244 ; huskylens_sensor_core:u_huskylens_sensor_core|HL_PARSER:hl_parser|state.S_DATA                   ; huskylens_sensor_core:u_huskylens_sensor_core|HL_PARSER:hl_parser|state.S_CHKSUM                 ; CLOCK_50     ; CLOCK_50    ; 0.000        ; 0.000      ; 0.396      ;
; 0.245 ; DMEM_MMIO:u_dmem_mmio|cpu_mmio_activity_count[23]                                                ; DMEM_MMIO:u_dmem_mmio|cpu_mmio_activity_count[23]                                                ; CLOCK_50     ; CLOCK_50    ; 0.000        ; 0.000      ; 0.397      ;
; 0.245 ; huskylens_sensor_core:u_huskylens_sensor_core|tx_state[2]                                        ; huskylens_sensor_core:u_huskylens_sensor_core|byte_index[1]                                      ; CLOCK_50     ; CLOCK_50    ; 0.000        ; 0.000      ; 0.397      ;
; 0.249 ; huskylens_sensor_core:u_huskylens_sensor_core|HL_PARSER:hl_parser|state.S_H3                     ; huskylens_sensor_core:u_huskylens_sensor_core|HL_PARSER:hl_parser|state.S_LEN                    ; CLOCK_50     ; CLOCK_50    ; 0.000        ; 0.000      ; 0.401      ;
; 0.251 ; huskylens_sensor_core:u_huskylens_sensor_core|tx_state[2]                                        ; huskylens_sensor_core:u_huskylens_sensor_core|byte_index[0]                                      ; CLOCK_50     ; CLOCK_50    ; 0.000        ; 0.000      ; 0.403      ;
; 0.257 ; huskylens_sensor_core:u_huskylens_sensor_core|byte_index[2]                                      ; huskylens_sensor_core:u_huskylens_sensor_core|byte_index[3]                                      ; CLOCK_50     ; CLOCK_50    ; 0.000        ; 0.000      ; 0.409      ;
; 0.258 ; huskylens_sensor_core:u_huskylens_sensor_core|cycle_slot[1]                                      ; huskylens_sensor_core:u_huskylens_sensor_core|cycle_slot[2]                                      ; CLOCK_50     ; CLOCK_50    ; 0.000        ; 0.000      ; 0.410      ;
; 0.258 ; huskylens_sensor_core:u_huskylens_sensor_core|UART_TX:uart_hl_tx|bit_idx[0]                      ; huskylens_sensor_core:u_huskylens_sensor_core|UART_TX:uart_hl_tx|bit_idx[1]                      ; CLOCK_50     ; CLOCK_50    ; 0.000        ; 0.000      ; 0.410      ;
; 0.259 ; huskylens_sensor_core:u_huskylens_sensor_core|cycle_slot[1]                                      ; huskylens_sensor_core:u_huskylens_sensor_core|packet_mode[1]                                     ; CLOCK_50     ; CLOCK_50    ; 0.000        ; 0.000      ; 0.411      ;
; 0.262 ; huskylens_sensor_core:u_huskylens_sensor_core|cycle_slot[0]                                      ; huskylens_sensor_core:u_huskylens_sensor_core|packet_mode[0]                                     ; CLOCK_50     ; CLOCK_50    ; 0.000        ; 0.000      ; 0.414      ;
; 0.266 ; huskylens_sensor_core:u_huskylens_sensor_core|cycle_slot[0]                                      ; huskylens_sensor_core:u_huskylens_sensor_core|cycle_slot[1]                                      ; CLOCK_50     ; CLOCK_50    ; 0.000        ; 0.000      ; 0.418      ;
; 0.310 ; huskylens_sensor_core:u_huskylens_sensor_core|UART_TX:uart_hl_tx|state.STOP                      ; huskylens_sensor_core:u_huskylens_sensor_core|UART_TX:uart_hl_tx|BUSY                            ; CLOCK_50     ; CLOCK_50    ; 0.000        ; 0.000      ; 0.462      ;
; 0.312 ; huskylens_sensor_core:u_huskylens_sensor_core|HL_PARSER:hl_parser|OBJ_COUNT[6]                   ; huskylens_sensor_core:u_huskylens_sensor_core|obj_count[6]                                       ; CLOCK_50     ; CLOCK_50    ; 0.000        ; 0.000      ; 0.464      ;
; 0.312 ; huskylens_sensor_core:u_huskylens_sensor_core|HL_PARSER:hl_parser|OBJ_H[11]                      ; huskylens_sensor_core:u_huskylens_sensor_core|h[11]                                              ; CLOCK_50     ; CLOCK_50    ; 0.000        ; 0.000      ; 0.464      ;
; 0.313 ; huskylens_sensor_core:u_huskylens_sensor_core|UART_RX:uart_hl_rx|rx_shift[6]                     ; huskylens_sensor_core:u_huskylens_sensor_core|UART_RX:uart_hl_rx|DATA[6]                         ; CLOCK_50     ; CLOCK_50    ; 0.000        ; 0.000      ; 0.465      ;
; 0.315 ; huskylens_sensor_core:u_huskylens_sensor_core|HL_PARSER:hl_parser|data_buf[6][2]                 ; huskylens_sensor_core:u_huskylens_sensor_core|HL_PARSER:hl_parser|OBJ_H[2]                       ; CLOCK_50     ; CLOCK_50    ; 0.000        ; 0.005      ; 0.472      ;
; 0.315 ; UART_RX:u_cpu_pc_rx|rx_shift[6]                                                                  ; UART_RX:u_cpu_pc_rx|DATA[6]                                                                      ; CLOCK_50     ; CLOCK_50    ; 0.000        ; 0.000      ; 0.467      ;
; 0.315 ; UART_RX:u_cpu_pc_rx|rx_shift[0]                                                                  ; UART_RX:u_cpu_pc_rx|DATA[0]                                                                      ; CLOCK_50     ; CLOCK_50    ; 0.000        ; 0.000      ; 0.467      ;
; 0.315 ; huskylens_sensor_core:u_huskylens_sensor_core|HL_PARSER:hl_parser|OBJ_H[13]                      ; huskylens_sensor_core:u_huskylens_sensor_core|h[13]                                              ; CLOCK_50     ; CLOCK_50    ; 0.000        ; 0.000      ; 0.467      ;
+-------+--------------------------------------------------------------------------------------------------+--------------------------------------------------------------------------------------------------+--------------+-------------+--------------+------------+------------+


+-----------------------------------------------------------------------------------------------------------------------------------------------------------------------------------------------------------------------------------------------------------------------------------------------------+
; Fast Model Hold: 'u_ov7670_lcm_wall_core|u0|altpll_component|pll|clk[0]'                                                                                                                                                                                                                            ;
+-------+--------------------------------------------------------------+---------------------------------------------------------------------+-------------------------------------------------------+-------------------------------------------------------+--------------+------------+------------+
; Slack ; From Node                                                    ; To Node                                                             ; Launch Clock                                          ; Latch Clock                                           ; Relationship ; Clock Skew ; Data Delay ;
+-------+--------------------------------------------------------------+---------------------------------------------------------------------+-------------------------------------------------------+-------------------------------------------------------+--------------+------------+------------+
; 0.215 ; ov7670_lcm_wall_core:u_ov7670_lcm_wall_core|oVGA_V_SYNC      ; ov7670_lcm_wall_core:u_ov7670_lcm_wall_core|oVGA_V_SYNC             ; u_ov7670_lcm_wall_core|u0|altpll_component|pll|clk[0] ; u_ov7670_lcm_wall_core|u0|altpll_component|pll|clk[0] ; 0.000        ; 0.000      ; 0.367      ;
; 0.240 ; ov7670_lcm_wall_core:u_ov7670_lcm_wall_core|Tmp_DATA[7]      ; ov7670_lcm_wall_core:u_ov7670_lcm_wall_core|Tmp_DATA[7]             ; u_ov7670_lcm_wall_core|u0|altpll_component|pll|clk[0] ; u_ov7670_lcm_wall_core|u0|altpll_component|pll|clk[0] ; 0.000        ; 0.000      ; 0.392      ;
; 0.252 ; ov7670_lcm_wall_core:u_ov7670_lcm_wall_core|V_Cont[10]       ; ov7670_lcm_wall_core:u_ov7670_lcm_wall_core|V_Cont[10]              ; u_ov7670_lcm_wall_core|u0|altpll_component|pll|clk[0] ; u_ov7670_lcm_wall_core|u0|altpll_component|pll|clk[0] ; 0.000        ; 0.000      ; 0.404      ;
; 0.307 ; ov7670_lcm_wall_core:u_ov7670_lcm_wall_core|frame_buf~0      ; ov7670_lcm_wall_core:u_ov7670_lcm_wall_core|frame_rd_data[3]        ; u_ov7670_lcm_wall_core|u0|altpll_component|pll|clk[0] ; u_ov7670_lcm_wall_core|u0|altpll_component|pll|clk[0] ; 0.000        ; 0.000      ; 0.459      ;
; 0.315 ; ov7670_lcm_wall_core:u_ov7670_lcm_wall_core|frame_rd_data[2] ; ov7670_lcm_wall_core:u_ov7670_lcm_wall_core|ov7670_spatial_pixel[2] ; u_ov7670_lcm_wall_core|u0|altpll_component|pll|clk[0] ; u_ov7670_lcm_wall_core|u0|altpll_component|pll|clk[0] ; 0.000        ; 0.000      ; 0.467      ;
; 0.317 ; ov7670_lcm_wall_core:u_ov7670_lcm_wall_core|frame_rd_data[4] ; ov7670_lcm_wall_core:u_ov7670_lcm_wall_core|ov7670_spatial_pixel[4] ; u_ov7670_lcm_wall_core|u0|altpll_component|pll|clk[0] ; u_ov7670_lcm_wall_core|u0|altpll_component|pll|clk[0] ; 0.000        ; 0.000      ; 0.469      ;
; 0.320 ; ov7670_lcm_wall_core:u_ov7670_lcm_wall_core|frame_rd_data[6] ; ov7670_lcm_wall_core:u_ov7670_lcm_wall_core|ov7670_spatial_pixel[6] ; u_ov7670_lcm_wall_core|u0|altpll_component|pll|clk[0] ; u_ov7670_lcm_wall_core|u0|altpll_component|pll|clk[0] ; 0.000        ; 0.000      ; 0.472      ;
; 0.360 ; ov7670_lcm_wall_core:u_ov7670_lcm_wall_core|H_Cont[0]        ; ov7670_lcm_wall_core:u_ov7670_lcm_wall_core|H_Cont[0]               ; u_ov7670_lcm_wall_core|u0|altpll_component|pll|clk[0] ; u_ov7670_lcm_wall_core|u0|altpll_component|pll|clk[0] ; 0.000        ; 0.000      ; 0.512      ;
; 0.360 ; ov7670_lcm_wall_core:u_ov7670_lcm_wall_core|H_Cont[8]        ; ov7670_lcm_wall_core:u_ov7670_lcm_wall_core|H_Cont[8]               ; u_ov7670_lcm_wall_core|u0|altpll_component|pll|clk[0] ; u_ov7670_lcm_wall_core|u0|altpll_component|pll|clk[0] ; 0.000        ; 0.000      ; 0.512      ;
; 0.360 ; ov7670_lcm_wall_core:u_ov7670_lcm_wall_core|V_Cont[4]        ; ov7670_lcm_wall_core:u_ov7670_lcm_wall_core|V_Cont[4]               ; u_ov7670_lcm_wall_core|u0|altpll_component|pll|clk[0] ; u_ov7670_lcm_wall_core|u0|altpll_component|pll|clk[0] ; 0.000        ; 0.000      ; 0.512      ;
; 0.360 ; ov7670_lcm_wall_core:u_ov7670_lcm_wall_core|V_Cont[6]        ; ov7670_lcm_wall_core:u_ov7670_lcm_wall_core|V_Cont[6]               ; u_ov7670_lcm_wall_core|u0|altpll_component|pll|clk[0] ; u_ov7670_lcm_wall_core|u0|altpll_component|pll|clk[0] ; 0.000        ; 0.000      ; 0.512      ;
; 0.361 ; ov7670_lcm_wall_core:u_ov7670_lcm_wall_core|V_Cont[2]        ; ov7670_lcm_wall_core:u_ov7670_lcm_wall_core|V_Cont[2]               ; u_ov7670_lcm_wall_core|u0|altpll_component|pll|clk[0] ; u_ov7670_lcm_wall_core|u0|altpll_component|pll|clk[0] ; 0.000        ; 0.000      ; 0.513      ;
; 0.363 ; ov7670_lcm_wall_core:u_ov7670_lcm_wall_core|frame_rd_data[3] ; ov7670_lcm_wall_core:u_ov7670_lcm_wall_core|ov7670_spatial_pixel[3] ; u_ov7670_lcm_wall_core|u0|altpll_component|pll|clk[0] ; u_ov7670_lcm_wall_core|u0|altpll_component|pll|clk[0] ; 0.000        ; 0.000      ; 0.515      ;
; 0.364 ; ov7670_lcm_wall_core:u_ov7670_lcm_wall_core|frame_rd_data[5] ; ov7670_lcm_wall_core:u_ov7670_lcm_wall_core|ov7670_spatial_pixel[5] ; u_ov7670_lcm_wall_core|u0|altpll_component|pll|clk[0] ; u_ov7670_lcm_wall_core|u0|altpll_component|pll|clk[0] ; 0.000        ; 0.000      ; 0.516      ;
; 0.364 ; ov7670_lcm_wall_core:u_ov7670_lcm_wall_core|frame_rd_data[0] ; ov7670_lcm_wall_core:u_ov7670_lcm_wall_core|ov7670_spatial_pixel[0] ; u_ov7670_lcm_wall_core|u0|altpll_component|pll|clk[0] ; u_ov7670_lcm_wall_core|u0|altpll_component|pll|clk[0] ; 0.000        ; 0.000      ; 0.516      ;
; 0.365 ; ov7670_lcm_wall_core:u_ov7670_lcm_wall_core|frame_rd_data[7] ; ov7670_lcm_wall_core:u_ov7670_lcm_wall_core|ov7670_spatial_pixel[7] ; u_ov7670_lcm_wall_core|u0|altpll_component|pll|clk[0] ; u_ov7670_lcm_wall_core|u0|altpll_component|pll|clk[0] ; 0.000        ; 0.000      ; 0.517      ;
; 0.365 ; ov7670_lcm_wall_core:u_ov7670_lcm_wall_core|frame_rd_data[1] ; ov7670_lcm_wall_core:u_ov7670_lcm_wall_core|ov7670_spatial_pixel[1] ; u_ov7670_lcm_wall_core|u0|altpll_component|pll|clk[0] ; u_ov7670_lcm_wall_core|u0|altpll_component|pll|clk[0] ; 0.000        ; 0.000      ; 0.517      ;
; 0.367 ; ov7670_lcm_wall_core:u_ov7670_lcm_wall_core|Tmp_DATA[0]      ; ov7670_lcm_wall_core:u_ov7670_lcm_wall_core|Tmp_DATA[0]             ; u_ov7670_lcm_wall_core|u0|altpll_component|pll|clk[0] ; u_ov7670_lcm_wall_core|u0|altpll_component|pll|clk[0] ; 0.000        ; 0.000      ; 0.519      ;
; 0.368 ; ov7670_lcm_wall_core:u_ov7670_lcm_wall_core|Tmp_DATA[2]      ; ov7670_lcm_wall_core:u_ov7670_lcm_wall_core|Tmp_DATA[2]             ; u_ov7670_lcm_wall_core|u0|altpll_component|pll|clk[0] ; u_ov7670_lcm_wall_core|u0|altpll_component|pll|clk[0] ; 0.000        ; 0.000      ; 0.520      ;
; 0.368 ; ov7670_lcm_wall_core:u_ov7670_lcm_wall_core|Tmp_DATA[5]      ; ov7670_lcm_wall_core:u_ov7670_lcm_wall_core|Tmp_DATA[5]             ; u_ov7670_lcm_wall_core|u0|altpll_component|pll|clk[0] ; u_ov7670_lcm_wall_core|u0|altpll_component|pll|clk[0] ; 0.000        ; 0.000      ; 0.520      ;
; 0.369 ; ov7670_lcm_wall_core:u_ov7670_lcm_wall_core|Tmp_DATA[6]      ; ov7670_lcm_wall_core:u_ov7670_lcm_wall_core|Tmp_DATA[6]             ; u_ov7670_lcm_wall_core|u0|altpll_component|pll|clk[0] ; u_ov7670_lcm_wall_core|u0|altpll_component|pll|clk[0] ; 0.000        ; 0.000      ; 0.521      ;
; 0.370 ; ov7670_lcm_wall_core:u_ov7670_lcm_wall_core|H_Cont[1]        ; ov7670_lcm_wall_core:u_ov7670_lcm_wall_core|H_Cont[1]               ; u_ov7670_lcm_wall_core|u0|altpll_component|pll|clk[0] ; u_ov7670_lcm_wall_core|u0|altpll_component|pll|clk[0] ; 0.000        ; 0.000      ; 0.522      ;
; 0.371 ; ov7670_lcm_wall_core:u_ov7670_lcm_wall_core|H_Cont[9]        ; ov7670_lcm_wall_core:u_ov7670_lcm_wall_core|H_Cont[9]               ; u_ov7670_lcm_wall_core|u0|altpll_component|pll|clk[0] ; u_ov7670_lcm_wall_core|u0|altpll_component|pll|clk[0] ; 0.000        ; 0.000      ; 0.523      ;
; 0.371 ; ov7670_lcm_wall_core:u_ov7670_lcm_wall_core|V_Cont[1]        ; ov7670_lcm_wall_core:u_ov7670_lcm_wall_core|V_Cont[1]               ; u_ov7670_lcm_wall_core|u0|altpll_component|pll|clk[0] ; u_ov7670_lcm_wall_core|u0|altpll_component|pll|clk[0] ; 0.000        ; 0.000      ; 0.523      ;
; 0.371 ; ov7670_lcm_wall_core:u_ov7670_lcm_wall_core|V_Cont[3]        ; ov7670_lcm_wall_core:u_ov7670_lcm_wall_core|V_Cont[3]               ; u_ov7670_lcm_wall_core|u0|altpll_component|pll|clk[0] ; u_ov7670_lcm_wall_core|u0|altpll_component|pll|clk[0] ; 0.000        ; 0.000      ; 0.523      ;
; 0.371 ; ov7670_lcm_wall_core:u_ov7670_lcm_wall_core|V_Cont[5]        ; ov7670_lcm_wall_core:u_ov7670_lcm_wall_core|V_Cont[5]               ; u_ov7670_lcm_wall_core|u0|altpll_component|pll|clk[0] ; u_ov7670_lcm_wall_core|u0|altpll_component|pll|clk[0] ; 0.000        ; 0.000      ; 0.523      ;
; 0.371 ; ov7670_lcm_wall_core:u_ov7670_lcm_wall_core|V_Cont[9]        ; ov7670_lcm_wall_core:u_ov7670_lcm_wall_core|V_Cont[9]               ; u_ov7670_lcm_wall_core|u0|altpll_component|pll|clk[0] ; u_ov7670_lcm_wall_core|u0|altpll_component|pll|clk[0] ; 0.000        ; 0.000      ; 0.523      ;
; 0.371 ; ov7670_lcm_wall_core:u_ov7670_lcm_wall_core|V_Cont[8]        ; ov7670_lcm_wall_core:u_ov7670_lcm_wall_core|V_Cont[8]               ; u_ov7670_lcm_wall_core|u0|altpll_component|pll|clk[0] ; u_ov7670_lcm_wall_core|u0|altpll_component|pll|clk[0] ; 0.000        ; 0.000      ; 0.523      ;
; 0.372 ; ov7670_lcm_wall_core:u_ov7670_lcm_wall_core|V_Cont[7]        ; ov7670_lcm_wall_core:u_ov7670_lcm_wall_core|V_Cont[7]               ; u_ov7670_lcm_wall_core|u0|altpll_component|pll|clk[0] ; u_ov7670_lcm_wall_core|u0|altpll_component|pll|clk[0] ; 0.000        ; 0.000      ; 0.524      ;
; 0.374 ; ov7670_lcm_wall_core:u_ov7670_lcm_wall_core|Tmp_DATA[1]      ; ov7670_lcm_wall_core:u_ov7670_lcm_wall_core|Tmp_DATA[1]             ; u_ov7670_lcm_wall_core|u0|altpll_component|pll|clk[0] ; u_ov7670_lcm_wall_core|u0|altpll_component|pll|clk[0] ; 0.000        ; 0.000      ; 0.526      ;
; 0.374 ; ov7670_lcm_wall_core:u_ov7670_lcm_wall_core|Tmp_DATA[4]      ; ov7670_lcm_wall_core:u_ov7670_lcm_wall_core|Tmp_DATA[4]             ; u_ov7670_lcm_wall_core|u0|altpll_component|pll|clk[0] ; u_ov7670_lcm_wall_core|u0|altpll_component|pll|clk[0] ; 0.000        ; 0.000      ; 0.526      ;
; 0.375 ; ov7670_lcm_wall_core:u_ov7670_lcm_wall_core|H_Cont[6]        ; ov7670_lcm_wall_core:u_ov7670_lcm_wall_core|H_Cont[6]               ; u_ov7670_lcm_wall_core|u0|altpll_component|pll|clk[0] ; u_ov7670_lcm_wall_core|u0|altpll_component|pll|clk[0] ; 0.000        ; 0.000      ; 0.527      ;
; 0.376 ; ov7670_lcm_wall_core:u_ov7670_lcm_wall_core|H_Cont[7]        ; ov7670_lcm_wall_core:u_ov7670_lcm_wall_core|H_Cont[7]               ; u_ov7670_lcm_wall_core|u0|altpll_component|pll|clk[0] ; u_ov7670_lcm_wall_core|u0|altpll_component|pll|clk[0] ; 0.000        ; 0.000      ; 0.528      ;
; 0.377 ; ov7670_lcm_wall_core:u_ov7670_lcm_wall_core|H_Cont[3]        ; ov7670_lcm_wall_core:u_ov7670_lcm_wall_core|H_Cont[3]               ; u_ov7670_lcm_wall_core|u0|altpll_component|pll|clk[0] ; u_ov7670_lcm_wall_core|u0|altpll_component|pll|clk[0] ; 0.000        ; 0.000      ; 0.529      ;
; 0.382 ; ov7670_lcm_wall_core:u_ov7670_lcm_wall_core|frame_buf~0      ; ov7670_lcm_wall_core:u_ov7670_lcm_wall_core|frame_rd_data[1]        ; u_ov7670_lcm_wall_core|u0|altpll_component|pll|clk[0] ; u_ov7670_lcm_wall_core|u0|altpll_component|pll|clk[0] ; 0.000        ; 0.000      ; 0.534      ;
; 0.385 ; ov7670_lcm_wall_core:u_ov7670_lcm_wall_core|H_Cont[2]        ; ov7670_lcm_wall_core:u_ov7670_lcm_wall_core|H_Cont[2]               ; u_ov7670_lcm_wall_core|u0|altpll_component|pll|clk[0] ; u_ov7670_lcm_wall_core|u0|altpll_component|pll|clk[0] ; 0.000        ; 0.000      ; 0.537      ;
; 0.385 ; ov7670_lcm_wall_core:u_ov7670_lcm_wall_core|H_Cont[5]        ; ov7670_lcm_wall_core:u_ov7670_lcm_wall_core|H_Cont[5]               ; u_ov7670_lcm_wall_core|u0|altpll_component|pll|clk[0] ; u_ov7670_lcm_wall_core|u0|altpll_component|pll|clk[0] ; 0.000        ; 0.000      ; 0.537      ;
; 0.385 ; ov7670_lcm_wall_core:u_ov7670_lcm_wall_core|frame_buf~0      ; ov7670_lcm_wall_core:u_ov7670_lcm_wall_core|frame_rd_data[0]        ; u_ov7670_lcm_wall_core|u0|altpll_component|pll|clk[0] ; u_ov7670_lcm_wall_core|u0|altpll_component|pll|clk[0] ; 0.000        ; 0.000      ; 0.537      ;
; 0.386 ; ov7670_lcm_wall_core:u_ov7670_lcm_wall_core|H_Cont[4]        ; ov7670_lcm_wall_core:u_ov7670_lcm_wall_core|H_Cont[4]               ; u_ov7670_lcm_wall_core|u0|altpll_component|pll|clk[0] ; u_ov7670_lcm_wall_core|u0|altpll_component|pll|clk[0] ; 0.000        ; 0.000      ; 0.538      ;
; 0.388 ; ov7670_lcm_wall_core:u_ov7670_lcm_wall_core|frame_buf~0      ; ov7670_lcm_wall_core:u_ov7670_lcm_wall_core|frame_rd_data[2]        ; u_ov7670_lcm_wall_core|u0|altpll_component|pll|clk[0] ; u_ov7670_lcm_wall_core|u0|altpll_component|pll|clk[0] ; 0.000        ; 0.000      ; 0.540      ;
; 0.446 ; ov7670_lcm_wall_core:u_ov7670_lcm_wall_core|Tmp_DATA[3]      ; ov7670_lcm_wall_core:u_ov7670_lcm_wall_core|Tmp_DATA[3]             ; u_ov7670_lcm_wall_core|u0|altpll_component|pll|clk[0] ; u_ov7670_lcm_wall_core|u0|altpll_component|pll|clk[0] ; 0.000        ; 0.000      ; 0.598      ;
; 0.447 ; ov7670_lcm_wall_core:u_ov7670_lcm_wall_core|V_Cont[0]        ; ov7670_lcm_wall_core:u_ov7670_lcm_wall_core|V_Cont[0]               ; u_ov7670_lcm_wall_core|u0|altpll_component|pll|clk[0] ; u_ov7670_lcm_wall_core|u0|altpll_component|pll|clk[0] ; 0.000        ; 0.000      ; 0.599      ;
; 0.453 ; ov7670_lcm_wall_core:u_ov7670_lcm_wall_core|frame_buf~0      ; ov7670_lcm_wall_core:u_ov7670_lcm_wall_core|frame_rd_data[6]        ; u_ov7670_lcm_wall_core|u0|altpll_component|pll|clk[0] ; u_ov7670_lcm_wall_core|u0|altpll_component|pll|clk[0] ; 0.000        ; 0.001      ; 0.606      ;
; 0.453 ; ov7670_lcm_wall_core:u_ov7670_lcm_wall_core|frame_buf~0      ; ov7670_lcm_wall_core:u_ov7670_lcm_wall_core|frame_rd_data[4]        ; u_ov7670_lcm_wall_core|u0|altpll_component|pll|clk[0] ; u_ov7670_lcm_wall_core|u0|altpll_component|pll|clk[0] ; 0.000        ; 0.001      ; 0.606      ;
; 0.453 ; ov7670_lcm_wall_core:u_ov7670_lcm_wall_core|frame_buf~0      ; ov7670_lcm_wall_core:u_ov7670_lcm_wall_core|frame_rd_data[5]        ; u_ov7670_lcm_wall_core|u0|altpll_component|pll|clk[0] ; u_ov7670_lcm_wall_core|u0|altpll_component|pll|clk[0] ; 0.000        ; 0.001      ; 0.606      ;
; 0.457 ; ov7670_lcm_wall_core:u_ov7670_lcm_wall_core|frame_buf~0      ; ov7670_lcm_wall_core:u_ov7670_lcm_wall_core|frame_rd_data[7]        ; u_ov7670_lcm_wall_core|u0|altpll_component|pll|clk[0] ; u_ov7670_lcm_wall_core|u0|altpll_component|pll|clk[0] ; 0.000        ; 0.001      ; 0.610      ;
; 0.458 ; ov7670_lcm_wall_core:u_ov7670_lcm_wall_core|V_Cont[2]        ; ov7670_lcm_wall_core:u_ov7670_lcm_wall_core|oVGA_V_SYNC             ; u_ov7670_lcm_wall_core|u0|altpll_component|pll|clk[0] ; u_ov7670_lcm_wall_core|u0|altpll_component|pll|clk[0] ; 0.000        ; 0.000      ; 0.610      ;
; 0.459 ; ov7670_lcm_wall_core:u_ov7670_lcm_wall_core|H_Cont[10]       ; ov7670_lcm_wall_core:u_ov7670_lcm_wall_core|H_Cont[10]              ; u_ov7670_lcm_wall_core|u0|altpll_component|pll|clk[0] ; u_ov7670_lcm_wall_core|u0|altpll_component|pll|clk[0] ; 0.000        ; 0.000      ; 0.611      ;
; 0.498 ; ov7670_lcm_wall_core:u_ov7670_lcm_wall_core|H_Cont[0]        ; ov7670_lcm_wall_core:u_ov7670_lcm_wall_core|H_Cont[1]               ; u_ov7670_lcm_wall_core|u0|altpll_component|pll|clk[0] ; u_ov7670_lcm_wall_core|u0|altpll_component|pll|clk[0] ; 0.000        ; 0.000      ; 0.650      ;
; 0.498 ; ov7670_lcm_wall_core:u_ov7670_lcm_wall_core|H_Cont[8]        ; ov7670_lcm_wall_core:u_ov7670_lcm_wall_core|H_Cont[9]               ; u_ov7670_lcm_wall_core|u0|altpll_component|pll|clk[0] ; u_ov7670_lcm_wall_core|u0|altpll_component|pll|clk[0] ; 0.000        ; 0.000      ; 0.650      ;
; 0.498 ; ov7670_lcm_wall_core:u_ov7670_lcm_wall_core|V_Cont[4]        ; ov7670_lcm_wall_core:u_ov7670_lcm_wall_core|V_Cont[5]               ; u_ov7670_lcm_wall_core|u0|altpll_component|pll|clk[0] ; u_ov7670_lcm_wall_core|u0|altpll_component|pll|clk[0] ; 0.000        ; 0.000      ; 0.650      ;
; 0.498 ; ov7670_lcm_wall_core:u_ov7670_lcm_wall_core|V_Cont[6]        ; ov7670_lcm_wall_core:u_ov7670_lcm_wall_core|V_Cont[7]               ; u_ov7670_lcm_wall_core|u0|altpll_component|pll|clk[0] ; u_ov7670_lcm_wall_core|u0|altpll_component|pll|clk[0] ; 0.000        ; 0.000      ; 0.650      ;
; 0.505 ; ov7670_lcm_wall_core:u_ov7670_lcm_wall_core|Tmp_DATA[0]      ; ov7670_lcm_wall_core:u_ov7670_lcm_wall_core|Tmp_DATA[1]             ; u_ov7670_lcm_wall_core|u0|altpll_component|pll|clk[0] ; u_ov7670_lcm_wall_core|u0|altpll_component|pll|clk[0] ; 0.000        ; 0.000      ; 0.657      ;
; 0.506 ; ov7670_lcm_wall_core:u_ov7670_lcm_wall_core|Tmp_DATA[2]      ; ov7670_lcm_wall_core:u_ov7670_lcm_wall_core|Tmp_DATA[3]             ; u_ov7670_lcm_wall_core|u0|altpll_component|pll|clk[0] ; u_ov7670_lcm_wall_core|u0|altpll_component|pll|clk[0] ; 0.000        ; 0.000      ; 0.658      ;
; 0.508 ; ov7670_lcm_wall_core:u_ov7670_lcm_wall_core|H_Cont[1]        ; ov7670_lcm_wall_core:u_ov7670_lcm_wall_core|H_Cont[2]               ; u_ov7670_lcm_wall_core|u0|altpll_component|pll|clk[0] ; u_ov7670_lcm_wall_core|u0|altpll_component|pll|clk[0] ; 0.000        ; 0.000      ; 0.660      ;
; 0.509 ; ov7670_lcm_wall_core:u_ov7670_lcm_wall_core|Tmp_DATA[6]      ; ov7670_lcm_wall_core:u_ov7670_lcm_wall_core|Tmp_DATA[7]             ; u_ov7670_lcm_wall_core|u0|altpll_component|pll|clk[0] ; u_ov7670_lcm_wall_core|u0|altpll_component|pll|clk[0] ; 0.000        ; 0.000      ; 0.661      ;
; 0.509 ; ov7670_lcm_wall_core:u_ov7670_lcm_wall_core|V_Cont[9]        ; ov7670_lcm_wall_core:u_ov7670_lcm_wall_core|V_Cont[10]              ; u_ov7670_lcm_wall_core|u0|altpll_component|pll|clk[0] ; u_ov7670_lcm_wall_core|u0|altpll_component|pll|clk[0] ; 0.000        ; 0.000      ; 0.661      ;
; 0.509 ; ov7670_lcm_wall_core:u_ov7670_lcm_wall_core|V_Cont[8]        ; ov7670_lcm_wall_core:u_ov7670_lcm_wall_core|V_Cont[9]               ; u_ov7670_lcm_wall_core|u0|altpll_component|pll|clk[0] ; u_ov7670_lcm_wall_core|u0|altpll_component|pll|clk[0] ; 0.000        ; 0.000      ; 0.661      ;
; 0.511 ; ov7670_lcm_wall_core:u_ov7670_lcm_wall_core|V_Cont[3]        ; ov7670_lcm_wall_core:u_ov7670_lcm_wall_core|V_Cont[4]               ; u_ov7670_lcm_wall_core|u0|altpll_component|pll|clk[0] ; u_ov7670_lcm_wall_core|u0|altpll_component|pll|clk[0] ; 0.000        ; 0.000      ; 0.663      ;
; 0.511 ; ov7670_lcm_wall_core:u_ov7670_lcm_wall_core|V_Cont[5]        ; ov7670_lcm_wall_core:u_ov7670_lcm_wall_core|V_Cont[6]               ; u_ov7670_lcm_wall_core|u0|altpll_component|pll|clk[0] ; u_ov7670_lcm_wall_core|u0|altpll_component|pll|clk[0] ; 0.000        ; 0.000      ; 0.663      ;
; 0.511 ; ov7670_lcm_wall_core:u_ov7670_lcm_wall_core|V_Cont[1]        ; ov7670_lcm_wall_core:u_ov7670_lcm_wall_core|V_Cont[2]               ; u_ov7670_lcm_wall_core|u0|altpll_component|pll|clk[0] ; u_ov7670_lcm_wall_core|u0|altpll_component|pll|clk[0] ; 0.000        ; 0.000      ; 0.663      ;
; 0.511 ; ov7670_lcm_wall_core:u_ov7670_lcm_wall_core|H_Cont[9]        ; ov7670_lcm_wall_core:u_ov7670_lcm_wall_core|H_Cont[10]              ; u_ov7670_lcm_wall_core|u0|altpll_component|pll|clk[0] ; u_ov7670_lcm_wall_core|u0|altpll_component|pll|clk[0] ; 0.000        ; 0.000      ; 0.663      ;
; 0.512 ; ov7670_lcm_wall_core:u_ov7670_lcm_wall_core|V_Cont[7]        ; ov7670_lcm_wall_core:u_ov7670_lcm_wall_core|V_Cont[8]               ; u_ov7670_lcm_wall_core|u0|altpll_component|pll|clk[0] ; u_ov7670_lcm_wall_core|u0|altpll_component|pll|clk[0] ; 0.000        ; 0.000      ; 0.664      ;
; 0.514 ; ov7670_lcm_wall_core:u_ov7670_lcm_wall_core|Tmp_DATA[1]      ; ov7670_lcm_wall_core:u_ov7670_lcm_wall_core|Tmp_DATA[2]             ; u_ov7670_lcm_wall_core|u0|altpll_component|pll|clk[0] ; u_ov7670_lcm_wall_core|u0|altpll_component|pll|clk[0] ; 0.000        ; 0.000      ; 0.666      ;
; 0.514 ; ov7670_lcm_wall_core:u_ov7670_lcm_wall_core|Tmp_DATA[4]      ; ov7670_lcm_wall_core:u_ov7670_lcm_wall_core|Tmp_DATA[5]             ; u_ov7670_lcm_wall_core|u0|altpll_component|pll|clk[0] ; u_ov7670_lcm_wall_core|u0|altpll_component|pll|clk[0] ; 0.000        ; 0.000      ; 0.666      ;
; 0.515 ; ov7670_lcm_wall_core:u_ov7670_lcm_wall_core|H_Cont[3]        ; ov7670_lcm_wall_core:u_ov7670_lcm_wall_core|H_Cont[4]               ; u_ov7670_lcm_wall_core|u0|altpll_component|pll|clk[0] ; u_ov7670_lcm_wall_core|u0|altpll_component|pll|clk[0] ; 0.000        ; 0.000      ; 0.667      ;
; 0.516 ; ov7670_lcm_wall_core:u_ov7670_lcm_wall_core|H_Cont[7]        ; ov7670_lcm_wall_core:u_ov7670_lcm_wall_core|H_Cont[8]               ; u_ov7670_lcm_wall_core|u0|altpll_component|pll|clk[0] ; u_ov7670_lcm_wall_core|u0|altpll_component|pll|clk[0] ; 0.000        ; 0.000      ; 0.668      ;
; 0.525 ; ov7670_lcm_wall_core:u_ov7670_lcm_wall_core|H_Cont[5]        ; ov7670_lcm_wall_core:u_ov7670_lcm_wall_core|H_Cont[6]               ; u_ov7670_lcm_wall_core|u0|altpll_component|pll|clk[0] ; u_ov7670_lcm_wall_core|u0|altpll_component|pll|clk[0] ; 0.000        ; 0.000      ; 0.677      ;
; 0.525 ; ov7670_lcm_wall_core:u_ov7670_lcm_wall_core|H_Cont[2]        ; ov7670_lcm_wall_core:u_ov7670_lcm_wall_core|H_Cont[3]               ; u_ov7670_lcm_wall_core|u0|altpll_component|pll|clk[0] ; u_ov7670_lcm_wall_core|u0|altpll_component|pll|clk[0] ; 0.000        ; 0.000      ; 0.677      ;
; 0.526 ; ov7670_lcm_wall_core:u_ov7670_lcm_wall_core|H_Cont[4]        ; ov7670_lcm_wall_core:u_ov7670_lcm_wall_core|H_Cont[5]               ; u_ov7670_lcm_wall_core|u0|altpll_component|pll|clk[0] ; u_ov7670_lcm_wall_core|u0|altpll_component|pll|clk[0] ; 0.000        ; 0.000      ; 0.678      ;
; 0.533 ; ov7670_lcm_wall_core:u_ov7670_lcm_wall_core|H_Cont[0]        ; ov7670_lcm_wall_core:u_ov7670_lcm_wall_core|H_Cont[2]               ; u_ov7670_lcm_wall_core|u0|altpll_component|pll|clk[0] ; u_ov7670_lcm_wall_core|u0|altpll_component|pll|clk[0] ; 0.000        ; 0.000      ; 0.685      ;
; 0.533 ; ov7670_lcm_wall_core:u_ov7670_lcm_wall_core|V_Cont[4]        ; ov7670_lcm_wall_core:u_ov7670_lcm_wall_core|V_Cont[6]               ; u_ov7670_lcm_wall_core|u0|altpll_component|pll|clk[0] ; u_ov7670_lcm_wall_core|u0|altpll_component|pll|clk[0] ; 0.000        ; 0.000      ; 0.685      ;
; 0.533 ; ov7670_lcm_wall_core:u_ov7670_lcm_wall_core|H_Cont[8]        ; ov7670_lcm_wall_core:u_ov7670_lcm_wall_core|H_Cont[10]              ; u_ov7670_lcm_wall_core|u0|altpll_component|pll|clk[0] ; u_ov7670_lcm_wall_core|u0|altpll_component|pll|clk[0] ; 0.000        ; 0.000      ; 0.685      ;
; 0.533 ; ov7670_lcm_wall_core:u_ov7670_lcm_wall_core|V_Cont[6]        ; ov7670_lcm_wall_core:u_ov7670_lcm_wall_core|V_Cont[8]               ; u_ov7670_lcm_wall_core|u0|altpll_component|pll|clk[0] ; u_ov7670_lcm_wall_core|u0|altpll_component|pll|clk[0] ; 0.000        ; 0.000      ; 0.685      ;
; 0.537 ; ov7670_lcm_wall_core:u_ov7670_lcm_wall_core|V_Cont[1]        ; ov7670_lcm_wall_core:u_ov7670_lcm_wall_core|oVGA_V_SYNC             ; u_ov7670_lcm_wall_core|u0|altpll_component|pll|clk[0] ; u_ov7670_lcm_wall_core|u0|altpll_component|pll|clk[0] ; 0.000        ; 0.000      ; 0.689      ;
; 0.540 ; ov7670_lcm_wall_core:u_ov7670_lcm_wall_core|Tmp_DATA[0]      ; ov7670_lcm_wall_core:u_ov7670_lcm_wall_core|Tmp_DATA[2]             ; u_ov7670_lcm_wall_core|u0|altpll_component|pll|clk[0] ; u_ov7670_lcm_wall_core|u0|altpll_component|pll|clk[0] ; 0.000        ; 0.000      ; 0.692      ;
; 0.541 ; ov7670_lcm_wall_core:u_ov7670_lcm_wall_core|Tmp_DATA[2]      ; ov7670_lcm_wall_core:u_ov7670_lcm_wall_core|Tmp_DATA[4]             ; u_ov7670_lcm_wall_core|u0|altpll_component|pll|clk[0] ; u_ov7670_lcm_wall_core|u0|altpll_component|pll|clk[0] ; 0.000        ; 0.000      ; 0.693      ;
; 0.543 ; ov7670_lcm_wall_core:u_ov7670_lcm_wall_core|H_Cont[1]        ; ov7670_lcm_wall_core:u_ov7670_lcm_wall_core|H_Cont[3]               ; u_ov7670_lcm_wall_core|u0|altpll_component|pll|clk[0] ; u_ov7670_lcm_wall_core|u0|altpll_component|pll|clk[0] ; 0.000        ; 0.000      ; 0.695      ;
; 0.544 ; ov7670_lcm_wall_core:u_ov7670_lcm_wall_core|V_Cont[8]        ; ov7670_lcm_wall_core:u_ov7670_lcm_wall_core|V_Cont[10]              ; u_ov7670_lcm_wall_core|u0|altpll_component|pll|clk[0] ; u_ov7670_lcm_wall_core|u0|altpll_component|pll|clk[0] ; 0.000        ; 0.000      ; 0.696      ;
; 0.546 ; ov7670_lcm_wall_core:u_ov7670_lcm_wall_core|V_Cont[3]        ; ov7670_lcm_wall_core:u_ov7670_lcm_wall_core|V_Cont[5]               ; u_ov7670_lcm_wall_core|u0|altpll_component|pll|clk[0] ; u_ov7670_lcm_wall_core|u0|altpll_component|pll|clk[0] ; 0.000        ; 0.000      ; 0.698      ;
; 0.546 ; ov7670_lcm_wall_core:u_ov7670_lcm_wall_core|V_Cont[5]        ; ov7670_lcm_wall_core:u_ov7670_lcm_wall_core|V_Cont[7]               ; u_ov7670_lcm_wall_core|u0|altpll_component|pll|clk[0] ; u_ov7670_lcm_wall_core|u0|altpll_component|pll|clk[0] ; 0.000        ; 0.000      ; 0.698      ;
; 0.547 ; ov7670_lcm_wall_core:u_ov7670_lcm_wall_core|V_Cont[7]        ; ov7670_lcm_wall_core:u_ov7670_lcm_wall_core|V_Cont[9]               ; u_ov7670_lcm_wall_core|u0|altpll_component|pll|clk[0] ; u_ov7670_lcm_wall_core|u0|altpll_component|pll|clk[0] ; 0.000        ; 0.000      ; 0.699      ;
; 0.549 ; ov7670_lcm_wall_core:u_ov7670_lcm_wall_core|Tmp_DATA[1]      ; ov7670_lcm_wall_core:u_ov7670_lcm_wall_core|Tmp_DATA[3]             ; u_ov7670_lcm_wall_core|u0|altpll_component|pll|clk[0] ; u_ov7670_lcm_wall_core|u0|altpll_component|pll|clk[0] ; 0.000        ; 0.000      ; 0.701      ;
; 0.550 ; ov7670_lcm_wall_core:u_ov7670_lcm_wall_core|H_Cont[3]        ; ov7670_lcm_wall_core:u_ov7670_lcm_wall_core|H_Cont[5]               ; u_ov7670_lcm_wall_core|u0|altpll_component|pll|clk[0] ; u_ov7670_lcm_wall_core|u0|altpll_component|pll|clk[0] ; 0.000        ; 0.000      ; 0.702      ;
; 0.551 ; ov7670_lcm_wall_core:u_ov7670_lcm_wall_core|H_Cont[7]        ; ov7670_lcm_wall_core:u_ov7670_lcm_wall_core|H_Cont[9]               ; u_ov7670_lcm_wall_core|u0|altpll_component|pll|clk[0] ; u_ov7670_lcm_wall_core|u0|altpll_component|pll|clk[0] ; 0.000        ; 0.000      ; 0.703      ;
; 0.554 ; ov7670_lcm_wall_core:u_ov7670_lcm_wall_core|V_Cont[2]        ; ov7670_lcm_wall_core:u_ov7670_lcm_wall_core|V_Cont[3]               ; u_ov7670_lcm_wall_core|u0|altpll_component|pll|clk[0] ; u_ov7670_lcm_wall_core|u0|altpll_component|pll|clk[0] ; 0.000        ; 0.000      ; 0.706      ;
; 0.560 ; ov7670_lcm_wall_core:u_ov7670_lcm_wall_core|H_Cont[2]        ; ov7670_lcm_wall_core:u_ov7670_lcm_wall_core|H_Cont[4]               ; u_ov7670_lcm_wall_core|u0|altpll_component|pll|clk[0] ; u_ov7670_lcm_wall_core|u0|altpll_component|pll|clk[0] ; 0.000        ; 0.000      ; 0.712      ;
; 0.561 ; ov7670_lcm_wall_core:u_ov7670_lcm_wall_core|Tmp_DATA[5]      ; ov7670_lcm_wall_core:u_ov7670_lcm_wall_core|Tmp_DATA[6]             ; u_ov7670_lcm_wall_core|u0|altpll_component|pll|clk[0] ; u_ov7670_lcm_wall_core|u0|altpll_component|pll|clk[0] ; 0.000        ; 0.000      ; 0.713      ;
; 0.561 ; ov7670_lcm_wall_core:u_ov7670_lcm_wall_core|H_Cont[4]        ; ov7670_lcm_wall_core:u_ov7670_lcm_wall_core|H_Cont[6]               ; u_ov7670_lcm_wall_core|u0|altpll_component|pll|clk[0] ; u_ov7670_lcm_wall_core|u0|altpll_component|pll|clk[0] ; 0.000        ; 0.000      ; 0.713      ;
; 0.568 ; ov7670_lcm_wall_core:u_ov7670_lcm_wall_core|H_Cont[6]        ; ov7670_lcm_wall_core:u_ov7670_lcm_wall_core|H_Cont[7]               ; u_ov7670_lcm_wall_core|u0|altpll_component|pll|clk[0] ; u_ov7670_lcm_wall_core|u0|altpll_component|pll|clk[0] ; 0.000        ; 0.000      ; 0.720      ;
; 0.568 ; ov7670_lcm_wall_core:u_ov7670_lcm_wall_core|H_Cont[0]        ; ov7670_lcm_wall_core:u_ov7670_lcm_wall_core|H_Cont[3]               ; u_ov7670_lcm_wall_core|u0|altpll_component|pll|clk[0] ; u_ov7670_lcm_wall_core|u0|altpll_component|pll|clk[0] ; 0.000        ; 0.000      ; 0.720      ;
; 0.568 ; ov7670_lcm_wall_core:u_ov7670_lcm_wall_core|V_Cont[4]        ; ov7670_lcm_wall_core:u_ov7670_lcm_wall_core|V_Cont[7]               ; u_ov7670_lcm_wall_core|u0|altpll_component|pll|clk[0] ; u_ov7670_lcm_wall_core|u0|altpll_component|pll|clk[0] ; 0.000        ; 0.000      ; 0.720      ;
; 0.568 ; ov7670_lcm_wall_core:u_ov7670_lcm_wall_core|V_Cont[6]        ; ov7670_lcm_wall_core:u_ov7670_lcm_wall_core|V_Cont[9]               ; u_ov7670_lcm_wall_core|u0|altpll_component|pll|clk[0] ; u_ov7670_lcm_wall_core|u0|altpll_component|pll|clk[0] ; 0.000        ; 0.000      ; 0.720      ;
; 0.575 ; ov7670_lcm_wall_core:u_ov7670_lcm_wall_core|Tmp_DATA[0]      ; ov7670_lcm_wall_core:u_ov7670_lcm_wall_core|Tmp_DATA[3]             ; u_ov7670_lcm_wall_core|u0|altpll_component|pll|clk[0] ; u_ov7670_lcm_wall_core|u0|altpll_component|pll|clk[0] ; 0.000        ; 0.000      ; 0.727      ;
; 0.576 ; ov7670_lcm_wall_core:u_ov7670_lcm_wall_core|Tmp_DATA[2]      ; ov7670_lcm_wall_core:u_ov7670_lcm_wall_core|Tmp_DATA[5]             ; u_ov7670_lcm_wall_core|u0|altpll_component|pll|clk[0] ; u_ov7670_lcm_wall_core|u0|altpll_component|pll|clk[0] ; 0.000        ; 0.000      ; 0.728      ;
; 0.578 ; ov7670_lcm_wall_core:u_ov7670_lcm_wall_core|H_Cont[1]        ; ov7670_lcm_wall_core:u_ov7670_lcm_wall_core|H_Cont[4]               ; u_ov7670_lcm_wall_core|u0|altpll_component|pll|clk[0] ; u_ov7670_lcm_wall_core|u0|altpll_component|pll|clk[0] ; 0.000        ; 0.000      ; 0.730      ;
; 0.581 ; ov7670_lcm_wall_core:u_ov7670_lcm_wall_core|V_Cont[3]        ; ov7670_lcm_wall_core:u_ov7670_lcm_wall_core|V_Cont[6]               ; u_ov7670_lcm_wall_core|u0|altpll_component|pll|clk[0] ; u_ov7670_lcm_wall_core|u0|altpll_component|pll|clk[0] ; 0.000        ; 0.000      ; 0.733      ;
; 0.581 ; ov7670_lcm_wall_core:u_ov7670_lcm_wall_core|V_Cont[5]        ; ov7670_lcm_wall_core:u_ov7670_lcm_wall_core|V_Cont[8]               ; u_ov7670_lcm_wall_core|u0|altpll_component|pll|clk[0] ; u_ov7670_lcm_wall_core|u0|altpll_component|pll|clk[0] ; 0.000        ; 0.000      ; 0.733      ;
; 0.582 ; ov7670_lcm_wall_core:u_ov7670_lcm_wall_core|V_Cont[7]        ; ov7670_lcm_wall_core:u_ov7670_lcm_wall_core|V_Cont[10]              ; u_ov7670_lcm_wall_core|u0|altpll_component|pll|clk[0] ; u_ov7670_lcm_wall_core|u0|altpll_component|pll|clk[0] ; 0.000        ; 0.000      ; 0.734      ;
; 0.584 ; ov7670_lcm_wall_core:u_ov7670_lcm_wall_core|Tmp_DATA[3]      ; ov7670_lcm_wall_core:u_ov7670_lcm_wall_core|Tmp_DATA[4]             ; u_ov7670_lcm_wall_core|u0|altpll_component|pll|clk[0] ; u_ov7670_lcm_wall_core|u0|altpll_component|pll|clk[0] ; 0.000        ; 0.000      ; 0.736      ;
+-------+--------------------------------------------------------------+---------------------------------------------------------------------+-------------------------------------------------------+-------------------------------------------------------+--------------+------------+------------+


+----------------------------------------------------------------------------------------------------------------------+
; Fast Model Minimum Pulse Width: 'CLOCK_50'                                                                           ;
+-------+--------------+----------------+------------------+----------+------------+-----------------------------------+
; Slack ; Actual Width ; Required Width ; Type             ; Clock    ; Clock Edge ; Target                            ;
+-------+--------------+----------------+------------------+----------+------------+-----------------------------------+
; 9.000 ; 10.000       ; 1.000          ; High Pulse Width ; CLOCK_50 ; Rise       ; DMEM_MMIO:u_dmem_mmio|HEX_OUT[0]  ;
; 9.000 ; 10.000       ; 1.000          ; Low Pulse Width  ; CLOCK_50 ; Rise       ; DMEM_MMIO:u_dmem_mmio|HEX_OUT[0]  ;
; 9.000 ; 10.000       ; 1.000          ; High Pulse Width ; CLOCK_50 ; Rise       ; DMEM_MMIO:u_dmem_mmio|HEX_OUT[10] ;
; 9.000 ; 10.000       ; 1.000          ; Low Pulse Width  ; CLOCK_50 ; Rise       ; DMEM_MMIO:u_dmem_mmio|HEX_OUT[10] ;
; 9.000 ; 10.000       ; 1.000          ; High Pulse Width ; CLOCK_50 ; Rise       ; DMEM_MMIO:u_dmem_mmio|HEX_OUT[11] ;
; 9.000 ; 10.000       ; 1.000          ; Low Pulse Width  ; CLOCK_50 ; Rise       ; DMEM_MMIO:u_dmem_mmio|HEX_OUT[11] ;
; 9.000 ; 10.000       ; 1.000          ; High Pulse Width ; CLOCK_50 ; Rise       ; DMEM_MMIO:u_dmem_mmio|HEX_OUT[12] ;
; 9.000 ; 10.000       ; 1.000          ; Low Pulse Width  ; CLOCK_50 ; Rise       ; DMEM_MMIO:u_dmem_mmio|HEX_OUT[12] ;
; 9.000 ; 10.000       ; 1.000          ; High Pulse Width ; CLOCK_50 ; Rise       ; DMEM_MMIO:u_dmem_mmio|HEX_OUT[13] ;
; 9.000 ; 10.000       ; 1.000          ; Low Pulse Width  ; CLOCK_50 ; Rise       ; DMEM_MMIO:u_dmem_mmio|HEX_OUT[13] ;
; 9.000 ; 10.000       ; 1.000          ; High Pulse Width ; CLOCK_50 ; Rise       ; DMEM_MMIO:u_dmem_mmio|HEX_OUT[14] ;
; 9.000 ; 10.000       ; 1.000          ; Low Pulse Width  ; CLOCK_50 ; Rise       ; DMEM_MMIO:u_dmem_mmio|HEX_OUT[14] ;
; 9.000 ; 10.000       ; 1.000          ; High Pulse Width ; CLOCK_50 ; Rise       ; DMEM_MMIO:u_dmem_mmio|HEX_OUT[15] ;
; 9.000 ; 10.000       ; 1.000          ; Low Pulse Width  ; CLOCK_50 ; Rise       ; DMEM_MMIO:u_dmem_mmio|HEX_OUT[15] ;
; 9.000 ; 10.000       ; 1.000          ; High Pulse Width ; CLOCK_50 ; Rise       ; DMEM_MMIO:u_dmem_mmio|HEX_OUT[16] ;
; 9.000 ; 10.000       ; 1.000          ; Low Pulse Width  ; CLOCK_50 ; Rise       ; DMEM_MMIO:u_dmem_mmio|HEX_OUT[16] ;
; 9.000 ; 10.000       ; 1.000          ; High Pulse Width ; CLOCK_50 ; Rise       ; DMEM_MMIO:u_dmem_mmio|HEX_OUT[17] ;
; 9.000 ; 10.000       ; 1.000          ; Low Pulse Width  ; CLOCK_50 ; Rise       ; DMEM_MMIO:u_dmem_mmio|HEX_OUT[17] ;
; 9.000 ; 10.000       ; 1.000          ; High Pulse Width ; CLOCK_50 ; Rise       ; DMEM_MMIO:u_dmem_mmio|HEX_OUT[18] ;
; 9.000 ; 10.000       ; 1.000          ; Low Pulse Width  ; CLOCK_50 ; Rise       ; DMEM_MMIO:u_dmem_mmio|HEX_OUT[18] ;
; 9.000 ; 10.000       ; 1.000          ; High Pulse Width ; CLOCK_50 ; Rise       ; DMEM_MMIO:u_dmem_mmio|HEX_OUT[19] ;
; 9.000 ; 10.000       ; 1.000          ; Low Pulse Width  ; CLOCK_50 ; Rise       ; DMEM_MMIO:u_dmem_mmio|HEX_OUT[19] ;
; 9.000 ; 10.000       ; 1.000          ; High Pulse Width ; CLOCK_50 ; Rise       ; DMEM_MMIO:u_dmem_mmio|HEX_OUT[1]  ;
; 9.000 ; 10.000       ; 1.000          ; Low Pulse Width  ; CLOCK_50 ; Rise       ; DMEM_MMIO:u_dmem_mmio|HEX_OUT[1]  ;
; 9.000 ; 10.000       ; 1.000          ; High Pulse Width ; CLOCK_50 ; Rise       ; DMEM_MMIO:u_dmem_mmio|HEX_OUT[20] ;
; 9.000 ; 10.000       ; 1.000          ; Low Pulse Width  ; CLOCK_50 ; Rise       ; DMEM_MMIO:u_dmem_mmio|HEX_OUT[20] ;
; 9.000 ; 10.000       ; 1.000          ; High Pulse Width ; CLOCK_50 ; Rise       ; DMEM_MMIO:u_dmem_mmio|HEX_OUT[21] ;
; 9.000 ; 10.000       ; 1.000          ; Low Pulse Width  ; CLOCK_50 ; Rise       ; DMEM_MMIO:u_dmem_mmio|HEX_OUT[21] ;
; 9.000 ; 10.000       ; 1.000          ; High Pulse Width ; CLOCK_50 ; Rise       ; DMEM_MMIO:u_dmem_mmio|HEX_OUT[22] ;
; 9.000 ; 10.000       ; 1.000          ; Low Pulse Width  ; CLOCK_50 ; Rise       ; DMEM_MMIO:u_dmem_mmio|HEX_OUT[22] ;
; 9.000 ; 10.000       ; 1.000          ; High Pulse Width ; CLOCK_50 ; Rise       ; DMEM_MMIO:u_dmem_mmio|HEX_OUT[23] ;
; 9.000 ; 10.000       ; 1.000          ; Low Pulse Width  ; CLOCK_50 ; Rise       ; DMEM_MMIO:u_dmem_mmio|HEX_OUT[23] ;
; 9.000 ; 10.000       ; 1.000          ; High Pulse Width ; CLOCK_50 ; Rise       ; DMEM_MMIO:u_dmem_mmio|HEX_OUT[24] ;
; 9.000 ; 10.000       ; 1.000          ; Low Pulse Width  ; CLOCK_50 ; Rise       ; DMEM_MMIO:u_dmem_mmio|HEX_OUT[24] ;
; 9.000 ; 10.000       ; 1.000          ; High Pulse Width ; CLOCK_50 ; Rise       ; DMEM_MMIO:u_dmem_mmio|HEX_OUT[25] ;
; 9.000 ; 10.000       ; 1.000          ; Low Pulse Width  ; CLOCK_50 ; Rise       ; DMEM_MMIO:u_dmem_mmio|HEX_OUT[25] ;
; 9.000 ; 10.000       ; 1.000          ; High Pulse Width ; CLOCK_50 ; Rise       ; DMEM_MMIO:u_dmem_mmio|HEX_OUT[26] ;
; 9.000 ; 10.000       ; 1.000          ; Low Pulse Width  ; CLOCK_50 ; Rise       ; DMEM_MMIO:u_dmem_mmio|HEX_OUT[26] ;
; 9.000 ; 10.000       ; 1.000          ; High Pulse Width ; CLOCK_50 ; Rise       ; DMEM_MMIO:u_dmem_mmio|HEX_OUT[27] ;
; 9.000 ; 10.000       ; 1.000          ; Low Pulse Width  ; CLOCK_50 ; Rise       ; DMEM_MMIO:u_dmem_mmio|HEX_OUT[27] ;
; 9.000 ; 10.000       ; 1.000          ; High Pulse Width ; CLOCK_50 ; Rise       ; DMEM_MMIO:u_dmem_mmio|HEX_OUT[28] ;
; 9.000 ; 10.000       ; 1.000          ; Low Pulse Width  ; CLOCK_50 ; Rise       ; DMEM_MMIO:u_dmem_mmio|HEX_OUT[28] ;
; 9.000 ; 10.000       ; 1.000          ; High Pulse Width ; CLOCK_50 ; Rise       ; DMEM_MMIO:u_dmem_mmio|HEX_OUT[29] ;
; 9.000 ; 10.000       ; 1.000          ; Low Pulse Width  ; CLOCK_50 ; Rise       ; DMEM_MMIO:u_dmem_mmio|HEX_OUT[29] ;
; 9.000 ; 10.000       ; 1.000          ; High Pulse Width ; CLOCK_50 ; Rise       ; DMEM_MMIO:u_dmem_mmio|HEX_OUT[2]  ;
; 9.000 ; 10.000       ; 1.000          ; Low Pulse Width  ; CLOCK_50 ; Rise       ; DMEM_MMIO:u_dmem_mmio|HEX_OUT[2]  ;
; 9.000 ; 10.000       ; 1.000          ; High Pulse Width ; CLOCK_50 ; Rise       ; DMEM_MMIO:u_dmem_mmio|HEX_OUT[30] ;
; 9.000 ; 10.000       ; 1.000          ; Low Pulse Width  ; CLOCK_50 ; Rise       ; DMEM_MMIO:u_dmem_mmio|HEX_OUT[30] ;
; 9.000 ; 10.000       ; 1.000          ; High Pulse Width ; CLOCK_50 ; Rise       ; DMEM_MMIO:u_dmem_mmio|HEX_OUT[31] ;
; 9.000 ; 10.000       ; 1.000          ; Low Pulse Width  ; CLOCK_50 ; Rise       ; DMEM_MMIO:u_dmem_mmio|HEX_OUT[31] ;
; 9.000 ; 10.000       ; 1.000          ; High Pulse Width ; CLOCK_50 ; Rise       ; DMEM_MMIO:u_dmem_mmio|HEX_OUT[3]  ;
; 9.000 ; 10.000       ; 1.000          ; Low Pulse Width  ; CLOCK_50 ; Rise       ; DMEM_MMIO:u_dmem_mmio|HEX_OUT[3]  ;
; 9.000 ; 10.000       ; 1.000          ; High Pulse Width ; CLOCK_50 ; Rise       ; DMEM_MMIO:u_dmem_mmio|HEX_OUT[4]  ;
; 9.000 ; 10.000       ; 1.000          ; Low Pulse Width  ; CLOCK_50 ; Rise       ; DMEM_MMIO:u_dmem_mmio|HEX_OUT[4]  ;
; 9.000 ; 10.000       ; 1.000          ; High Pulse Width ; CLOCK_50 ; Rise       ; DMEM_MMIO:u_dmem_mmio|HEX_OUT[5]  ;
; 9.000 ; 10.000       ; 1.000          ; Low Pulse Width  ; CLOCK_50 ; Rise       ; DMEM_MMIO:u_dmem_mmio|HEX_OUT[5]  ;
; 9.000 ; 10.000       ; 1.000          ; High Pulse Width ; CLOCK_50 ; Rise       ; DMEM_MMIO:u_dmem_mmio|HEX_OUT[6]  ;
; 9.000 ; 10.000       ; 1.000          ; Low Pulse Width  ; CLOCK_50 ; Rise       ; DMEM_MMIO:u_dmem_mmio|HEX_OUT[6]  ;
; 9.000 ; 10.000       ; 1.000          ; High Pulse Width ; CLOCK_50 ; Rise       ; DMEM_MMIO:u_dmem_mmio|HEX_OUT[7]  ;
; 9.000 ; 10.000       ; 1.000          ; Low Pulse Width  ; CLOCK_50 ; Rise       ; DMEM_MMIO:u_dmem_mmio|HEX_OUT[7]  ;
; 9.000 ; 10.000       ; 1.000          ; High Pulse Width ; CLOCK_50 ; Rise       ; DMEM_MMIO:u_dmem_mmio|HEX_OUT[8]  ;
; 9.000 ; 10.000       ; 1.000          ; Low Pulse Width  ; CLOCK_50 ; Rise       ; DMEM_MMIO:u_dmem_mmio|HEX_OUT[8]  ;
; 9.000 ; 10.000       ; 1.000          ; High Pulse Width ; CLOCK_50 ; Rise       ; DMEM_MMIO:u_dmem_mmio|HEX_OUT[9]  ;
; 9.000 ; 10.000       ; 1.000          ; Low Pulse Width  ; CLOCK_50 ; Rise       ; DMEM_MMIO:u_dmem_mmio|HEX_OUT[9]  ;
; 9.000 ; 10.000       ; 1.000          ; High Pulse Width ; CLOCK_50 ; Rise       ; DMEM_MMIO:u_dmem_mmio|LED_OUT[0]  ;
; 9.000 ; 10.000       ; 1.000          ; Low Pulse Width  ; CLOCK_50 ; Rise       ; DMEM_MMIO:u_dmem_mmio|LED_OUT[0]  ;
; 9.000 ; 10.000       ; 1.000          ; High Pulse Width ; CLOCK_50 ; Rise       ; DMEM_MMIO:u_dmem_mmio|LED_OUT[10] ;
; 9.000 ; 10.000       ; 1.000          ; Low Pulse Width  ; CLOCK_50 ; Rise       ; DMEM_MMIO:u_dmem_mmio|LED_OUT[10] ;
; 9.000 ; 10.000       ; 1.000          ; High Pulse Width ; CLOCK_50 ; Rise       ; DMEM_MMIO:u_dmem_mmio|LED_OUT[11] ;
; 9.000 ; 10.000       ; 1.000          ; Low Pulse Width  ; CLOCK_50 ; Rise       ; DMEM_MMIO:u_dmem_mmio|LED_OUT[11] ;
; 9.000 ; 10.000       ; 1.000          ; High Pulse Width ; CLOCK_50 ; Rise       ; DMEM_MMIO:u_dmem_mmio|LED_OUT[12] ;
; 9.000 ; 10.000       ; 1.000          ; Low Pulse Width  ; CLOCK_50 ; Rise       ; DMEM_MMIO:u_dmem_mmio|LED_OUT[12] ;
; 9.000 ; 10.000       ; 1.000          ; High Pulse Width ; CLOCK_50 ; Rise       ; DMEM_MMIO:u_dmem_mmio|LED_OUT[13] ;
; 9.000 ; 10.000       ; 1.000          ; Low Pulse Width  ; CLOCK_50 ; Rise       ; DMEM_MMIO:u_dmem_mmio|LED_OUT[13] ;
; 9.000 ; 10.000       ; 1.000          ; High Pulse Width ; CLOCK_50 ; Rise       ; DMEM_MMIO:u_dmem_mmio|LED_OUT[14] ;
; 9.000 ; 10.000       ; 1.000          ; Low Pulse Width  ; CLOCK_50 ; Rise       ; DMEM_MMIO:u_dmem_mmio|LED_OUT[14] ;
; 9.000 ; 10.000       ; 1.000          ; High Pulse Width ; CLOCK_50 ; Rise       ; DMEM_MMIO:u_dmem_mmio|LED_OUT[15] ;
; 9.000 ; 10.000       ; 1.000          ; Low Pulse Width  ; CLOCK_50 ; Rise       ; DMEM_MMIO:u_dmem_mmio|LED_OUT[15] ;
; 9.000 ; 10.000       ; 1.000          ; High Pulse Width ; CLOCK_50 ; Rise       ; DMEM_MMIO:u_dmem_mmio|LED_OUT[16] ;
; 9.000 ; 10.000       ; 1.000          ; Low Pulse Width  ; CLOCK_50 ; Rise       ; DMEM_MMIO:u_dmem_mmio|LED_OUT[16] ;
; 9.000 ; 10.000       ; 1.000          ; High Pulse Width ; CLOCK_50 ; Rise       ; DMEM_MMIO:u_dmem_mmio|LED_OUT[17] ;
; 9.000 ; 10.000       ; 1.000          ; Low Pulse Width  ; CLOCK_50 ; Rise       ; DMEM_MMIO:u_dmem_mmio|LED_OUT[17] ;
; 9.000 ; 10.000       ; 1.000          ; High Pulse Width ; CLOCK_50 ; Rise       ; DMEM_MMIO:u_dmem_mmio|LED_OUT[1]  ;
; 9.000 ; 10.000       ; 1.000          ; Low Pulse Width  ; CLOCK_50 ; Rise       ; DMEM_MMIO:u_dmem_mmio|LED_OUT[1]  ;
; 9.000 ; 10.000       ; 1.000          ; High Pulse Width ; CLOCK_50 ; Rise       ; DMEM_MMIO:u_dmem_mmio|LED_OUT[2]  ;
; 9.000 ; 10.000       ; 1.000          ; Low Pulse Width  ; CLOCK_50 ; Rise       ; DMEM_MMIO:u_dmem_mmio|LED_OUT[2]  ;
; 9.000 ; 10.000       ; 1.000          ; High Pulse Width ; CLOCK_50 ; Rise       ; DMEM_MMIO:u_dmem_mmio|LED_OUT[3]  ;
; 9.000 ; 10.000       ; 1.000          ; Low Pulse Width  ; CLOCK_50 ; Rise       ; DMEM_MMIO:u_dmem_mmio|LED_OUT[3]  ;
; 9.000 ; 10.000       ; 1.000          ; High Pulse Width ; CLOCK_50 ; Rise       ; DMEM_MMIO:u_dmem_mmio|LED_OUT[4]  ;
; 9.000 ; 10.000       ; 1.000          ; Low Pulse Width  ; CLOCK_50 ; Rise       ; DMEM_MMIO:u_dmem_mmio|LED_OUT[4]  ;
; 9.000 ; 10.000       ; 1.000          ; High Pulse Width ; CLOCK_50 ; Rise       ; DMEM_MMIO:u_dmem_mmio|LED_OUT[5]  ;
; 9.000 ; 10.000       ; 1.000          ; Low Pulse Width  ; CLOCK_50 ; Rise       ; DMEM_MMIO:u_dmem_mmio|LED_OUT[5]  ;
; 9.000 ; 10.000       ; 1.000          ; High Pulse Width ; CLOCK_50 ; Rise       ; DMEM_MMIO:u_dmem_mmio|LED_OUT[6]  ;
; 9.000 ; 10.000       ; 1.000          ; Low Pulse Width  ; CLOCK_50 ; Rise       ; DMEM_MMIO:u_dmem_mmio|LED_OUT[6]  ;
; 9.000 ; 10.000       ; 1.000          ; High Pulse Width ; CLOCK_50 ; Rise       ; DMEM_MMIO:u_dmem_mmio|LED_OUT[7]  ;
; 9.000 ; 10.000       ; 1.000          ; Low Pulse Width  ; CLOCK_50 ; Rise       ; DMEM_MMIO:u_dmem_mmio|LED_OUT[7]  ;
; 9.000 ; 10.000       ; 1.000          ; High Pulse Width ; CLOCK_50 ; Rise       ; DMEM_MMIO:u_dmem_mmio|LED_OUT[8]  ;
; 9.000 ; 10.000       ; 1.000          ; Low Pulse Width  ; CLOCK_50 ; Rise       ; DMEM_MMIO:u_dmem_mmio|LED_OUT[8]  ;
; 9.000 ; 10.000       ; 1.000          ; High Pulse Width ; CLOCK_50 ; Rise       ; DMEM_MMIO:u_dmem_mmio|LED_OUT[9]  ;
; 9.000 ; 10.000       ; 1.000          ; Low Pulse Width  ; CLOCK_50 ; Rise       ; DMEM_MMIO:u_dmem_mmio|LED_OUT[9]  ;
+-------+--------------+----------------+------------------+----------+------------+-----------------------------------+


+------------------------------------------------------------------------------------------------------------------------------------------------------------------------------------------------------------------------------------------------------------------------------------------------------+
; Fast Model Minimum Pulse Width: 'u_ov7670_lcm_wall_core|u0|altpll_component|pll|clk[0]'                                                                                                                                                                                                              ;
+--------+--------------+----------------+------------------+-------------------------------------------------------+------------+---------------------------------------------------------------------------------------------------------------------------------------------------------------------+
; Slack  ; Actual Width ; Required Width ; Type             ; Clock                                                 ; Clock Edge ; Target                                                                                                                                                              ;
+--------+--------------+----------------+------------------+-------------------------------------------------------+------------+---------------------------------------------------------------------------------------------------------------------------------------------------------------------+
; 25.015 ; 27.142       ; 2.127          ; High Pulse Width ; u_ov7670_lcm_wall_core|u0|altpll_component|pll|clk[0] ; Rise       ; ov7670_lcm_wall_core:u_ov7670_lcm_wall_core|altsyncram:frame_buf_rtl_0|altsyncram_o4d1:auto_generated|altsyncram_rng1:altsyncram1|ram_block2a0~porta_address_reg0   ;
; 25.015 ; 27.142       ; 2.127          ; High Pulse Width ; u_ov7670_lcm_wall_core|u0|altpll_component|pll|clk[0] ; Rise       ; ov7670_lcm_wall_core:u_ov7670_lcm_wall_core|altsyncram:frame_buf_rtl_0|altsyncram_o4d1:auto_generated|altsyncram_rng1:altsyncram1|ram_block2a0~porta_address_reg1   ;
; 25.015 ; 27.142       ; 2.127          ; High Pulse Width ; u_ov7670_lcm_wall_core|u0|altpll_component|pll|clk[0] ; Rise       ; ov7670_lcm_wall_core:u_ov7670_lcm_wall_core|altsyncram:frame_buf_rtl_0|altsyncram_o4d1:auto_generated|altsyncram_rng1:altsyncram1|ram_block2a0~porta_address_reg10  ;
; 25.015 ; 27.142       ; 2.127          ; High Pulse Width ; u_ov7670_lcm_wall_core|u0|altpll_component|pll|clk[0] ; Rise       ; ov7670_lcm_wall_core:u_ov7670_lcm_wall_core|altsyncram:frame_buf_rtl_0|altsyncram_o4d1:auto_generated|altsyncram_rng1:altsyncram1|ram_block2a0~porta_address_reg11  ;
; 25.015 ; 27.142       ; 2.127          ; High Pulse Width ; u_ov7670_lcm_wall_core|u0|altpll_component|pll|clk[0] ; Rise       ; ov7670_lcm_wall_core:u_ov7670_lcm_wall_core|altsyncram:frame_buf_rtl_0|altsyncram_o4d1:auto_generated|altsyncram_rng1:altsyncram1|ram_block2a0~porta_address_reg2   ;
; 25.015 ; 27.142       ; 2.127          ; High Pulse Width ; u_ov7670_lcm_wall_core|u0|altpll_component|pll|clk[0] ; Rise       ; ov7670_lcm_wall_core:u_ov7670_lcm_wall_core|altsyncram:frame_buf_rtl_0|altsyncram_o4d1:auto_generated|altsyncram_rng1:altsyncram1|ram_block2a0~porta_address_reg3   ;
; 25.015 ; 27.142       ; 2.127          ; High Pulse Width ; u_ov7670_lcm_wall_core|u0|altpll_component|pll|clk[0] ; Rise       ; ov7670_lcm_wall_core:u_ov7670_lcm_wall_core|altsyncram:frame_buf_rtl_0|altsyncram_o4d1:auto_generated|altsyncram_rng1:altsyncram1|ram_block2a0~porta_address_reg4   ;
; 25.015 ; 27.142       ; 2.127          ; High Pulse Width ; u_ov7670_lcm_wall_core|u0|altpll_component|pll|clk[0] ; Rise       ; ov7670_lcm_wall_core:u_ov7670_lcm_wall_core|altsyncram:frame_buf_rtl_0|altsyncram_o4d1:auto_generated|altsyncram_rng1:altsyncram1|ram_block2a0~porta_address_reg5   ;
; 25.015 ; 27.142       ; 2.127          ; High Pulse Width ; u_ov7670_lcm_wall_core|u0|altpll_component|pll|clk[0] ; Rise       ; ov7670_lcm_wall_core:u_ov7670_lcm_wall_core|altsyncram:frame_buf_rtl_0|altsyncram_o4d1:auto_generated|altsyncram_rng1:altsyncram1|ram_block2a0~porta_address_reg6   ;
; 25.015 ; 27.142       ; 2.127          ; High Pulse Width ; u_ov7670_lcm_wall_core|u0|altpll_component|pll|clk[0] ; Rise       ; ov7670_lcm_wall_core:u_ov7670_lcm_wall_core|altsyncram:frame_buf_rtl_0|altsyncram_o4d1:auto_generated|altsyncram_rng1:altsyncram1|ram_block2a0~porta_address_reg7   ;
; 25.015 ; 27.142       ; 2.127          ; High Pulse Width ; u_ov7670_lcm_wall_core|u0|altpll_component|pll|clk[0] ; Rise       ; ov7670_lcm_wall_core:u_ov7670_lcm_wall_core|altsyncram:frame_buf_rtl_0|altsyncram_o4d1:auto_generated|altsyncram_rng1:altsyncram1|ram_block2a0~porta_address_reg8   ;
; 25.015 ; 27.142       ; 2.127          ; High Pulse Width ; u_ov7670_lcm_wall_core|u0|altpll_component|pll|clk[0] ; Rise       ; ov7670_lcm_wall_core:u_ov7670_lcm_wall_core|altsyncram:frame_buf_rtl_0|altsyncram_o4d1:auto_generated|altsyncram_rng1:altsyncram1|ram_block2a0~porta_address_reg9   ;
; 25.015 ; 27.142       ; 2.127          ; High Pulse Width ; u_ov7670_lcm_wall_core|u0|altpll_component|pll|clk[0] ; Rise       ; ov7670_lcm_wall_core:u_ov7670_lcm_wall_core|altsyncram:frame_buf_rtl_0|altsyncram_o4d1:auto_generated|altsyncram_rng1:altsyncram1|ram_block2a10~porta_address_reg0  ;
; 25.015 ; 27.142       ; 2.127          ; High Pulse Width ; u_ov7670_lcm_wall_core|u0|altpll_component|pll|clk[0] ; Rise       ; ov7670_lcm_wall_core:u_ov7670_lcm_wall_core|altsyncram:frame_buf_rtl_0|altsyncram_o4d1:auto_generated|altsyncram_rng1:altsyncram1|ram_block2a10~porta_address_reg1  ;
; 25.015 ; 27.142       ; 2.127          ; High Pulse Width ; u_ov7670_lcm_wall_core|u0|altpll_component|pll|clk[0] ; Rise       ; ov7670_lcm_wall_core:u_ov7670_lcm_wall_core|altsyncram:frame_buf_rtl_0|altsyncram_o4d1:auto_generated|altsyncram_rng1:altsyncram1|ram_block2a10~porta_address_reg10 ;
; 25.015 ; 27.142       ; 2.127          ; High Pulse Width ; u_ov7670_lcm_wall_core|u0|altpll_component|pll|clk[0] ; Rise       ; ov7670_lcm_wall_core:u_ov7670_lcm_wall_core|altsyncram:frame_buf_rtl_0|altsyncram_o4d1:auto_generated|altsyncram_rng1:altsyncram1|ram_block2a10~porta_address_reg11 ;
; 25.015 ; 27.142       ; 2.127          ; High Pulse Width ; u_ov7670_lcm_wall_core|u0|altpll_component|pll|clk[0] ; Rise       ; ov7670_lcm_wall_core:u_ov7670_lcm_wall_core|altsyncram:frame_buf_rtl_0|altsyncram_o4d1:auto_generated|altsyncram_rng1:altsyncram1|ram_block2a10~porta_address_reg2  ;
; 25.015 ; 27.142       ; 2.127          ; High Pulse Width ; u_ov7670_lcm_wall_core|u0|altpll_component|pll|clk[0] ; Rise       ; ov7670_lcm_wall_core:u_ov7670_lcm_wall_core|altsyncram:frame_buf_rtl_0|altsyncram_o4d1:auto_generated|altsyncram_rng1:altsyncram1|ram_block2a10~porta_address_reg3  ;
; 25.015 ; 27.142       ; 2.127          ; High Pulse Width ; u_ov7670_lcm_wall_core|u0|altpll_component|pll|clk[0] ; Rise       ; ov7670_lcm_wall_core:u_ov7670_lcm_wall_core|altsyncram:frame_buf_rtl_0|altsyncram_o4d1:auto_generated|altsyncram_rng1:altsyncram1|ram_block2a10~porta_address_reg4  ;
; 25.015 ; 27.142       ; 2.127          ; High Pulse Width ; u_ov7670_lcm_wall_core|u0|altpll_component|pll|clk[0] ; Rise       ; ov7670_lcm_wall_core:u_ov7670_lcm_wall_core|altsyncram:frame_buf_rtl_0|altsyncram_o4d1:auto_generated|altsyncram_rng1:altsyncram1|ram_block2a10~porta_address_reg5  ;
; 25.015 ; 27.142       ; 2.127          ; High Pulse Width ; u_ov7670_lcm_wall_core|u0|altpll_component|pll|clk[0] ; Rise       ; ov7670_lcm_wall_core:u_ov7670_lcm_wall_core|altsyncram:frame_buf_rtl_0|altsyncram_o4d1:auto_generated|altsyncram_rng1:altsyncram1|ram_block2a10~porta_address_reg6  ;
; 25.015 ; 27.142       ; 2.127          ; High Pulse Width ; u_ov7670_lcm_wall_core|u0|altpll_component|pll|clk[0] ; Rise       ; ov7670_lcm_wall_core:u_ov7670_lcm_wall_core|altsyncram:frame_buf_rtl_0|altsyncram_o4d1:auto_generated|altsyncram_rng1:altsyncram1|ram_block2a10~porta_address_reg7  ;
; 25.015 ; 27.142       ; 2.127          ; High Pulse Width ; u_ov7670_lcm_wall_core|u0|altpll_component|pll|clk[0] ; Rise       ; ov7670_lcm_wall_core:u_ov7670_lcm_wall_core|altsyncram:frame_buf_rtl_0|altsyncram_o4d1:auto_generated|altsyncram_rng1:altsyncram1|ram_block2a10~porta_address_reg8  ;
; 25.015 ; 27.142       ; 2.127          ; High Pulse Width ; u_ov7670_lcm_wall_core|u0|altpll_component|pll|clk[0] ; Rise       ; ov7670_lcm_wall_core:u_ov7670_lcm_wall_core|altsyncram:frame_buf_rtl_0|altsyncram_o4d1:auto_generated|altsyncram_rng1:altsyncram1|ram_block2a10~porta_address_reg9  ;
; 25.015 ; 27.142       ; 2.127          ; High Pulse Width ; u_ov7670_lcm_wall_core|u0|altpll_component|pll|clk[0] ; Rise       ; ov7670_lcm_wall_core:u_ov7670_lcm_wall_core|altsyncram:frame_buf_rtl_0|altsyncram_o4d1:auto_generated|altsyncram_rng1:altsyncram1|ram_block2a11~porta_address_reg0  ;
; 25.015 ; 27.142       ; 2.127          ; High Pulse Width ; u_ov7670_lcm_wall_core|u0|altpll_component|pll|clk[0] ; Rise       ; ov7670_lcm_wall_core:u_ov7670_lcm_wall_core|altsyncram:frame_buf_rtl_0|altsyncram_o4d1:auto_generated|altsyncram_rng1:altsyncram1|ram_block2a11~porta_address_reg1  ;
; 25.015 ; 27.142       ; 2.127          ; High Pulse Width ; u_ov7670_lcm_wall_core|u0|altpll_component|pll|clk[0] ; Rise       ; ov7670_lcm_wall_core:u_ov7670_lcm_wall_core|altsyncram:frame_buf_rtl_0|altsyncram_o4d1:auto_generated|altsyncram_rng1:altsyncram1|ram_block2a11~porta_address_reg10 ;
; 25.015 ; 27.142       ; 2.127          ; High Pulse Width ; u_ov7670_lcm_wall_core|u0|altpll_component|pll|clk[0] ; Rise       ; ov7670_lcm_wall_core:u_ov7670_lcm_wall_core|altsyncram:frame_buf_rtl_0|altsyncram_o4d1:auto_generated|altsyncram_rng1:altsyncram1|ram_block2a11~porta_address_reg11 ;
; 25.015 ; 27.142       ; 2.127          ; High Pulse Width ; u_ov7670_lcm_wall_core|u0|altpll_component|pll|clk[0] ; Rise       ; ov7670_lcm_wall_core:u_ov7670_lcm_wall_core|altsyncram:frame_buf_rtl_0|altsyncram_o4d1:auto_generated|altsyncram_rng1:altsyncram1|ram_block2a11~porta_address_reg2  ;
; 25.015 ; 27.142       ; 2.127          ; High Pulse Width ; u_ov7670_lcm_wall_core|u0|altpll_component|pll|clk[0] ; Rise       ; ov7670_lcm_wall_core:u_ov7670_lcm_wall_core|altsyncram:frame_buf_rtl_0|altsyncram_o4d1:auto_generated|altsyncram_rng1:altsyncram1|ram_block2a11~porta_address_reg3  ;
; 25.015 ; 27.142       ; 2.127          ; High Pulse Width ; u_ov7670_lcm_wall_core|u0|altpll_component|pll|clk[0] ; Rise       ; ov7670_lcm_wall_core:u_ov7670_lcm_wall_core|altsyncram:frame_buf_rtl_0|altsyncram_o4d1:auto_generated|altsyncram_rng1:altsyncram1|ram_block2a11~porta_address_reg4  ;
; 25.015 ; 27.142       ; 2.127          ; High Pulse Width ; u_ov7670_lcm_wall_core|u0|altpll_component|pll|clk[0] ; Rise       ; ov7670_lcm_wall_core:u_ov7670_lcm_wall_core|altsyncram:frame_buf_rtl_0|altsyncram_o4d1:auto_generated|altsyncram_rng1:altsyncram1|ram_block2a11~porta_address_reg5  ;
; 25.015 ; 27.142       ; 2.127          ; High Pulse Width ; u_ov7670_lcm_wall_core|u0|altpll_component|pll|clk[0] ; Rise       ; ov7670_lcm_wall_core:u_ov7670_lcm_wall_core|altsyncram:frame_buf_rtl_0|altsyncram_o4d1:auto_generated|altsyncram_rng1:altsyncram1|ram_block2a11~porta_address_reg6  ;
; 25.015 ; 27.142       ; 2.127          ; High Pulse Width ; u_ov7670_lcm_wall_core|u0|altpll_component|pll|clk[0] ; Rise       ; ov7670_lcm_wall_core:u_ov7670_lcm_wall_core|altsyncram:frame_buf_rtl_0|altsyncram_o4d1:auto_generated|altsyncram_rng1:altsyncram1|ram_block2a11~porta_address_reg7  ;
; 25.015 ; 27.142       ; 2.127          ; High Pulse Width ; u_ov7670_lcm_wall_core|u0|altpll_component|pll|clk[0] ; Rise       ; ov7670_lcm_wall_core:u_ov7670_lcm_wall_core|altsyncram:frame_buf_rtl_0|altsyncram_o4d1:auto_generated|altsyncram_rng1:altsyncram1|ram_block2a11~porta_address_reg8  ;
; 25.015 ; 27.142       ; 2.127          ; High Pulse Width ; u_ov7670_lcm_wall_core|u0|altpll_component|pll|clk[0] ; Rise       ; ov7670_lcm_wall_core:u_ov7670_lcm_wall_core|altsyncram:frame_buf_rtl_0|altsyncram_o4d1:auto_generated|altsyncram_rng1:altsyncram1|ram_block2a11~porta_address_reg9  ;
; 25.015 ; 27.142       ; 2.127          ; High Pulse Width ; u_ov7670_lcm_wall_core|u0|altpll_component|pll|clk[0] ; Rise       ; ov7670_lcm_wall_core:u_ov7670_lcm_wall_core|altsyncram:frame_buf_rtl_0|altsyncram_o4d1:auto_generated|altsyncram_rng1:altsyncram1|ram_block2a12~porta_address_reg0  ;
; 25.015 ; 27.142       ; 2.127          ; High Pulse Width ; u_ov7670_lcm_wall_core|u0|altpll_component|pll|clk[0] ; Rise       ; ov7670_lcm_wall_core:u_ov7670_lcm_wall_core|altsyncram:frame_buf_rtl_0|altsyncram_o4d1:auto_generated|altsyncram_rng1:altsyncram1|ram_block2a12~porta_address_reg1  ;
; 25.015 ; 27.142       ; 2.127          ; High Pulse Width ; u_ov7670_lcm_wall_core|u0|altpll_component|pll|clk[0] ; Rise       ; ov7670_lcm_wall_core:u_ov7670_lcm_wall_core|altsyncram:frame_buf_rtl_0|altsyncram_o4d1:auto_generated|altsyncram_rng1:altsyncram1|ram_block2a12~porta_address_reg10 ;
; 25.015 ; 27.142       ; 2.127          ; High Pulse Width ; u_ov7670_lcm_wall_core|u0|altpll_component|pll|clk[0] ; Rise       ; ov7670_lcm_wall_core:u_ov7670_lcm_wall_core|altsyncram:frame_buf_rtl_0|altsyncram_o4d1:auto_generated|altsyncram_rng1:altsyncram1|ram_block2a12~porta_address_reg11 ;
; 25.015 ; 27.142       ; 2.127          ; High Pulse Width ; u_ov7670_lcm_wall_core|u0|altpll_component|pll|clk[0] ; Rise       ; ov7670_lcm_wall_core:u_ov7670_lcm_wall_core|altsyncram:frame_buf_rtl_0|altsyncram_o4d1:auto_generated|altsyncram_rng1:altsyncram1|ram_block2a12~porta_address_reg2  ;
; 25.015 ; 27.142       ; 2.127          ; High Pulse Width ; u_ov7670_lcm_wall_core|u0|altpll_component|pll|clk[0] ; Rise       ; ov7670_lcm_wall_core:u_ov7670_lcm_wall_core|altsyncram:frame_buf_rtl_0|altsyncram_o4d1:auto_generated|altsyncram_rng1:altsyncram1|ram_block2a12~porta_address_reg3  ;
; 25.015 ; 27.142       ; 2.127          ; High Pulse Width ; u_ov7670_lcm_wall_core|u0|altpll_component|pll|clk[0] ; Rise       ; ov7670_lcm_wall_core:u_ov7670_lcm_wall_core|altsyncram:frame_buf_rtl_0|altsyncram_o4d1:auto_generated|altsyncram_rng1:altsyncram1|ram_block2a12~porta_address_reg4  ;
; 25.015 ; 27.142       ; 2.127          ; High Pulse Width ; u_ov7670_lcm_wall_core|u0|altpll_component|pll|clk[0] ; Rise       ; ov7670_lcm_wall_core:u_ov7670_lcm_wall_core|altsyncram:frame_buf_rtl_0|altsyncram_o4d1:auto_generated|altsyncram_rng1:altsyncram1|ram_block2a12~porta_address_reg5  ;
; 25.015 ; 27.142       ; 2.127          ; High Pulse Width ; u_ov7670_lcm_wall_core|u0|altpll_component|pll|clk[0] ; Rise       ; ov7670_lcm_wall_core:u_ov7670_lcm_wall_core|altsyncram:frame_buf_rtl_0|altsyncram_o4d1:auto_generated|altsyncram_rng1:altsyncram1|ram_block2a12~porta_address_reg6  ;
; 25.015 ; 27.142       ; 2.127          ; High Pulse Width ; u_ov7670_lcm_wall_core|u0|altpll_component|pll|clk[0] ; Rise       ; ov7670_lcm_wall_core:u_ov7670_lcm_wall_core|altsyncram:frame_buf_rtl_0|altsyncram_o4d1:auto_generated|altsyncram_rng1:altsyncram1|ram_block2a12~porta_address_reg7  ;
; 25.015 ; 27.142       ; 2.127          ; High Pulse Width ; u_ov7670_lcm_wall_core|u0|altpll_component|pll|clk[0] ; Rise       ; ov7670_lcm_wall_core:u_ov7670_lcm_wall_core|altsyncram:frame_buf_rtl_0|altsyncram_o4d1:auto_generated|altsyncram_rng1:altsyncram1|ram_block2a12~porta_address_reg8  ;
; 25.015 ; 27.142       ; 2.127          ; High Pulse Width ; u_ov7670_lcm_wall_core|u0|altpll_component|pll|clk[0] ; Rise       ; ov7670_lcm_wall_core:u_ov7670_lcm_wall_core|altsyncram:frame_buf_rtl_0|altsyncram_o4d1:auto_generated|altsyncram_rng1:altsyncram1|ram_block2a12~porta_address_reg9  ;
; 25.015 ; 27.142       ; 2.127          ; High Pulse Width ; u_ov7670_lcm_wall_core|u0|altpll_component|pll|clk[0] ; Rise       ; ov7670_lcm_wall_core:u_ov7670_lcm_wall_core|altsyncram:frame_buf_rtl_0|altsyncram_o4d1:auto_generated|altsyncram_rng1:altsyncram1|ram_block2a13~porta_address_reg0  ;
; 25.015 ; 27.142       ; 2.127          ; High Pulse Width ; u_ov7670_lcm_wall_core|u0|altpll_component|pll|clk[0] ; Rise       ; ov7670_lcm_wall_core:u_ov7670_lcm_wall_core|altsyncram:frame_buf_rtl_0|altsyncram_o4d1:auto_generated|altsyncram_rng1:altsyncram1|ram_block2a13~porta_address_reg1  ;
; 25.015 ; 27.142       ; 2.127          ; High Pulse Width ; u_ov7670_lcm_wall_core|u0|altpll_component|pll|clk[0] ; Rise       ; ov7670_lcm_wall_core:u_ov7670_lcm_wall_core|altsyncram:frame_buf_rtl_0|altsyncram_o4d1:auto_generated|altsyncram_rng1:altsyncram1|ram_block2a13~porta_address_reg10 ;
; 25.015 ; 27.142       ; 2.127          ; High Pulse Width ; u_ov7670_lcm_wall_core|u0|altpll_component|pll|clk[0] ; Rise       ; ov7670_lcm_wall_core:u_ov7670_lcm_wall_core|altsyncram:frame_buf_rtl_0|altsyncram_o4d1:auto_generated|altsyncram_rng1:altsyncram1|ram_block2a13~porta_address_reg11 ;
; 25.015 ; 27.142       ; 2.127          ; High Pulse Width ; u_ov7670_lcm_wall_core|u0|altpll_component|pll|clk[0] ; Rise       ; ov7670_lcm_wall_core:u_ov7670_lcm_wall_core|altsyncram:frame_buf_rtl_0|altsyncram_o4d1:auto_generated|altsyncram_rng1:altsyncram1|ram_block2a13~porta_address_reg2  ;
; 25.015 ; 27.142       ; 2.127          ; High Pulse Width ; u_ov7670_lcm_wall_core|u0|altpll_component|pll|clk[0] ; Rise       ; ov7670_lcm_wall_core:u_ov7670_lcm_wall_core|altsyncram:frame_buf_rtl_0|altsyncram_o4d1:auto_generated|altsyncram_rng1:altsyncram1|ram_block2a13~porta_address_reg3  ;
; 25.015 ; 27.142       ; 2.127          ; High Pulse Width ; u_ov7670_lcm_wall_core|u0|altpll_component|pll|clk[0] ; Rise       ; ov7670_lcm_wall_core:u_ov7670_lcm_wall_core|altsyncram:frame_buf_rtl_0|altsyncram_o4d1:auto_generated|altsyncram_rng1:altsyncram1|ram_block2a13~porta_address_reg4  ;
; 25.015 ; 27.142       ; 2.127          ; High Pulse Width ; u_ov7670_lcm_wall_core|u0|altpll_component|pll|clk[0] ; Rise       ; ov7670_lcm_wall_core:u_ov7670_lcm_wall_core|altsyncram:frame_buf_rtl_0|altsyncram_o4d1:auto_generated|altsyncram_rng1:altsyncram1|ram_block2a13~porta_address_reg5  ;
; 25.015 ; 27.142       ; 2.127          ; High Pulse Width ; u_ov7670_lcm_wall_core|u0|altpll_component|pll|clk[0] ; Rise       ; ov7670_lcm_wall_core:u_ov7670_lcm_wall_core|altsyncram:frame_buf_rtl_0|altsyncram_o4d1:auto_generated|altsyncram_rng1:altsyncram1|ram_block2a13~porta_address_reg6  ;
; 25.015 ; 27.142       ; 2.127          ; High Pulse Width ; u_ov7670_lcm_wall_core|u0|altpll_component|pll|clk[0] ; Rise       ; ov7670_lcm_wall_core:u_ov7670_lcm_wall_core|altsyncram:frame_buf_rtl_0|altsyncram_o4d1:auto_generated|altsyncram_rng1:altsyncram1|ram_block2a13~porta_address_reg7  ;
; 25.015 ; 27.142       ; 2.127          ; High Pulse Width ; u_ov7670_lcm_wall_core|u0|altpll_component|pll|clk[0] ; Rise       ; ov7670_lcm_wall_core:u_ov7670_lcm_wall_core|altsyncram:frame_buf_rtl_0|altsyncram_o4d1:auto_generated|altsyncram_rng1:altsyncram1|ram_block2a13~porta_address_reg8  ;
; 25.015 ; 27.142       ; 2.127          ; High Pulse Width ; u_ov7670_lcm_wall_core|u0|altpll_component|pll|clk[0] ; Rise       ; ov7670_lcm_wall_core:u_ov7670_lcm_wall_core|altsyncram:frame_buf_rtl_0|altsyncram_o4d1:auto_generated|altsyncram_rng1:altsyncram1|ram_block2a13~porta_address_reg9  ;
; 25.015 ; 27.142       ; 2.127          ; High Pulse Width ; u_ov7670_lcm_wall_core|u0|altpll_component|pll|clk[0] ; Rise       ; ov7670_lcm_wall_core:u_ov7670_lcm_wall_core|altsyncram:frame_buf_rtl_0|altsyncram_o4d1:auto_generated|altsyncram_rng1:altsyncram1|ram_block2a14~porta_address_reg0  ;
; 25.015 ; 27.142       ; 2.127          ; High Pulse Width ; u_ov7670_lcm_wall_core|u0|altpll_component|pll|clk[0] ; Rise       ; ov7670_lcm_wall_core:u_ov7670_lcm_wall_core|altsyncram:frame_buf_rtl_0|altsyncram_o4d1:auto_generated|altsyncram_rng1:altsyncram1|ram_block2a14~porta_address_reg1  ;
; 25.015 ; 27.142       ; 2.127          ; High Pulse Width ; u_ov7670_lcm_wall_core|u0|altpll_component|pll|clk[0] ; Rise       ; ov7670_lcm_wall_core:u_ov7670_lcm_wall_core|altsyncram:frame_buf_rtl_0|altsyncram_o4d1:auto_generated|altsyncram_rng1:altsyncram1|ram_block2a14~porta_address_reg10 ;
; 25.015 ; 27.142       ; 2.127          ; High Pulse Width ; u_ov7670_lcm_wall_core|u0|altpll_component|pll|clk[0] ; Rise       ; ov7670_lcm_wall_core:u_ov7670_lcm_wall_core|altsyncram:frame_buf_rtl_0|altsyncram_o4d1:auto_generated|altsyncram_rng1:altsyncram1|ram_block2a14~porta_address_reg11 ;
; 25.015 ; 27.142       ; 2.127          ; High Pulse Width ; u_ov7670_lcm_wall_core|u0|altpll_component|pll|clk[0] ; Rise       ; ov7670_lcm_wall_core:u_ov7670_lcm_wall_core|altsyncram:frame_buf_rtl_0|altsyncram_o4d1:auto_generated|altsyncram_rng1:altsyncram1|ram_block2a14~porta_address_reg2  ;
; 25.015 ; 27.142       ; 2.127          ; High Pulse Width ; u_ov7670_lcm_wall_core|u0|altpll_component|pll|clk[0] ; Rise       ; ov7670_lcm_wall_core:u_ov7670_lcm_wall_core|altsyncram:frame_buf_rtl_0|altsyncram_o4d1:auto_generated|altsyncram_rng1:altsyncram1|ram_block2a14~porta_address_reg3  ;
; 25.015 ; 27.142       ; 2.127          ; High Pulse Width ; u_ov7670_lcm_wall_core|u0|altpll_component|pll|clk[0] ; Rise       ; ov7670_lcm_wall_core:u_ov7670_lcm_wall_core|altsyncram:frame_buf_rtl_0|altsyncram_o4d1:auto_generated|altsyncram_rng1:altsyncram1|ram_block2a14~porta_address_reg4  ;
; 25.015 ; 27.142       ; 2.127          ; High Pulse Width ; u_ov7670_lcm_wall_core|u0|altpll_component|pll|clk[0] ; Rise       ; ov7670_lcm_wall_core:u_ov7670_lcm_wall_core|altsyncram:frame_buf_rtl_0|altsyncram_o4d1:auto_generated|altsyncram_rng1:altsyncram1|ram_block2a14~porta_address_reg5  ;
; 25.015 ; 27.142       ; 2.127          ; High Pulse Width ; u_ov7670_lcm_wall_core|u0|altpll_component|pll|clk[0] ; Rise       ; ov7670_lcm_wall_core:u_ov7670_lcm_wall_core|altsyncram:frame_buf_rtl_0|altsyncram_o4d1:auto_generated|altsyncram_rng1:altsyncram1|ram_block2a14~porta_address_reg6  ;
; 25.015 ; 27.142       ; 2.127          ; High Pulse Width ; u_ov7670_lcm_wall_core|u0|altpll_component|pll|clk[0] ; Rise       ; ov7670_lcm_wall_core:u_ov7670_lcm_wall_core|altsyncram:frame_buf_rtl_0|altsyncram_o4d1:auto_generated|altsyncram_rng1:altsyncram1|ram_block2a14~porta_address_reg7  ;
; 25.015 ; 27.142       ; 2.127          ; High Pulse Width ; u_ov7670_lcm_wall_core|u0|altpll_component|pll|clk[0] ; Rise       ; ov7670_lcm_wall_core:u_ov7670_lcm_wall_core|altsyncram:frame_buf_rtl_0|altsyncram_o4d1:auto_generated|altsyncram_rng1:altsyncram1|ram_block2a14~porta_address_reg8  ;
; 25.015 ; 27.142       ; 2.127          ; High Pulse Width ; u_ov7670_lcm_wall_core|u0|altpll_component|pll|clk[0] ; Rise       ; ov7670_lcm_wall_core:u_ov7670_lcm_wall_core|altsyncram:frame_buf_rtl_0|altsyncram_o4d1:auto_generated|altsyncram_rng1:altsyncram1|ram_block2a14~porta_address_reg9  ;
; 25.015 ; 27.142       ; 2.127          ; High Pulse Width ; u_ov7670_lcm_wall_core|u0|altpll_component|pll|clk[0] ; Rise       ; ov7670_lcm_wall_core:u_ov7670_lcm_wall_core|altsyncram:frame_buf_rtl_0|altsyncram_o4d1:auto_generated|altsyncram_rng1:altsyncram1|ram_block2a15~porta_address_reg0  ;
; 25.015 ; 27.142       ; 2.127          ; High Pulse Width ; u_ov7670_lcm_wall_core|u0|altpll_component|pll|clk[0] ; Rise       ; ov7670_lcm_wall_core:u_ov7670_lcm_wall_core|altsyncram:frame_buf_rtl_0|altsyncram_o4d1:auto_generated|altsyncram_rng1:altsyncram1|ram_block2a15~porta_address_reg1  ;
; 25.015 ; 27.142       ; 2.127          ; High Pulse Width ; u_ov7670_lcm_wall_core|u0|altpll_component|pll|clk[0] ; Rise       ; ov7670_lcm_wall_core:u_ov7670_lcm_wall_core|altsyncram:frame_buf_rtl_0|altsyncram_o4d1:auto_generated|altsyncram_rng1:altsyncram1|ram_block2a15~porta_address_reg10 ;
; 25.015 ; 27.142       ; 2.127          ; High Pulse Width ; u_ov7670_lcm_wall_core|u0|altpll_component|pll|clk[0] ; Rise       ; ov7670_lcm_wall_core:u_ov7670_lcm_wall_core|altsyncram:frame_buf_rtl_0|altsyncram_o4d1:auto_generated|altsyncram_rng1:altsyncram1|ram_block2a15~porta_address_reg11 ;
; 25.015 ; 27.142       ; 2.127          ; High Pulse Width ; u_ov7670_lcm_wall_core|u0|altpll_component|pll|clk[0] ; Rise       ; ov7670_lcm_wall_core:u_ov7670_lcm_wall_core|altsyncram:frame_buf_rtl_0|altsyncram_o4d1:auto_generated|altsyncram_rng1:altsyncram1|ram_block2a15~porta_address_reg2  ;
; 25.015 ; 27.142       ; 2.127          ; High Pulse Width ; u_ov7670_lcm_wall_core|u0|altpll_component|pll|clk[0] ; Rise       ; ov7670_lcm_wall_core:u_ov7670_lcm_wall_core|altsyncram:frame_buf_rtl_0|altsyncram_o4d1:auto_generated|altsyncram_rng1:altsyncram1|ram_block2a15~porta_address_reg3  ;
; 25.015 ; 27.142       ; 2.127          ; High Pulse Width ; u_ov7670_lcm_wall_core|u0|altpll_component|pll|clk[0] ; Rise       ; ov7670_lcm_wall_core:u_ov7670_lcm_wall_core|altsyncram:frame_buf_rtl_0|altsyncram_o4d1:auto_generated|altsyncram_rng1:altsyncram1|ram_block2a15~porta_address_reg4  ;
; 25.015 ; 27.142       ; 2.127          ; High Pulse Width ; u_ov7670_lcm_wall_core|u0|altpll_component|pll|clk[0] ; Rise       ; ov7670_lcm_wall_core:u_ov7670_lcm_wall_core|altsyncram:frame_buf_rtl_0|altsyncram_o4d1:auto_generated|altsyncram_rng1:altsyncram1|ram_block2a15~porta_address_reg5  ;
; 25.015 ; 27.142       ; 2.127          ; High Pulse Width ; u_ov7670_lcm_wall_core|u0|altpll_component|pll|clk[0] ; Rise       ; ov7670_lcm_wall_core:u_ov7670_lcm_wall_core|altsyncram:frame_buf_rtl_0|altsyncram_o4d1:auto_generated|altsyncram_rng1:altsyncram1|ram_block2a15~porta_address_reg6  ;
; 25.015 ; 27.142       ; 2.127          ; High Pulse Width ; u_ov7670_lcm_wall_core|u0|altpll_component|pll|clk[0] ; Rise       ; ov7670_lcm_wall_core:u_ov7670_lcm_wall_core|altsyncram:frame_buf_rtl_0|altsyncram_o4d1:auto_generated|altsyncram_rng1:altsyncram1|ram_block2a15~porta_address_reg7  ;
; 25.015 ; 27.142       ; 2.127          ; High Pulse Width ; u_ov7670_lcm_wall_core|u0|altpll_component|pll|clk[0] ; Rise       ; ov7670_lcm_wall_core:u_ov7670_lcm_wall_core|altsyncram:frame_buf_rtl_0|altsyncram_o4d1:auto_generated|altsyncram_rng1:altsyncram1|ram_block2a15~porta_address_reg8  ;
; 25.015 ; 27.142       ; 2.127          ; High Pulse Width ; u_ov7670_lcm_wall_core|u0|altpll_component|pll|clk[0] ; Rise       ; ov7670_lcm_wall_core:u_ov7670_lcm_wall_core|altsyncram:frame_buf_rtl_0|altsyncram_o4d1:auto_generated|altsyncram_rng1:altsyncram1|ram_block2a15~porta_address_reg9  ;
; 25.015 ; 27.142       ; 2.127          ; High Pulse Width ; u_ov7670_lcm_wall_core|u0|altpll_component|pll|clk[0] ; Rise       ; ov7670_lcm_wall_core:u_ov7670_lcm_wall_core|altsyncram:frame_buf_rtl_0|altsyncram_o4d1:auto_generated|altsyncram_rng1:altsyncram1|ram_block2a16~porta_address_reg0  ;
; 25.015 ; 27.142       ; 2.127          ; High Pulse Width ; u_ov7670_lcm_wall_core|u0|altpll_component|pll|clk[0] ; Rise       ; ov7670_lcm_wall_core:u_ov7670_lcm_wall_core|altsyncram:frame_buf_rtl_0|altsyncram_o4d1:auto_generated|altsyncram_rng1:altsyncram1|ram_block2a16~porta_address_reg1  ;
; 25.015 ; 27.142       ; 2.127          ; High Pulse Width ; u_ov7670_lcm_wall_core|u0|altpll_component|pll|clk[0] ; Rise       ; ov7670_lcm_wall_core:u_ov7670_lcm_wall_core|altsyncram:frame_buf_rtl_0|altsyncram_o4d1:auto_generated|altsyncram_rng1:altsyncram1|ram_block2a16~porta_address_reg10 ;
; 25.015 ; 27.142       ; 2.127          ; High Pulse Width ; u_ov7670_lcm_wall_core|u0|altpll_component|pll|clk[0] ; Rise       ; ov7670_lcm_wall_core:u_ov7670_lcm_wall_core|altsyncram:frame_buf_rtl_0|altsyncram_o4d1:auto_generated|altsyncram_rng1:altsyncram1|ram_block2a16~porta_address_reg11 ;
; 25.015 ; 27.142       ; 2.127          ; High Pulse Width ; u_ov7670_lcm_wall_core|u0|altpll_component|pll|clk[0] ; Rise       ; ov7670_lcm_wall_core:u_ov7670_lcm_wall_core|altsyncram:frame_buf_rtl_0|altsyncram_o4d1:auto_generated|altsyncram_rng1:altsyncram1|ram_block2a16~porta_address_reg2  ;
; 25.015 ; 27.142       ; 2.127          ; High Pulse Width ; u_ov7670_lcm_wall_core|u0|altpll_component|pll|clk[0] ; Rise       ; ov7670_lcm_wall_core:u_ov7670_lcm_wall_core|altsyncram:frame_buf_rtl_0|altsyncram_o4d1:auto_generated|altsyncram_rng1:altsyncram1|ram_block2a16~porta_address_reg3  ;
; 25.015 ; 27.142       ; 2.127          ; High Pulse Width ; u_ov7670_lcm_wall_core|u0|altpll_component|pll|clk[0] ; Rise       ; ov7670_lcm_wall_core:u_ov7670_lcm_wall_core|altsyncram:frame_buf_rtl_0|altsyncram_o4d1:auto_generated|altsyncram_rng1:altsyncram1|ram_block2a16~porta_address_reg4  ;
; 25.015 ; 27.142       ; 2.127          ; High Pulse Width ; u_ov7670_lcm_wall_core|u0|altpll_component|pll|clk[0] ; Rise       ; ov7670_lcm_wall_core:u_ov7670_lcm_wall_core|altsyncram:frame_buf_rtl_0|altsyncram_o4d1:auto_generated|altsyncram_rng1:altsyncram1|ram_block2a16~porta_address_reg5  ;
; 25.015 ; 27.142       ; 2.127          ; High Pulse Width ; u_ov7670_lcm_wall_core|u0|altpll_component|pll|clk[0] ; Rise       ; ov7670_lcm_wall_core:u_ov7670_lcm_wall_core|altsyncram:frame_buf_rtl_0|altsyncram_o4d1:auto_generated|altsyncram_rng1:altsyncram1|ram_block2a16~porta_address_reg6  ;
; 25.015 ; 27.142       ; 2.127          ; High Pulse Width ; u_ov7670_lcm_wall_core|u0|altpll_component|pll|clk[0] ; Rise       ; ov7670_lcm_wall_core:u_ov7670_lcm_wall_core|altsyncram:frame_buf_rtl_0|altsyncram_o4d1:auto_generated|altsyncram_rng1:altsyncram1|ram_block2a16~porta_address_reg7  ;
; 25.015 ; 27.142       ; 2.127          ; High Pulse Width ; u_ov7670_lcm_wall_core|u0|altpll_component|pll|clk[0] ; Rise       ; ov7670_lcm_wall_core:u_ov7670_lcm_wall_core|altsyncram:frame_buf_rtl_0|altsyncram_o4d1:auto_generated|altsyncram_rng1:altsyncram1|ram_block2a16~porta_address_reg8  ;
; 25.015 ; 27.142       ; 2.127          ; High Pulse Width ; u_ov7670_lcm_wall_core|u0|altpll_component|pll|clk[0] ; Rise       ; ov7670_lcm_wall_core:u_ov7670_lcm_wall_core|altsyncram:frame_buf_rtl_0|altsyncram_o4d1:auto_generated|altsyncram_rng1:altsyncram1|ram_block2a16~porta_address_reg9  ;
; 25.015 ; 27.142       ; 2.127          ; High Pulse Width ; u_ov7670_lcm_wall_core|u0|altpll_component|pll|clk[0] ; Rise       ; ov7670_lcm_wall_core:u_ov7670_lcm_wall_core|altsyncram:frame_buf_rtl_0|altsyncram_o4d1:auto_generated|altsyncram_rng1:altsyncram1|ram_block2a17~porta_address_reg0  ;
; 25.015 ; 27.142       ; 2.127          ; High Pulse Width ; u_ov7670_lcm_wall_core|u0|altpll_component|pll|clk[0] ; Rise       ; ov7670_lcm_wall_core:u_ov7670_lcm_wall_core|altsyncram:frame_buf_rtl_0|altsyncram_o4d1:auto_generated|altsyncram_rng1:altsyncram1|ram_block2a17~porta_address_reg1  ;
; 25.015 ; 27.142       ; 2.127          ; High Pulse Width ; u_ov7670_lcm_wall_core|u0|altpll_component|pll|clk[0] ; Rise       ; ov7670_lcm_wall_core:u_ov7670_lcm_wall_core|altsyncram:frame_buf_rtl_0|altsyncram_o4d1:auto_generated|altsyncram_rng1:altsyncram1|ram_block2a17~porta_address_reg10 ;
; 25.015 ; 27.142       ; 2.127          ; High Pulse Width ; u_ov7670_lcm_wall_core|u0|altpll_component|pll|clk[0] ; Rise       ; ov7670_lcm_wall_core:u_ov7670_lcm_wall_core|altsyncram:frame_buf_rtl_0|altsyncram_o4d1:auto_generated|altsyncram_rng1:altsyncram1|ram_block2a17~porta_address_reg11 ;
+--------+--------------+----------------+------------------+-------------------------------------------------------+------------+---------------------------------------------------------------------------------------------------------------------------------------------------------------------+


+-----------------------------------------------------------------------+
; Setup Times                                                           ;
+-----------+------------+-------+-------+------------+-----------------+
; Data Port ; Clock Port ; Rise  ; Fall  ; Clock Edge ; Clock Reference ;
+-----------+------------+-------+-------+------------+-----------------+
; KEY[*]    ; CLOCK_50   ; 4.807 ; 4.807 ; Rise       ; CLOCK_50        ;
;  KEY[2]   ; CLOCK_50   ; 4.130 ; 4.130 ; Rise       ; CLOCK_50        ;
;  KEY[3]   ; CLOCK_50   ; 4.807 ; 4.807 ; Rise       ; CLOCK_50        ;
; SW[*]     ; CLOCK_50   ; 5.866 ; 5.866 ; Rise       ; CLOCK_50        ;
;  SW[0]    ; CLOCK_50   ; 2.667 ; 2.667 ; Rise       ; CLOCK_50        ;
;  SW[1]    ; CLOCK_50   ; 2.478 ; 2.478 ; Rise       ; CLOCK_50        ;
;  SW[2]    ; CLOCK_50   ; 1.632 ; 1.632 ; Rise       ; CLOCK_50        ;
;  SW[3]    ; CLOCK_50   ; 2.098 ; 2.098 ; Rise       ; CLOCK_50        ;
;  SW[4]    ; CLOCK_50   ; 2.347 ; 2.347 ; Rise       ; CLOCK_50        ;
;  SW[5]    ; CLOCK_50   ; 2.442 ; 2.442 ; Rise       ; CLOCK_50        ;
;  SW[6]    ; CLOCK_50   ; 2.746 ; 2.746 ; Rise       ; CLOCK_50        ;
;  SW[7]    ; CLOCK_50   ; 2.407 ; 2.407 ; Rise       ; CLOCK_50        ;
;  SW[8]    ; CLOCK_50   ; 2.174 ; 2.174 ; Rise       ; CLOCK_50        ;
;  SW[9]    ; CLOCK_50   ; 2.225 ; 2.225 ; Rise       ; CLOCK_50        ;
;  SW[10]   ; CLOCK_50   ; 2.993 ; 2.993 ; Rise       ; CLOCK_50        ;
;  SW[11]   ; CLOCK_50   ; 2.645 ; 2.645 ; Rise       ; CLOCK_50        ;
;  SW[12]   ; CLOCK_50   ; 2.852 ; 2.852 ; Rise       ; CLOCK_50        ;
;  SW[13]   ; CLOCK_50   ; 4.930 ; 4.930 ; Rise       ; CLOCK_50        ;
;  SW[14]   ; CLOCK_50   ; 5.337 ; 5.337 ; Rise       ; CLOCK_50        ;
;  SW[15]   ; CLOCK_50   ; 5.401 ; 5.401 ; Rise       ; CLOCK_50        ;
;  SW[16]   ; CLOCK_50   ; 5.011 ; 5.011 ; Rise       ; CLOCK_50        ;
;  SW[17]   ; CLOCK_50   ; 5.866 ; 5.866 ; Rise       ; CLOCK_50        ;
+-----------+------------+-------+-------+------------+-----------------+


+-------------------------------------------------------------------------+
; Hold Times                                                              ;
+-----------+------------+--------+--------+------------+-----------------+
; Data Port ; Clock Port ; Rise   ; Fall   ; Clock Edge ; Clock Reference ;
+-----------+------------+--------+--------+------------+-----------------+
; KEY[*]    ; CLOCK_50   ; -3.111 ; -3.111 ; Rise       ; CLOCK_50        ;
;  KEY[2]   ; CLOCK_50   ; -3.111 ; -3.111 ; Rise       ; CLOCK_50        ;
;  KEY[3]   ; CLOCK_50   ; -3.993 ; -3.993 ; Rise       ; CLOCK_50        ;
; SW[*]     ; CLOCK_50   ; -0.613 ; -0.613 ; Rise       ; CLOCK_50        ;
;  SW[0]    ; CLOCK_50   ; -1.847 ; -1.847 ; Rise       ; CLOCK_50        ;
;  SW[1]    ; CLOCK_50   ; -1.564 ; -1.564 ; Rise       ; CLOCK_50        ;
;  SW[2]    ; CLOCK_50   ; -0.613 ; -0.613 ; Rise       ; CLOCK_50        ;
;  SW[3]    ; CLOCK_50   ; -1.284 ; -1.284 ; Rise       ; CLOCK_50        ;
;  SW[4]    ; CLOCK_50   ; -1.663 ; -1.663 ; Rise       ; CLOCK_50        ;
;  SW[5]    ; CLOCK_50   ; -1.625 ; -1.625 ; Rise       ; CLOCK_50        ;
;  SW[6]    ; CLOCK_50   ; -1.826 ; -1.826 ; Rise       ; CLOCK_50        ;
;  SW[7]    ; CLOCK_50   ; -1.484 ; -1.484 ; Rise       ; CLOCK_50        ;
;  SW[8]    ; CLOCK_50   ; -1.499 ; -1.499 ; Rise       ; CLOCK_50        ;
;  SW[9]    ; CLOCK_50   ; -1.556 ; -1.556 ; Rise       ; CLOCK_50        ;
;  SW[10]   ; CLOCK_50   ; -2.292 ; -2.292 ; Rise       ; CLOCK_50        ;
;  SW[11]   ; CLOCK_50   ; -1.915 ; -1.915 ; Rise       ; CLOCK_50        ;
;  SW[12]   ; CLOCK_50   ; -1.864 ; -1.864 ; Rise       ; CLOCK_50        ;
;  SW[13]   ; CLOCK_50   ; -3.972 ; -3.972 ; Rise       ; CLOCK_50        ;
;  SW[14]   ; CLOCK_50   ; -4.735 ; -4.735 ; Rise       ; CLOCK_50        ;
;  SW[15]   ; CLOCK_50   ; -4.376 ; -4.376 ; Rise       ; CLOCK_50        ;
;  SW[16]   ; CLOCK_50   ; -4.174 ; -4.174 ; Rise       ; CLOCK_50        ;
;  SW[17]   ; CLOCK_50   ; -3.335 ; -3.335 ; Rise       ; CLOCK_50        ;
+-----------+------------+--------+--------+------------+-----------------+


+---------------------------------------------------------------------------------------------------------------+
; Clock to Output Times                                                                                         ;
+-------------+------------+-------+-------+------------+-------------------------------------------------------+
; Data Port   ; Clock Port ; Rise  ; Fall  ; Clock Edge ; Clock Reference                                       ;
+-------------+------------+-------+-------+------------+-------------------------------------------------------+
; GPIO_0[*]   ; CLOCK_50   ; 4.301 ; 4.301 ; Rise       ; CLOCK_50                                              ;
;  GPIO_0[28] ; CLOCK_50   ; 4.301 ; 4.301 ; Rise       ; CLOCK_50                                              ;
; GPIO_1[*]   ; CLOCK_50   ; 4.979 ; 4.979 ; Rise       ; CLOCK_50                                              ;
;  GPIO_1[1]  ; CLOCK_50   ; 4.979 ; 4.979 ; Rise       ; CLOCK_50                                              ;
;  GPIO_1[4]  ; CLOCK_50   ; 3.480 ; 3.480 ; Rise       ; CLOCK_50                                              ;
; HEX0[*]     ; CLOCK_50   ; 5.259 ; 5.259 ; Rise       ; CLOCK_50                                              ;
;  HEX0[0]    ; CLOCK_50   ; 5.048 ; 5.048 ; Rise       ; CLOCK_50                                              ;
;  HEX0[1]    ; CLOCK_50   ; 5.096 ; 5.096 ; Rise       ; CLOCK_50                                              ;
;  HEX0[2]    ; CLOCK_50   ; 5.259 ; 5.259 ; Rise       ; CLOCK_50                                              ;
;  HEX0[3]    ; CLOCK_50   ; 5.150 ; 5.150 ; Rise       ; CLOCK_50                                              ;
;  HEX0[4]    ; CLOCK_50   ; 5.126 ; 5.126 ; Rise       ; CLOCK_50                                              ;
;  HEX0[5]    ; CLOCK_50   ; 5.096 ; 5.096 ; Rise       ; CLOCK_50                                              ;
;  HEX0[6]    ; CLOCK_50   ; 5.110 ; 5.110 ; Rise       ; CLOCK_50                                              ;
; HEX1[*]     ; CLOCK_50   ; 4.697 ; 4.697 ; Rise       ; CLOCK_50                                              ;
;  HEX1[0]    ; CLOCK_50   ; 4.697 ; 4.697 ; Rise       ; CLOCK_50                                              ;
;  HEX1[1]    ; CLOCK_50   ; 4.688 ; 4.688 ; Rise       ; CLOCK_50                                              ;
;  HEX1[2]    ; CLOCK_50   ; 4.576 ; 4.576 ; Rise       ; CLOCK_50                                              ;
;  HEX1[3]    ; CLOCK_50   ; 4.554 ; 4.554 ; Rise       ; CLOCK_50                                              ;
;  HEX1[4]    ; CLOCK_50   ; 4.585 ; 4.585 ; Rise       ; CLOCK_50                                              ;
;  HEX1[5]    ; CLOCK_50   ; 4.558 ; 4.558 ; Rise       ; CLOCK_50                                              ;
;  HEX1[6]    ; CLOCK_50   ; 4.567 ; 4.567 ; Rise       ; CLOCK_50                                              ;
; HEX2[*]     ; CLOCK_50   ; 4.124 ; 4.124 ; Rise       ; CLOCK_50                                              ;
;  HEX2[0]    ; CLOCK_50   ; 4.011 ; 4.011 ; Rise       ; CLOCK_50                                              ;
;  HEX2[1]    ; CLOCK_50   ; 3.955 ; 3.955 ; Rise       ; CLOCK_50                                              ;
;  HEX2[2]    ; CLOCK_50   ; 4.028 ; 4.028 ; Rise       ; CLOCK_50                                              ;
;  HEX2[3]    ; CLOCK_50   ; 4.004 ; 4.004 ; Rise       ; CLOCK_50                                              ;
;  HEX2[4]    ; CLOCK_50   ; 3.970 ; 3.970 ; Rise       ; CLOCK_50                                              ;
;  HEX2[5]    ; CLOCK_50   ; 4.104 ; 4.104 ; Rise       ; CLOCK_50                                              ;
;  HEX2[6]    ; CLOCK_50   ; 4.124 ; 4.124 ; Rise       ; CLOCK_50                                              ;
; HEX3[*]     ; CLOCK_50   ; 4.268 ; 4.268 ; Rise       ; CLOCK_50                                              ;
;  HEX3[0]    ; CLOCK_50   ; 4.268 ; 4.268 ; Rise       ; CLOCK_50                                              ;
;  HEX3[1]    ; CLOCK_50   ; 4.250 ; 4.250 ; Rise       ; CLOCK_50                                              ;
;  HEX3[2]    ; CLOCK_50   ; 4.251 ; 4.251 ; Rise       ; CLOCK_50                                              ;
;  HEX3[3]    ; CLOCK_50   ; 4.252 ; 4.252 ; Rise       ; CLOCK_50                                              ;
;  HEX3[4]    ; CLOCK_50   ; 4.254 ; 4.254 ; Rise       ; CLOCK_50                                              ;
;  HEX3[5]    ; CLOCK_50   ; 4.102 ; 4.102 ; Rise       ; CLOCK_50                                              ;
;  HEX3[6]    ; CLOCK_50   ; 4.106 ; 4.106 ; Rise       ; CLOCK_50                                              ;
; HEX4[*]     ; CLOCK_50   ; 5.945 ; 5.945 ; Rise       ; CLOCK_50                                              ;
;  HEX4[0]    ; CLOCK_50   ; 4.994 ; 4.994 ; Rise       ; CLOCK_50                                              ;
;  HEX4[1]    ; CLOCK_50   ; 5.945 ; 5.945 ; Rise       ; CLOCK_50                                              ;
;  HEX4[2]    ; CLOCK_50   ; 5.391 ; 5.391 ; Rise       ; CLOCK_50                                              ;
;  HEX4[3]    ; CLOCK_50   ; 5.379 ; 5.379 ; Rise       ; CLOCK_50                                              ;
;  HEX4[4]    ; CLOCK_50   ; 5.303 ; 5.303 ; Rise       ; CLOCK_50                                              ;
;  HEX4[5]    ; CLOCK_50   ; 4.967 ; 4.967 ; Rise       ; CLOCK_50                                              ;
;  HEX4[6]    ; CLOCK_50   ; 5.246 ; 5.246 ; Rise       ; CLOCK_50                                              ;
; HEX5[*]     ; CLOCK_50   ; 6.316 ; 6.316 ; Rise       ; CLOCK_50                                              ;
;  HEX5[0]    ; CLOCK_50   ; 5.391 ; 5.391 ; Rise       ; CLOCK_50                                              ;
;  HEX5[1]    ; CLOCK_50   ; 5.604 ; 5.604 ; Rise       ; CLOCK_50                                              ;
;  HEX5[2]    ; CLOCK_50   ; 6.316 ; 6.316 ; Rise       ; CLOCK_50                                              ;
;  HEX5[3]    ; CLOCK_50   ; 5.584 ; 5.584 ; Rise       ; CLOCK_50                                              ;
;  HEX5[4]    ; CLOCK_50   ; 5.247 ; 5.247 ; Rise       ; CLOCK_50                                              ;
;  HEX5[5]    ; CLOCK_50   ; 5.714 ; 5.714 ; Rise       ; CLOCK_50                                              ;
;  HEX5[6]    ; CLOCK_50   ; 5.939 ; 5.939 ; Rise       ; CLOCK_50                                              ;
; HEX6[*]     ; CLOCK_50   ; 5.762 ; 5.762 ; Rise       ; CLOCK_50                                              ;
;  HEX6[0]    ; CLOCK_50   ; 5.060 ; 5.060 ; Rise       ; CLOCK_50                                              ;
;  HEX6[1]    ; CLOCK_50   ; 4.935 ; 4.935 ; Rise       ; CLOCK_50                                              ;
;  HEX6[2]    ; CLOCK_50   ; 5.667 ; 5.667 ; Rise       ; CLOCK_50                                              ;
;  HEX6[3]    ; CLOCK_50   ; 5.324 ; 5.324 ; Rise       ; CLOCK_50                                              ;
;  HEX6[4]    ; CLOCK_50   ; 5.524 ; 5.524 ; Rise       ; CLOCK_50                                              ;
;  HEX6[5]    ; CLOCK_50   ; 5.762 ; 5.762 ; Rise       ; CLOCK_50                                              ;
;  HEX6[6]    ; CLOCK_50   ; 5.475 ; 5.475 ; Rise       ; CLOCK_50                                              ;
; HEX7[*]     ; CLOCK_50   ; 6.132 ; 6.132 ; Rise       ; CLOCK_50                                              ;
;  HEX7[0]    ; CLOCK_50   ; 5.643 ; 5.643 ; Rise       ; CLOCK_50                                              ;
;  HEX7[1]    ; CLOCK_50   ; 5.519 ; 5.519 ; Rise       ; CLOCK_50                                              ;
;  HEX7[2]    ; CLOCK_50   ; 5.042 ; 5.042 ; Rise       ; CLOCK_50                                              ;
;  HEX7[3]    ; CLOCK_50   ; 5.931 ; 5.931 ; Rise       ; CLOCK_50                                              ;
;  HEX7[4]    ; CLOCK_50   ; 5.917 ; 5.917 ; Rise       ; CLOCK_50                                              ;
;  HEX7[5]    ; CLOCK_50   ; 6.132 ; 6.132 ; Rise       ; CLOCK_50                                              ;
;  HEX7[6]    ; CLOCK_50   ; 5.211 ; 5.211 ; Rise       ; CLOCK_50                                              ;
; LEDG[*]     ; CLOCK_50   ; 4.948 ; 4.948 ; Rise       ; CLOCK_50                                              ;
;  LEDG[3]    ; CLOCK_50   ; 3.969 ; 3.969 ; Rise       ; CLOCK_50                                              ;
;  LEDG[4]    ; CLOCK_50   ; 4.287 ; 4.287 ; Rise       ; CLOCK_50                                              ;
;  LEDG[6]    ; CLOCK_50   ; 3.926 ; 3.926 ; Rise       ; CLOCK_50                                              ;
;  LEDG[7]    ; CLOCK_50   ; 4.948 ; 4.948 ; Rise       ; CLOCK_50                                              ;
; LEDR[*]     ; CLOCK_50   ; 4.782 ; 4.782 ; Rise       ; CLOCK_50                                              ;
;  LEDR[0]    ; CLOCK_50   ; 4.230 ; 4.230 ; Rise       ; CLOCK_50                                              ;
;  LEDR[1]    ; CLOCK_50   ; 4.120 ; 4.120 ; Rise       ; CLOCK_50                                              ;
;  LEDR[2]    ; CLOCK_50   ; 4.005 ; 4.005 ; Rise       ; CLOCK_50                                              ;
;  LEDR[3]    ; CLOCK_50   ; 4.113 ; 4.113 ; Rise       ; CLOCK_50                                              ;
;  LEDR[4]    ; CLOCK_50   ; 4.034 ; 4.034 ; Rise       ; CLOCK_50                                              ;
;  LEDR[5]    ; CLOCK_50   ; 4.246 ; 4.246 ; Rise       ; CLOCK_50                                              ;
;  LEDR[6]    ; CLOCK_50   ; 3.859 ; 3.859 ; Rise       ; CLOCK_50                                              ;
;  LEDR[7]    ; CLOCK_50   ; 4.207 ; 4.207 ; Rise       ; CLOCK_50                                              ;
;  LEDR[8]    ; CLOCK_50   ; 4.072 ; 4.072 ; Rise       ; CLOCK_50                                              ;
;  LEDR[9]    ; CLOCK_50   ; 4.071 ; 4.071 ; Rise       ; CLOCK_50                                              ;
;  LEDR[10]   ; CLOCK_50   ; 4.379 ; 4.379 ; Rise       ; CLOCK_50                                              ;
;  LEDR[11]   ; CLOCK_50   ; 4.193 ; 4.193 ; Rise       ; CLOCK_50                                              ;
;  LEDR[12]   ; CLOCK_50   ; 4.447 ; 4.447 ; Rise       ; CLOCK_50                                              ;
;  LEDR[13]   ; CLOCK_50   ; 4.193 ; 4.193 ; Rise       ; CLOCK_50                                              ;
;  LEDR[14]   ; CLOCK_50   ; 4.339 ; 4.339 ; Rise       ; CLOCK_50                                              ;
;  LEDR[15]   ; CLOCK_50   ; 4.782 ; 4.782 ; Rise       ; CLOCK_50                                              ;
;  LEDR[16]   ; CLOCK_50   ; 4.409 ; 4.409 ; Rise       ; CLOCK_50                                              ;
;  LEDR[17]   ; CLOCK_50   ; 4.272 ; 4.272 ; Rise       ; CLOCK_50                                              ;
; UART_TXD    ; CLOCK_50   ; 4.160 ; 4.160 ; Rise       ; CLOCK_50                                              ;
; GPIO_0[*]   ; CLOCK_50   ; 3.261 ; 3.261 ; Rise       ; u_ov7670_lcm_wall_core|u0|altpll_component|pll|clk[0] ;
;  GPIO_0[18] ; CLOCK_50   ; 3.254 ; 3.254 ; Rise       ; u_ov7670_lcm_wall_core|u0|altpll_component|pll|clk[0] ;
;  GPIO_0[19] ; CLOCK_50   ; 3.056 ; 3.056 ; Rise       ; u_ov7670_lcm_wall_core|u0|altpll_component|pll|clk[0] ;
;  GPIO_0[20] ; CLOCK_50   ; 3.032 ; 3.032 ; Rise       ; u_ov7670_lcm_wall_core|u0|altpll_component|pll|clk[0] ;
;  GPIO_0[21] ; CLOCK_50   ; 3.078 ; 3.078 ; Rise       ; u_ov7670_lcm_wall_core|u0|altpll_component|pll|clk[0] ;
;  GPIO_0[22] ; CLOCK_50   ; 3.125 ; 3.125 ; Rise       ; u_ov7670_lcm_wall_core|u0|altpll_component|pll|clk[0] ;
;  GPIO_0[23] ; CLOCK_50   ; 3.177 ; 3.177 ; Rise       ; u_ov7670_lcm_wall_core|u0|altpll_component|pll|clk[0] ;
;  GPIO_0[24] ; CLOCK_50   ; 3.114 ; 3.114 ; Rise       ; u_ov7670_lcm_wall_core|u0|altpll_component|pll|clk[0] ;
;  GPIO_0[25] ; CLOCK_50   ; 3.261 ; 3.261 ; Rise       ; u_ov7670_lcm_wall_core|u0|altpll_component|pll|clk[0] ;
;  GPIO_0[26] ; CLOCK_50   ; 2.659 ; 2.659 ; Rise       ; u_ov7670_lcm_wall_core|u0|altpll_component|pll|clk[0] ;
;  GPIO_0[29] ; CLOCK_50   ;       ; 1.268 ; Rise       ; u_ov7670_lcm_wall_core|u0|altpll_component|pll|clk[0] ;
;  GPIO_0[35] ; CLOCK_50   ; 2.577 ; 2.577 ; Rise       ; u_ov7670_lcm_wall_core|u0|altpll_component|pll|clk[0] ;
; GPIO_0[*]   ; CLOCK_50   ; 1.268 ;       ; Fall       ; u_ov7670_lcm_wall_core|u0|altpll_component|pll|clk[0] ;
;  GPIO_0[29] ; CLOCK_50   ; 1.268 ;       ; Fall       ; u_ov7670_lcm_wall_core|u0|altpll_component|pll|clk[0] ;
+-------------+------------+-------+-------+------------+-------------------------------------------------------+


+---------------------------------------------------------------------------------------------------------------+
; Minimum Clock to Output Times                                                                                 ;
+-------------+------------+-------+-------+------------+-------------------------------------------------------+
; Data Port   ; Clock Port ; Rise  ; Fall  ; Clock Edge ; Clock Reference                                       ;
+-------------+------------+-------+-------+------------+-------------------------------------------------------+
; GPIO_0[*]   ; CLOCK_50   ; 4.301 ; 4.301 ; Rise       ; CLOCK_50                                              ;
;  GPIO_0[28] ; CLOCK_50   ; 4.301 ; 4.301 ; Rise       ; CLOCK_50                                              ;
; GPIO_1[*]   ; CLOCK_50   ; 3.480 ; 3.480 ; Rise       ; CLOCK_50                                              ;
;  GPIO_1[1]  ; CLOCK_50   ; 4.979 ; 4.979 ; Rise       ; CLOCK_50                                              ;
;  GPIO_1[4]  ; CLOCK_50   ; 3.480 ; 3.480 ; Rise       ; CLOCK_50                                              ;
; HEX0[*]     ; CLOCK_50   ; 4.696 ; 4.696 ; Rise       ; CLOCK_50                                              ;
;  HEX0[0]    ; CLOCK_50   ; 4.696 ; 4.696 ; Rise       ; CLOCK_50                                              ;
;  HEX0[1]    ; CLOCK_50   ; 4.748 ; 4.748 ; Rise       ; CLOCK_50                                              ;
;  HEX0[2]    ; CLOCK_50   ; 4.910 ; 4.910 ; Rise       ; CLOCK_50                                              ;
;  HEX0[3]    ; CLOCK_50   ; 4.797 ; 4.797 ; Rise       ; CLOCK_50                                              ;
;  HEX0[4]    ; CLOCK_50   ; 4.773 ; 4.773 ; Rise       ; CLOCK_50                                              ;
;  HEX0[5]    ; CLOCK_50   ; 4.748 ; 4.748 ; Rise       ; CLOCK_50                                              ;
;  HEX0[6]    ; CLOCK_50   ; 4.762 ; 4.762 ; Rise       ; CLOCK_50                                              ;
; HEX1[*]     ; CLOCK_50   ; 4.080 ; 4.080 ; Rise       ; CLOCK_50                                              ;
;  HEX1[0]    ; CLOCK_50   ; 4.238 ; 4.238 ; Rise       ; CLOCK_50                                              ;
;  HEX1[1]    ; CLOCK_50   ; 4.228 ; 4.228 ; Rise       ; CLOCK_50                                              ;
;  HEX1[2]    ; CLOCK_50   ; 4.108 ; 4.108 ; Rise       ; CLOCK_50                                              ;
;  HEX1[3]    ; CLOCK_50   ; 4.086 ; 4.086 ; Rise       ; CLOCK_50                                              ;
;  HEX1[4]    ; CLOCK_50   ; 4.114 ; 4.114 ; Rise       ; CLOCK_50                                              ;
;  HEX1[5]    ; CLOCK_50   ; 4.080 ; 4.080 ; Rise       ; CLOCK_50                                              ;
;  HEX1[6]    ; CLOCK_50   ; 4.108 ; 4.108 ; Rise       ; CLOCK_50                                              ;
; HEX2[*]     ; CLOCK_50   ; 3.813 ; 3.813 ; Rise       ; CLOCK_50                                              ;
;  HEX2[0]    ; CLOCK_50   ; 3.868 ; 3.868 ; Rise       ; CLOCK_50                                              ;
;  HEX2[1]    ; CLOCK_50   ; 3.813 ; 3.813 ; Rise       ; CLOCK_50                                              ;
;  HEX2[2]    ; CLOCK_50   ; 3.884 ; 3.884 ; Rise       ; CLOCK_50                                              ;
;  HEX2[3]    ; CLOCK_50   ; 3.863 ; 3.863 ; Rise       ; CLOCK_50                                              ;
;  HEX2[4]    ; CLOCK_50   ; 3.842 ; 3.842 ; Rise       ; CLOCK_50                                              ;
;  HEX2[5]    ; CLOCK_50   ; 3.971 ; 3.971 ; Rise       ; CLOCK_50                                              ;
;  HEX2[6]    ; CLOCK_50   ; 3.985 ; 3.985 ; Rise       ; CLOCK_50                                              ;
; HEX3[*]     ; CLOCK_50   ; 3.796 ; 3.796 ; Rise       ; CLOCK_50                                              ;
;  HEX3[0]    ; CLOCK_50   ; 3.971 ; 3.971 ; Rise       ; CLOCK_50                                              ;
;  HEX3[1]    ; CLOCK_50   ; 3.954 ; 3.954 ; Rise       ; CLOCK_50                                              ;
;  HEX3[2]    ; CLOCK_50   ; 3.947 ; 3.947 ; Rise       ; CLOCK_50                                              ;
;  HEX3[3]    ; CLOCK_50   ; 3.958 ; 3.958 ; Rise       ; CLOCK_50                                              ;
;  HEX3[4]    ; CLOCK_50   ; 3.955 ; 3.955 ; Rise       ; CLOCK_50                                              ;
;  HEX3[5]    ; CLOCK_50   ; 3.796 ; 3.796 ; Rise       ; CLOCK_50                                              ;
;  HEX3[6]    ; CLOCK_50   ; 3.807 ; 3.807 ; Rise       ; CLOCK_50                                              ;
; HEX4[*]     ; CLOCK_50   ; 4.655 ; 4.655 ; Rise       ; CLOCK_50                                              ;
;  HEX4[0]    ; CLOCK_50   ; 4.699 ; 4.699 ; Rise       ; CLOCK_50                                              ;
;  HEX4[1]    ; CLOCK_50   ; 5.649 ; 5.649 ; Rise       ; CLOCK_50                                              ;
;  HEX4[2]    ; CLOCK_50   ; 5.080 ; 5.080 ; Rise       ; CLOCK_50                                              ;
;  HEX4[3]    ; CLOCK_50   ; 5.067 ; 5.067 ; Rise       ; CLOCK_50                                              ;
;  HEX4[4]    ; CLOCK_50   ; 4.991 ; 4.991 ; Rise       ; CLOCK_50                                              ;
;  HEX4[5]    ; CLOCK_50   ; 4.655 ; 4.655 ; Rise       ; CLOCK_50                                              ;
;  HEX4[6]    ; CLOCK_50   ; 4.952 ; 4.952 ; Rise       ; CLOCK_50                                              ;
; HEX5[*]     ; CLOCK_50   ; 4.932 ; 4.932 ; Rise       ; CLOCK_50                                              ;
;  HEX5[0]    ; CLOCK_50   ; 5.080 ; 5.080 ; Rise       ; CLOCK_50                                              ;
;  HEX5[1]    ; CLOCK_50   ; 5.291 ; 5.291 ; Rise       ; CLOCK_50                                              ;
;  HEX5[2]    ; CLOCK_50   ; 6.004 ; 6.004 ; Rise       ; CLOCK_50                                              ;
;  HEX5[3]    ; CLOCK_50   ; 5.273 ; 5.273 ; Rise       ; CLOCK_50                                              ;
;  HEX5[4]    ; CLOCK_50   ; 4.932 ; 4.932 ; Rise       ; CLOCK_50                                              ;
;  HEX5[5]    ; CLOCK_50   ; 5.400 ; 5.400 ; Rise       ; CLOCK_50                                              ;
;  HEX5[6]    ; CLOCK_50   ; 5.625 ; 5.625 ; Rise       ; CLOCK_50                                              ;
; HEX6[*]     ; CLOCK_50   ; 4.809 ; 4.809 ; Rise       ; CLOCK_50                                              ;
;  HEX6[0]    ; CLOCK_50   ; 4.934 ; 4.934 ; Rise       ; CLOCK_50                                              ;
;  HEX6[1]    ; CLOCK_50   ; 4.809 ; 4.809 ; Rise       ; CLOCK_50                                              ;
;  HEX6[2]    ; CLOCK_50   ; 5.535 ; 5.535 ; Rise       ; CLOCK_50                                              ;
;  HEX6[3]    ; CLOCK_50   ; 5.109 ; 5.109 ; Rise       ; CLOCK_50                                              ;
;  HEX6[4]    ; CLOCK_50   ; 5.310 ; 5.310 ; Rise       ; CLOCK_50                                              ;
;  HEX6[5]    ; CLOCK_50   ; 5.548 ; 5.548 ; Rise       ; CLOCK_50                                              ;
;  HEX6[6]    ; CLOCK_50   ; 5.265 ; 5.265 ; Rise       ; CLOCK_50                                              ;
; HEX7[*]     ; CLOCK_50   ; 4.839 ; 4.839 ; Rise       ; CLOCK_50                                              ;
;  HEX7[0]    ; CLOCK_50   ; 5.271 ; 5.271 ; Rise       ; CLOCK_50                                              ;
;  HEX7[1]    ; CLOCK_50   ; 5.154 ; 5.154 ; Rise       ; CLOCK_50                                              ;
;  HEX7[2]    ; CLOCK_50   ; 4.906 ; 4.906 ; Rise       ; CLOCK_50                                              ;
;  HEX7[3]    ; CLOCK_50   ; 5.559 ; 5.559 ; Rise       ; CLOCK_50                                              ;
;  HEX7[4]    ; CLOCK_50   ; 5.548 ; 5.548 ; Rise       ; CLOCK_50                                              ;
;  HEX7[5]    ; CLOCK_50   ; 5.761 ; 5.761 ; Rise       ; CLOCK_50                                              ;
;  HEX7[6]    ; CLOCK_50   ; 4.839 ; 4.839 ; Rise       ; CLOCK_50                                              ;
; LEDG[*]     ; CLOCK_50   ; 3.926 ; 3.926 ; Rise       ; CLOCK_50                                              ;
;  LEDG[3]    ; CLOCK_50   ; 3.969 ; 3.969 ; Rise       ; CLOCK_50                                              ;
;  LEDG[4]    ; CLOCK_50   ; 4.152 ; 4.152 ; Rise       ; CLOCK_50                                              ;
;  LEDG[6]    ; CLOCK_50   ; 3.926 ; 3.926 ; Rise       ; CLOCK_50                                              ;
;  LEDG[7]    ; CLOCK_50   ; 4.306 ; 4.306 ; Rise       ; CLOCK_50                                              ;
; LEDR[*]     ; CLOCK_50   ; 3.859 ; 3.859 ; Rise       ; CLOCK_50                                              ;
;  LEDR[0]    ; CLOCK_50   ; 4.230 ; 4.230 ; Rise       ; CLOCK_50                                              ;
;  LEDR[1]    ; CLOCK_50   ; 4.120 ; 4.120 ; Rise       ; CLOCK_50                                              ;
;  LEDR[2]    ; CLOCK_50   ; 4.005 ; 4.005 ; Rise       ; CLOCK_50                                              ;
;  LEDR[3]    ; CLOCK_50   ; 4.113 ; 4.113 ; Rise       ; CLOCK_50                                              ;
;  LEDR[4]    ; CLOCK_50   ; 4.034 ; 4.034 ; Rise       ; CLOCK_50                                              ;
;  LEDR[5]    ; CLOCK_50   ; 4.246 ; 4.246 ; Rise       ; CLOCK_50                                              ;
;  LEDR[6]    ; CLOCK_50   ; 3.859 ; 3.859 ; Rise       ; CLOCK_50                                              ;
;  LEDR[7]    ; CLOCK_50   ; 4.207 ; 4.207 ; Rise       ; CLOCK_50                                              ;
;  LEDR[8]    ; CLOCK_50   ; 4.072 ; 4.072 ; Rise       ; CLOCK_50                                              ;
;  LEDR[9]    ; CLOCK_50   ; 4.071 ; 4.071 ; Rise       ; CLOCK_50                                              ;
;  LEDR[10]   ; CLOCK_50   ; 4.379 ; 4.379 ; Rise       ; CLOCK_50                                              ;
;  LEDR[11]   ; CLOCK_50   ; 4.193 ; 4.193 ; Rise       ; CLOCK_50                                              ;
;  LEDR[12]   ; CLOCK_50   ; 4.447 ; 4.447 ; Rise       ; CLOCK_50                                              ;
;  LEDR[13]   ; CLOCK_50   ; 4.193 ; 4.193 ; Rise       ; CLOCK_50                                              ;
;  LEDR[14]   ; CLOCK_50   ; 4.339 ; 4.339 ; Rise       ; CLOCK_50                                              ;
;  LEDR[15]   ; CLOCK_50   ; 4.782 ; 4.782 ; Rise       ; CLOCK_50                                              ;
;  LEDR[16]   ; CLOCK_50   ; 4.409 ; 4.409 ; Rise       ; CLOCK_50                                              ;
;  LEDR[17]   ; CLOCK_50   ; 4.272 ; 4.272 ; Rise       ; CLOCK_50                                              ;
; UART_TXD    ; CLOCK_50   ; 4.160 ; 4.160 ; Rise       ; CLOCK_50                                              ;
; GPIO_0[*]   ; CLOCK_50   ; 2.577 ; 1.268 ; Rise       ; u_ov7670_lcm_wall_core|u0|altpll_component|pll|clk[0] ;
;  GPIO_0[18] ; CLOCK_50   ; 3.007 ; 3.007 ; Rise       ; u_ov7670_lcm_wall_core|u0|altpll_component|pll|clk[0] ;
;  GPIO_0[19] ; CLOCK_50   ; 2.924 ; 2.924 ; Rise       ; u_ov7670_lcm_wall_core|u0|altpll_component|pll|clk[0] ;
;  GPIO_0[20] ; CLOCK_50   ; 2.814 ; 2.814 ; Rise       ; u_ov7670_lcm_wall_core|u0|altpll_component|pll|clk[0] ;
;  GPIO_0[21] ; CLOCK_50   ; 2.849 ; 2.849 ; Rise       ; u_ov7670_lcm_wall_core|u0|altpll_component|pll|clk[0] ;
;  GPIO_0[22] ; CLOCK_50   ; 2.899 ; 2.899 ; Rise       ; u_ov7670_lcm_wall_core|u0|altpll_component|pll|clk[0] ;
;  GPIO_0[23] ; CLOCK_50   ; 3.149 ; 3.149 ; Rise       ; u_ov7670_lcm_wall_core|u0|altpll_component|pll|clk[0] ;
;  GPIO_0[24] ; CLOCK_50   ; 2.883 ; 2.883 ; Rise       ; u_ov7670_lcm_wall_core|u0|altpll_component|pll|clk[0] ;
;  GPIO_0[25] ; CLOCK_50   ; 3.031 ; 3.031 ; Rise       ; u_ov7670_lcm_wall_core|u0|altpll_component|pll|clk[0] ;
;  GPIO_0[26] ; CLOCK_50   ; 2.659 ; 2.659 ; Rise       ; u_ov7670_lcm_wall_core|u0|altpll_component|pll|clk[0] ;
;  GPIO_0[29] ; CLOCK_50   ;       ; 1.268 ; Rise       ; u_ov7670_lcm_wall_core|u0|altpll_component|pll|clk[0] ;
;  GPIO_0[35] ; CLOCK_50   ; 2.577 ; 2.577 ; Rise       ; u_ov7670_lcm_wall_core|u0|altpll_component|pll|clk[0] ;
; GPIO_0[*]   ; CLOCK_50   ; 1.268 ;       ; Fall       ; u_ov7670_lcm_wall_core|u0|altpll_component|pll|clk[0] ;
;  GPIO_0[29] ; CLOCK_50   ; 1.268 ;       ; Fall       ; u_ov7670_lcm_wall_core|u0|altpll_component|pll|clk[0] ;
+-------------+------------+-------+-------+------------+-------------------------------------------------------+


+----------------------------------------------------------+
; Propagation Delay                                        ;
+------------+-------------+-------+-------+-------+-------+
; Input Port ; Output Port ; RR    ; RF    ; FR    ; FF    ;
+------------+-------------+-------+-------+-------+-------+
; GPIO_1[6]  ; LEDG[1]     ; 5.533 ;       ;       ; 5.533 ;
; GPIO_1[7]  ; LEDG[0]     ; 5.852 ;       ;       ; 5.852 ;
; KEY[0]     ; GPIO_0[30]  ; 4.787 ;       ;       ; 4.787 ;
; KEY[0]     ; LEDG[5]     ; 5.846 ;       ;       ; 5.846 ;
; SW[0]      ; GPIO_0[18]  ; 4.127 ; 4.127 ; 4.127 ; 4.127 ;
; SW[0]      ; GPIO_0[19]  ; 3.980 ; 3.980 ; 3.980 ; 3.980 ;
; SW[0]      ; GPIO_0[20]  ; 3.977 ; 3.977 ; 3.977 ; 3.977 ;
; SW[0]      ; GPIO_0[21]  ; 3.958 ; 3.958 ; 3.958 ; 3.958 ;
; SW[0]      ; GPIO_0[22]  ; 4.007 ; 4.007 ; 4.007 ; 4.007 ;
; SW[0]      ; GPIO_0[23]  ; 4.112 ; 4.112 ; 4.112 ; 4.112 ;
; SW[0]      ; GPIO_0[24]  ; 3.990 ; 3.990 ; 3.990 ; 3.990 ;
; SW[0]      ; GPIO_0[25]  ; 4.196 ; 4.196 ; 4.196 ; 4.196 ;
; SW[1]      ; GPIO_0[18]  ; 3.932 ;       ;       ; 3.932 ;
; SW[1]      ; GPIO_0[19]  ; 3.780 ; 3.780 ; 3.780 ; 3.780 ;
; SW[1]      ; GPIO_0[20]  ; 3.877 ;       ;       ; 3.877 ;
; SW[1]      ; GPIO_0[21]  ; 3.764 ;       ;       ; 3.764 ;
; SW[1]      ; GPIO_0[22]  ; 3.813 ;       ;       ; 3.813 ;
; SW[1]      ; GPIO_0[23]  ; 3.918 ;       ;       ; 3.918 ;
; SW[1]      ; GPIO_0[24]  ; 3.797 ;       ;       ; 3.797 ;
; SW[1]      ; GPIO_0[25]  ; 4.096 ;       ;       ; 4.096 ;
; SW[17]     ; LEDG[4]     ; 7.238 ; 7.238 ; 7.238 ; 7.238 ;
+------------+-------------+-------+-------+-------+-------+


+----------------------------------------------------------+
; Minimum Propagation Delay                                ;
+------------+-------------+-------+-------+-------+-------+
; Input Port ; Output Port ; RR    ; RF    ; FR    ; FF    ;
+------------+-------------+-------+-------+-------+-------+
; GPIO_1[6]  ; LEDG[1]     ; 5.533 ;       ;       ; 5.533 ;
; GPIO_1[7]  ; LEDG[0]     ; 5.852 ;       ;       ; 5.852 ;
; KEY[0]     ; GPIO_0[30]  ; 4.787 ;       ;       ; 4.787 ;
; KEY[0]     ; LEDG[5]     ; 5.846 ;       ;       ; 5.846 ;
; SW[0]      ; GPIO_0[18]  ; 4.127 ; 4.127 ; 4.127 ; 4.127 ;
; SW[0]      ; GPIO_0[19]  ; 3.980 ; 3.980 ; 3.980 ; 3.980 ;
; SW[0]      ; GPIO_0[20]  ; 3.977 ; 3.977 ; 3.977 ; 3.977 ;
; SW[0]      ; GPIO_0[21]  ; 3.958 ; 3.958 ; 3.958 ; 3.958 ;
; SW[0]      ; GPIO_0[22]  ; 4.007 ; 4.007 ; 4.007 ; 4.007 ;
; SW[0]      ; GPIO_0[23]  ; 4.112 ; 4.112 ; 4.112 ; 4.112 ;
; SW[0]      ; GPIO_0[24]  ; 3.990 ; 3.990 ; 3.990 ; 3.990 ;
; SW[0]      ; GPIO_0[25]  ; 4.196 ; 4.196 ; 4.196 ; 4.196 ;
; SW[1]      ; GPIO_0[18]  ; 3.932 ;       ;       ; 3.932 ;
; SW[1]      ; GPIO_0[19]  ; 3.780 ; 3.780 ; 3.780 ; 3.780 ;
; SW[1]      ; GPIO_0[20]  ; 3.877 ;       ;       ; 3.877 ;
; SW[1]      ; GPIO_0[21]  ; 3.764 ;       ;       ; 3.764 ;
; SW[1]      ; GPIO_0[22]  ; 3.813 ;       ;       ; 3.813 ;
; SW[1]      ; GPIO_0[23]  ; 3.918 ;       ;       ; 3.918 ;
; SW[1]      ; GPIO_0[24]  ; 3.797 ;       ;       ; 3.797 ;
; SW[1]      ; GPIO_0[25]  ; 4.096 ;       ;       ; 4.096 ;
; SW[17]     ; LEDG[4]     ; 7.238 ; 7.238 ; 7.238 ; 7.238 ;
+------------+-------------+-------+-------+-------+-------+


+------------------------------------------------------------------------------------------------------------------------+
; Multicorner Timing Analysis Summary                                                                                    ;
+--------------------------------------------------------+------------+-------+----------+---------+---------------------+
; Clock                                                  ; Setup      ; Hold  ; Recovery ; Removal ; Minimum Pulse Width ;
+--------------------------------------------------------+------------+-------+----------+---------+---------------------+
; Worst-case Slack                                       ; -6.206     ; 0.215 ; N/A      ; N/A     ; 9.000               ;
;  CLOCK_50                                              ; -6.206     ; 0.215 ; N/A      ; N/A     ; 9.000               ;
;  u_ov7670_lcm_wall_core|u0|altpll_component|pll|clk[0] ; 30.157     ; 0.215 ; N/A      ; N/A     ; 25.015              ;
; Design-wide TNS                                        ; -24701.327 ; 0.0   ; 0.0      ; 0.0     ; 0.0                 ;
;  CLOCK_50                                              ; -24701.327 ; 0.000 ; N/A      ; N/A     ; 0.000               ;
;  u_ov7670_lcm_wall_core|u0|altpll_component|pll|clk[0] ; 0.000      ; 0.000 ; N/A      ; N/A     ; 0.000               ;
+--------------------------------------------------------+------------+-------+----------+---------+---------------------+


+-------------------------------------------------------------------------+
; Setup Times                                                             ;
+-----------+------------+--------+--------+------------+-----------------+
; Data Port ; Clock Port ; Rise   ; Fall   ; Clock Edge ; Clock Reference ;
+-----------+------------+--------+--------+------------+-----------------+
; KEY[*]    ; CLOCK_50   ; 9.820  ; 9.820  ; Rise       ; CLOCK_50        ;
;  KEY[2]   ; CLOCK_50   ; 8.380  ; 8.380  ; Rise       ; CLOCK_50        ;
;  KEY[3]   ; CLOCK_50   ; 9.820  ; 9.820  ; Rise       ; CLOCK_50        ;
; SW[*]     ; CLOCK_50   ; 11.697 ; 11.697 ; Rise       ; CLOCK_50        ;
;  SW[0]    ; CLOCK_50   ; 6.474  ; 6.474  ; Rise       ; CLOCK_50        ;
;  SW[1]    ; CLOCK_50   ; 5.967  ; 5.967  ; Rise       ; CLOCK_50        ;
;  SW[2]    ; CLOCK_50   ; 4.046  ; 4.046  ; Rise       ; CLOCK_50        ;
;  SW[3]    ; CLOCK_50   ; 5.015  ; 5.015  ; Rise       ; CLOCK_50        ;
;  SW[4]    ; CLOCK_50   ; 5.721  ; 5.721  ; Rise       ; CLOCK_50        ;
;  SW[5]    ; CLOCK_50   ; 5.978  ; 5.978  ; Rise       ; CLOCK_50        ;
;  SW[6]    ; CLOCK_50   ; 6.429  ; 6.429  ; Rise       ; CLOCK_50        ;
;  SW[7]    ; CLOCK_50   ; 5.741  ; 5.741  ; Rise       ; CLOCK_50        ;
;  SW[8]    ; CLOCK_50   ; 5.291  ; 5.291  ; Rise       ; CLOCK_50        ;
;  SW[9]    ; CLOCK_50   ; 5.353  ; 5.353  ; Rise       ; CLOCK_50        ;
;  SW[10]   ; CLOCK_50   ; 7.207  ; 7.207  ; Rise       ; CLOCK_50        ;
;  SW[11]   ; CLOCK_50   ; 6.355  ; 6.355  ; Rise       ; CLOCK_50        ;
;  SW[12]   ; CLOCK_50   ; 6.714  ; 6.714  ; Rise       ; CLOCK_50        ;
;  SW[13]   ; CLOCK_50   ; 9.984  ; 9.984  ; Rise       ; CLOCK_50        ;
;  SW[14]   ; CLOCK_50   ; 10.782 ; 10.782 ; Rise       ; CLOCK_50        ;
;  SW[15]   ; CLOCK_50   ; 10.900 ; 10.900 ; Rise       ; CLOCK_50        ;
;  SW[16]   ; CLOCK_50   ; 9.939  ; 9.939  ; Rise       ; CLOCK_50        ;
;  SW[17]   ; CLOCK_50   ; 11.697 ; 11.697 ; Rise       ; CLOCK_50        ;
+-----------+------------+--------+--------+------------+-----------------+


+-------------------------------------------------------------------------+
; Hold Times                                                              ;
+-----------+------------+--------+--------+------------+-----------------+
; Data Port ; Clock Port ; Rise   ; Fall   ; Clock Edge ; Clock Reference ;
+-----------+------------+--------+--------+------------+-----------------+
; KEY[*]    ; CLOCK_50   ; -3.111 ; -3.111 ; Rise       ; CLOCK_50        ;
;  KEY[2]   ; CLOCK_50   ; -3.111 ; -3.111 ; Rise       ; CLOCK_50        ;
;  KEY[3]   ; CLOCK_50   ; -3.993 ; -3.993 ; Rise       ; CLOCK_50        ;
; SW[*]     ; CLOCK_50   ; -0.613 ; -0.613 ; Rise       ; CLOCK_50        ;
;  SW[0]    ; CLOCK_50   ; -1.847 ; -1.847 ; Rise       ; CLOCK_50        ;
;  SW[1]    ; CLOCK_50   ; -1.564 ; -1.564 ; Rise       ; CLOCK_50        ;
;  SW[2]    ; CLOCK_50   ; -0.613 ; -0.613 ; Rise       ; CLOCK_50        ;
;  SW[3]    ; CLOCK_50   ; -1.284 ; -1.284 ; Rise       ; CLOCK_50        ;
;  SW[4]    ; CLOCK_50   ; -1.663 ; -1.663 ; Rise       ; CLOCK_50        ;
;  SW[5]    ; CLOCK_50   ; -1.625 ; -1.625 ; Rise       ; CLOCK_50        ;
;  SW[6]    ; CLOCK_50   ; -1.826 ; -1.826 ; Rise       ; CLOCK_50        ;
;  SW[7]    ; CLOCK_50   ; -1.484 ; -1.484 ; Rise       ; CLOCK_50        ;
;  SW[8]    ; CLOCK_50   ; -1.499 ; -1.499 ; Rise       ; CLOCK_50        ;
;  SW[9]    ; CLOCK_50   ; -1.556 ; -1.556 ; Rise       ; CLOCK_50        ;
;  SW[10]   ; CLOCK_50   ; -2.292 ; -2.292 ; Rise       ; CLOCK_50        ;
;  SW[11]   ; CLOCK_50   ; -1.915 ; -1.915 ; Rise       ; CLOCK_50        ;
;  SW[12]   ; CLOCK_50   ; -1.864 ; -1.864 ; Rise       ; CLOCK_50        ;
;  SW[13]   ; CLOCK_50   ; -3.972 ; -3.972 ; Rise       ; CLOCK_50        ;
;  SW[14]   ; CLOCK_50   ; -4.735 ; -4.735 ; Rise       ; CLOCK_50        ;
;  SW[15]   ; CLOCK_50   ; -4.376 ; -4.376 ; Rise       ; CLOCK_50        ;
;  SW[16]   ; CLOCK_50   ; -4.174 ; -4.174 ; Rise       ; CLOCK_50        ;
;  SW[17]   ; CLOCK_50   ; -3.335 ; -3.335 ; Rise       ; CLOCK_50        ;
+-----------+------------+--------+--------+------------+-----------------+


+-----------------------------------------------------------------------------------------------------------------+
; Clock to Output Times                                                                                           ;
+-------------+------------+--------+--------+------------+-------------------------------------------------------+
; Data Port   ; Clock Port ; Rise   ; Fall   ; Clock Edge ; Clock Reference                                       ;
+-------------+------------+--------+--------+------------+-------------------------------------------------------+
; GPIO_0[*]   ; CLOCK_50   ; 8.199  ; 8.199  ; Rise       ; CLOCK_50                                              ;
;  GPIO_0[28] ; CLOCK_50   ; 8.199  ; 8.199  ; Rise       ; CLOCK_50                                              ;
; GPIO_1[*]   ; CLOCK_50   ; 9.068  ; 9.068  ; Rise       ; CLOCK_50                                              ;
;  GPIO_1[1]  ; CLOCK_50   ; 9.068  ; 9.068  ; Rise       ; CLOCK_50                                              ;
;  GPIO_1[4]  ; CLOCK_50   ; 6.086  ; 6.086  ; Rise       ; CLOCK_50                                              ;
; HEX0[*]     ; CLOCK_50   ; 9.793  ; 9.793  ; Rise       ; CLOCK_50                                              ;
;  HEX0[0]    ; CLOCK_50   ; 9.298  ; 9.298  ; Rise       ; CLOCK_50                                              ;
;  HEX0[1]    ; CLOCK_50   ; 9.456  ; 9.456  ; Rise       ; CLOCK_50                                              ;
;  HEX0[2]    ; CLOCK_50   ; 9.793  ; 9.793  ; Rise       ; CLOCK_50                                              ;
;  HEX0[3]    ; CLOCK_50   ; 9.509  ; 9.509  ; Rise       ; CLOCK_50                                              ;
;  HEX0[4]    ; CLOCK_50   ; 9.482  ; 9.482  ; Rise       ; CLOCK_50                                              ;
;  HEX0[5]    ; CLOCK_50   ; 9.457  ; 9.457  ; Rise       ; CLOCK_50                                              ;
;  HEX0[6]    ; CLOCK_50   ; 9.470  ; 9.470  ; Rise       ; CLOCK_50                                              ;
; HEX1[*]     ; CLOCK_50   ; 8.682  ; 8.682  ; Rise       ; CLOCK_50                                              ;
;  HEX1[0]    ; CLOCK_50   ; 8.651  ; 8.651  ; Rise       ; CLOCK_50                                              ;
;  HEX1[1]    ; CLOCK_50   ; 8.682  ; 8.682  ; Rise       ; CLOCK_50                                              ;
;  HEX1[2]    ; CLOCK_50   ; 8.513  ; 8.513  ; Rise       ; CLOCK_50                                              ;
;  HEX1[3]    ; CLOCK_50   ; 8.508  ; 8.508  ; Rise       ; CLOCK_50                                              ;
;  HEX1[4]    ; CLOCK_50   ; 8.557  ; 8.557  ; Rise       ; CLOCK_50                                              ;
;  HEX1[5]    ; CLOCK_50   ; 8.438  ; 8.438  ; Rise       ; CLOCK_50                                              ;
;  HEX1[6]    ; CLOCK_50   ; 8.528  ; 8.528  ; Rise       ; CLOCK_50                                              ;
; HEX2[*]     ; CLOCK_50   ; 7.544  ; 7.544  ; Rise       ; CLOCK_50                                              ;
;  HEX2[0]    ; CLOCK_50   ; 7.262  ; 7.262  ; Rise       ; CLOCK_50                                              ;
;  HEX2[1]    ; CLOCK_50   ; 7.199  ; 7.199  ; Rise       ; CLOCK_50                                              ;
;  HEX2[2]    ; CLOCK_50   ; 7.291  ; 7.291  ; Rise       ; CLOCK_50                                              ;
;  HEX2[3]    ; CLOCK_50   ; 7.253  ; 7.253  ; Rise       ; CLOCK_50                                              ;
;  HEX2[4]    ; CLOCK_50   ; 7.223  ; 7.223  ; Rise       ; CLOCK_50                                              ;
;  HEX2[5]    ; CLOCK_50   ; 7.512  ; 7.512  ; Rise       ; CLOCK_50                                              ;
;  HEX2[6]    ; CLOCK_50   ; 7.544  ; 7.544  ; Rise       ; CLOCK_50                                              ;
; HEX3[*]     ; CLOCK_50   ; 7.853  ; 7.853  ; Rise       ; CLOCK_50                                              ;
;  HEX3[0]    ; CLOCK_50   ; 7.853  ; 7.853  ; Rise       ; CLOCK_50                                              ;
;  HEX3[1]    ; CLOCK_50   ; 7.823  ; 7.823  ; Rise       ; CLOCK_50                                              ;
;  HEX3[2]    ; CLOCK_50   ; 7.825  ; 7.825  ; Rise       ; CLOCK_50                                              ;
;  HEX3[3]    ; CLOCK_50   ; 7.832  ; 7.832  ; Rise       ; CLOCK_50                                              ;
;  HEX3[4]    ; CLOCK_50   ; 7.829  ; 7.829  ; Rise       ; CLOCK_50                                              ;
;  HEX3[5]    ; CLOCK_50   ; 7.524  ; 7.524  ; Rise       ; CLOCK_50                                              ;
;  HEX3[6]    ; CLOCK_50   ; 7.524  ; 7.524  ; Rise       ; CLOCK_50                                              ;
; HEX4[*]     ; CLOCK_50   ; 11.165 ; 11.165 ; Rise       ; CLOCK_50                                              ;
;  HEX4[0]    ; CLOCK_50   ; 9.237  ; 9.237  ; Rise       ; CLOCK_50                                              ;
;  HEX4[1]    ; CLOCK_50   ; 11.165 ; 11.165 ; Rise       ; CLOCK_50                                              ;
;  HEX4[2]    ; CLOCK_50   ; 10.187 ; 10.187 ; Rise       ; CLOCK_50                                              ;
;  HEX4[3]    ; CLOCK_50   ; 10.180 ; 10.180 ; Rise       ; CLOCK_50                                              ;
;  HEX4[4]    ; CLOCK_50   ; 9.865  ; 9.865  ; Rise       ; CLOCK_50                                              ;
;  HEX4[5]    ; CLOCK_50   ; 9.131  ; 9.131  ; Rise       ; CLOCK_50                                              ;
;  HEX4[6]    ; CLOCK_50   ; 9.781  ; 9.781  ; Rise       ; CLOCK_50                                              ;
; HEX5[*]     ; CLOCK_50   ; 12.149 ; 12.149 ; Rise       ; CLOCK_50                                              ;
;  HEX5[0]    ; CLOCK_50   ; 10.118 ; 10.118 ; Rise       ; CLOCK_50                                              ;
;  HEX5[1]    ; CLOCK_50   ; 10.617 ; 10.617 ; Rise       ; CLOCK_50                                              ;
;  HEX5[2]    ; CLOCK_50   ; 12.149 ; 12.149 ; Rise       ; CLOCK_50                                              ;
;  HEX5[3]    ; CLOCK_50   ; 10.525 ; 10.525 ; Rise       ; CLOCK_50                                              ;
;  HEX5[4]    ; CLOCK_50   ; 9.753  ; 9.753  ; Rise       ; CLOCK_50                                              ;
;  HEX5[5]    ; CLOCK_50   ; 10.856 ; 10.856 ; Rise       ; CLOCK_50                                              ;
;  HEX5[6]    ; CLOCK_50   ; 11.371 ; 11.371 ; Rise       ; CLOCK_50                                              ;
; HEX6[*]     ; CLOCK_50   ; 10.849 ; 10.849 ; Rise       ; CLOCK_50                                              ;
;  HEX6[0]    ; CLOCK_50   ; 9.420  ; 9.420  ; Rise       ; CLOCK_50                                              ;
;  HEX6[1]    ; CLOCK_50   ; 9.164  ; 9.164  ; Rise       ; CLOCK_50                                              ;
;  HEX6[2]    ; CLOCK_50   ; 10.624 ; 10.624 ; Rise       ; CLOCK_50                                              ;
;  HEX6[3]    ; CLOCK_50   ; 9.907  ; 9.907  ; Rise       ; CLOCK_50                                              ;
;  HEX6[4]    ; CLOCK_50   ; 10.456 ; 10.456 ; Rise       ; CLOCK_50                                              ;
;  HEX6[5]    ; CLOCK_50   ; 10.849 ; 10.849 ; Rise       ; CLOCK_50                                              ;
;  HEX6[6]    ; CLOCK_50   ; 10.255 ; 10.255 ; Rise       ; CLOCK_50                                              ;
; HEX7[*]     ; CLOCK_50   ; 11.527 ; 11.527 ; Rise       ; CLOCK_50                                              ;
;  HEX7[0]    ; CLOCK_50   ; 10.742 ; 10.742 ; Rise       ; CLOCK_50                                              ;
;  HEX7[1]    ; CLOCK_50   ; 10.460 ; 10.460 ; Rise       ; CLOCK_50                                              ;
;  HEX7[2]    ; CLOCK_50   ; 9.445  ; 9.445  ; Rise       ; CLOCK_50                                              ;
;  HEX7[3]    ; CLOCK_50   ; 11.278 ; 11.278 ; Rise       ; CLOCK_50                                              ;
;  HEX7[4]    ; CLOCK_50   ; 11.210 ; 11.210 ; Rise       ; CLOCK_50                                              ;
;  HEX7[5]    ; CLOCK_50   ; 11.527 ; 11.527 ; Rise       ; CLOCK_50                                              ;
;  HEX7[6]    ; CLOCK_50   ; 9.753  ; 9.753  ; Rise       ; CLOCK_50                                              ;
; LEDG[*]     ; CLOCK_50   ; 9.304  ; 9.304  ; Rise       ; CLOCK_50                                              ;
;  LEDG[3]    ; CLOCK_50   ; 7.037  ; 7.037  ; Rise       ; CLOCK_50                                              ;
;  LEDG[4]    ; CLOCK_50   ; 7.768  ; 7.768  ; Rise       ; CLOCK_50                                              ;
;  LEDG[6]    ; CLOCK_50   ; 6.930  ; 6.930  ; Rise       ; CLOCK_50                                              ;
;  LEDG[7]    ; CLOCK_50   ; 9.304  ; 9.304  ; Rise       ; CLOCK_50                                              ;
; LEDR[*]     ; CLOCK_50   ; 8.699  ; 8.699  ; Rise       ; CLOCK_50                                              ;
;  LEDR[0]    ; CLOCK_50   ; 7.540  ; 7.540  ; Rise       ; CLOCK_50                                              ;
;  LEDR[1]    ; CLOCK_50   ; 7.344  ; 7.344  ; Rise       ; CLOCK_50                                              ;
;  LEDR[2]    ; CLOCK_50   ; 7.141  ; 7.141  ; Rise       ; CLOCK_50                                              ;
;  LEDR[3]    ; CLOCK_50   ; 7.319  ; 7.319  ; Rise       ; CLOCK_50                                              ;
;  LEDR[4]    ; CLOCK_50   ; 7.098  ; 7.098  ; Rise       ; CLOCK_50                                              ;
;  LEDR[5]    ; CLOCK_50   ; 7.591  ; 7.591  ; Rise       ; CLOCK_50                                              ;
;  LEDR[6]    ; CLOCK_50   ; 6.779  ; 6.779  ; Rise       ; CLOCK_50                                              ;
;  LEDR[7]    ; CLOCK_50   ; 7.525  ; 7.525  ; Rise       ; CLOCK_50                                              ;
;  LEDR[8]    ; CLOCK_50   ; 7.224  ; 7.224  ; Rise       ; CLOCK_50                                              ;
;  LEDR[9]    ; CLOCK_50   ; 7.185  ; 7.185  ; Rise       ; CLOCK_50                                              ;
;  LEDR[10]   ; CLOCK_50   ; 7.864  ; 7.864  ; Rise       ; CLOCK_50                                              ;
;  LEDR[11]   ; CLOCK_50   ; 7.448  ; 7.448  ; Rise       ; CLOCK_50                                              ;
;  LEDR[12]   ; CLOCK_50   ; 7.983  ; 7.983  ; Rise       ; CLOCK_50                                              ;
;  LEDR[13]   ; CLOCK_50   ; 7.453  ; 7.453  ; Rise       ; CLOCK_50                                              ;
;  LEDR[14]   ; CLOCK_50   ; 7.766  ; 7.766  ; Rise       ; CLOCK_50                                              ;
;  LEDR[15]   ; CLOCK_50   ; 8.699  ; 8.699  ; Rise       ; CLOCK_50                                              ;
;  LEDR[16]   ; CLOCK_50   ; 7.855  ; 7.855  ; Rise       ; CLOCK_50                                              ;
;  LEDR[17]   ; CLOCK_50   ; 7.637  ; 7.637  ; Rise       ; CLOCK_50                                              ;
; UART_TXD    ; CLOCK_50   ; 7.490  ; 7.490  ; Rise       ; CLOCK_50                                              ;
; GPIO_0[*]   ; CLOCK_50   ; 6.718  ; 6.718  ; Rise       ; u_ov7670_lcm_wall_core|u0|altpll_component|pll|clk[0] ;
;  GPIO_0[18] ; CLOCK_50   ; 6.718  ; 6.718  ; Rise       ; u_ov7670_lcm_wall_core|u0|altpll_component|pll|clk[0] ;
;  GPIO_0[19] ; CLOCK_50   ; 6.216  ; 6.216  ; Rise       ; u_ov7670_lcm_wall_core|u0|altpll_component|pll|clk[0] ;
;  GPIO_0[20] ; CLOCK_50   ; 6.157  ; 6.157  ; Rise       ; u_ov7670_lcm_wall_core|u0|altpll_component|pll|clk[0] ;
;  GPIO_0[21] ; CLOCK_50   ; 6.265  ; 6.265  ; Rise       ; u_ov7670_lcm_wall_core|u0|altpll_component|pll|clk[0] ;
;  GPIO_0[22] ; CLOCK_50   ; 6.314  ; 6.314  ; Rise       ; u_ov7670_lcm_wall_core|u0|altpll_component|pll|clk[0] ;
;  GPIO_0[23] ; CLOCK_50   ; 6.571  ; 6.571  ; Rise       ; u_ov7670_lcm_wall_core|u0|altpll_component|pll|clk[0] ;
;  GPIO_0[24] ; CLOCK_50   ; 6.356  ; 6.356  ; Rise       ; u_ov7670_lcm_wall_core|u0|altpll_component|pll|clk[0] ;
;  GPIO_0[25] ; CLOCK_50   ; 6.623  ; 6.623  ; Rise       ; u_ov7670_lcm_wall_core|u0|altpll_component|pll|clk[0] ;
;  GPIO_0[26] ; CLOCK_50   ; 5.215  ; 5.215  ; Rise       ; u_ov7670_lcm_wall_core|u0|altpll_component|pll|clk[0] ;
;  GPIO_0[29] ; CLOCK_50   ;        ; 2.689  ; Rise       ; u_ov7670_lcm_wall_core|u0|altpll_component|pll|clk[0] ;
;  GPIO_0[35] ; CLOCK_50   ; 5.141  ; 5.141  ; Rise       ; u_ov7670_lcm_wall_core|u0|altpll_component|pll|clk[0] ;
; GPIO_0[*]   ; CLOCK_50   ; 2.689  ;        ; Fall       ; u_ov7670_lcm_wall_core|u0|altpll_component|pll|clk[0] ;
;  GPIO_0[29] ; CLOCK_50   ; 2.689  ;        ; Fall       ; u_ov7670_lcm_wall_core|u0|altpll_component|pll|clk[0] ;
+-------------+------------+--------+--------+------------+-------------------------------------------------------+


+---------------------------------------------------------------------------------------------------------------+
; Minimum Clock to Output Times                                                                                 ;
+-------------+------------+-------+-------+------------+-------------------------------------------------------+
; Data Port   ; Clock Port ; Rise  ; Fall  ; Clock Edge ; Clock Reference                                       ;
+-------------+------------+-------+-------+------------+-------------------------------------------------------+
; GPIO_0[*]   ; CLOCK_50   ; 4.301 ; 4.301 ; Rise       ; CLOCK_50                                              ;
;  GPIO_0[28] ; CLOCK_50   ; 4.301 ; 4.301 ; Rise       ; CLOCK_50                                              ;
; GPIO_1[*]   ; CLOCK_50   ; 3.480 ; 3.480 ; Rise       ; CLOCK_50                                              ;
;  GPIO_1[1]  ; CLOCK_50   ; 4.979 ; 4.979 ; Rise       ; CLOCK_50                                              ;
;  GPIO_1[4]  ; CLOCK_50   ; 3.480 ; 3.480 ; Rise       ; CLOCK_50                                              ;
; HEX0[*]     ; CLOCK_50   ; 4.696 ; 4.696 ; Rise       ; CLOCK_50                                              ;
;  HEX0[0]    ; CLOCK_50   ; 4.696 ; 4.696 ; Rise       ; CLOCK_50                                              ;
;  HEX0[1]    ; CLOCK_50   ; 4.748 ; 4.748 ; Rise       ; CLOCK_50                                              ;
;  HEX0[2]    ; CLOCK_50   ; 4.910 ; 4.910 ; Rise       ; CLOCK_50                                              ;
;  HEX0[3]    ; CLOCK_50   ; 4.797 ; 4.797 ; Rise       ; CLOCK_50                                              ;
;  HEX0[4]    ; CLOCK_50   ; 4.773 ; 4.773 ; Rise       ; CLOCK_50                                              ;
;  HEX0[5]    ; CLOCK_50   ; 4.748 ; 4.748 ; Rise       ; CLOCK_50                                              ;
;  HEX0[6]    ; CLOCK_50   ; 4.762 ; 4.762 ; Rise       ; CLOCK_50                                              ;
; HEX1[*]     ; CLOCK_50   ; 4.080 ; 4.080 ; Rise       ; CLOCK_50                                              ;
;  HEX1[0]    ; CLOCK_50   ; 4.238 ; 4.238 ; Rise       ; CLOCK_50                                              ;
;  HEX1[1]    ; CLOCK_50   ; 4.228 ; 4.228 ; Rise       ; CLOCK_50                                              ;
;  HEX1[2]    ; CLOCK_50   ; 4.108 ; 4.108 ; Rise       ; CLOCK_50                                              ;
;  HEX1[3]    ; CLOCK_50   ; 4.086 ; 4.086 ; Rise       ; CLOCK_50                                              ;
;  HEX1[4]    ; CLOCK_50   ; 4.114 ; 4.114 ; Rise       ; CLOCK_50                                              ;
;  HEX1[5]    ; CLOCK_50   ; 4.080 ; 4.080 ; Rise       ; CLOCK_50                                              ;
;  HEX1[6]    ; CLOCK_50   ; 4.108 ; 4.108 ; Rise       ; CLOCK_50                                              ;
; HEX2[*]     ; CLOCK_50   ; 3.813 ; 3.813 ; Rise       ; CLOCK_50                                              ;
;  HEX2[0]    ; CLOCK_50   ; 3.868 ; 3.868 ; Rise       ; CLOCK_50                                              ;
;  HEX2[1]    ; CLOCK_50   ; 3.813 ; 3.813 ; Rise       ; CLOCK_50                                              ;
;  HEX2[2]    ; CLOCK_50   ; 3.884 ; 3.884 ; Rise       ; CLOCK_50                                              ;
;  HEX2[3]    ; CLOCK_50   ; 3.863 ; 3.863 ; Rise       ; CLOCK_50                                              ;
;  HEX2[4]    ; CLOCK_50   ; 3.842 ; 3.842 ; Rise       ; CLOCK_50                                              ;
;  HEX2[5]    ; CLOCK_50   ; 3.971 ; 3.971 ; Rise       ; CLOCK_50                                              ;
;  HEX2[6]    ; CLOCK_50   ; 3.985 ; 3.985 ; Rise       ; CLOCK_50                                              ;
; HEX3[*]     ; CLOCK_50   ; 3.796 ; 3.796 ; Rise       ; CLOCK_50                                              ;
;  HEX3[0]    ; CLOCK_50   ; 3.971 ; 3.971 ; Rise       ; CLOCK_50                                              ;
;  HEX3[1]    ; CLOCK_50   ; 3.954 ; 3.954 ; Rise       ; CLOCK_50                                              ;
;  HEX3[2]    ; CLOCK_50   ; 3.947 ; 3.947 ; Rise       ; CLOCK_50                                              ;
;  HEX3[3]    ; CLOCK_50   ; 3.958 ; 3.958 ; Rise       ; CLOCK_50                                              ;
;  HEX3[4]    ; CLOCK_50   ; 3.955 ; 3.955 ; Rise       ; CLOCK_50                                              ;
;  HEX3[5]    ; CLOCK_50   ; 3.796 ; 3.796 ; Rise       ; CLOCK_50                                              ;
;  HEX3[6]    ; CLOCK_50   ; 3.807 ; 3.807 ; Rise       ; CLOCK_50                                              ;
; HEX4[*]     ; CLOCK_50   ; 4.655 ; 4.655 ; Rise       ; CLOCK_50                                              ;
;  HEX4[0]    ; CLOCK_50   ; 4.699 ; 4.699 ; Rise       ; CLOCK_50                                              ;
;  HEX4[1]    ; CLOCK_50   ; 5.649 ; 5.649 ; Rise       ; CLOCK_50                                              ;
;  HEX4[2]    ; CLOCK_50   ; 5.080 ; 5.080 ; Rise       ; CLOCK_50                                              ;
;  HEX4[3]    ; CLOCK_50   ; 5.067 ; 5.067 ; Rise       ; CLOCK_50                                              ;
;  HEX4[4]    ; CLOCK_50   ; 4.991 ; 4.991 ; Rise       ; CLOCK_50                                              ;
;  HEX4[5]    ; CLOCK_50   ; 4.655 ; 4.655 ; Rise       ; CLOCK_50                                              ;
;  HEX4[6]    ; CLOCK_50   ; 4.952 ; 4.952 ; Rise       ; CLOCK_50                                              ;
; HEX5[*]     ; CLOCK_50   ; 4.932 ; 4.932 ; Rise       ; CLOCK_50                                              ;
;  HEX5[0]    ; CLOCK_50   ; 5.080 ; 5.080 ; Rise       ; CLOCK_50                                              ;
;  HEX5[1]    ; CLOCK_50   ; 5.291 ; 5.291 ; Rise       ; CLOCK_50                                              ;
;  HEX5[2]    ; CLOCK_50   ; 6.004 ; 6.004 ; Rise       ; CLOCK_50                                              ;
;  HEX5[3]    ; CLOCK_50   ; 5.273 ; 5.273 ; Rise       ; CLOCK_50                                              ;
;  HEX5[4]    ; CLOCK_50   ; 4.932 ; 4.932 ; Rise       ; CLOCK_50                                              ;
;  HEX5[5]    ; CLOCK_50   ; 5.400 ; 5.400 ; Rise       ; CLOCK_50                                              ;
;  HEX5[6]    ; CLOCK_50   ; 5.625 ; 5.625 ; Rise       ; CLOCK_50                                              ;
; HEX6[*]     ; CLOCK_50   ; 4.809 ; 4.809 ; Rise       ; CLOCK_50                                              ;
;  HEX6[0]    ; CLOCK_50   ; 4.934 ; 4.934 ; Rise       ; CLOCK_50                                              ;
;  HEX6[1]    ; CLOCK_50   ; 4.809 ; 4.809 ; Rise       ; CLOCK_50                                              ;
;  HEX6[2]    ; CLOCK_50   ; 5.535 ; 5.535 ; Rise       ; CLOCK_50                                              ;
;  HEX6[3]    ; CLOCK_50   ; 5.109 ; 5.109 ; Rise       ; CLOCK_50                                              ;
;  HEX6[4]    ; CLOCK_50   ; 5.310 ; 5.310 ; Rise       ; CLOCK_50                                              ;
;  HEX6[5]    ; CLOCK_50   ; 5.548 ; 5.548 ; Rise       ; CLOCK_50                                              ;
;  HEX6[6]    ; CLOCK_50   ; 5.265 ; 5.265 ; Rise       ; CLOCK_50                                              ;
; HEX7[*]     ; CLOCK_50   ; 4.839 ; 4.839 ; Rise       ; CLOCK_50                                              ;
;  HEX7[0]    ; CLOCK_50   ; 5.271 ; 5.271 ; Rise       ; CLOCK_50                                              ;
;  HEX7[1]    ; CLOCK_50   ; 5.154 ; 5.154 ; Rise       ; CLOCK_50                                              ;
;  HEX7[2]    ; CLOCK_50   ; 4.906 ; 4.906 ; Rise       ; CLOCK_50                                              ;
;  HEX7[3]    ; CLOCK_50   ; 5.559 ; 5.559 ; Rise       ; CLOCK_50                                              ;
;  HEX7[4]    ; CLOCK_50   ; 5.548 ; 5.548 ; Rise       ; CLOCK_50                                              ;
;  HEX7[5]    ; CLOCK_50   ; 5.761 ; 5.761 ; Rise       ; CLOCK_50                                              ;
;  HEX7[6]    ; CLOCK_50   ; 4.839 ; 4.839 ; Rise       ; CLOCK_50                                              ;
; LEDG[*]     ; CLOCK_50   ; 3.926 ; 3.926 ; Rise       ; CLOCK_50                                              ;
;  LEDG[3]    ; CLOCK_50   ; 3.969 ; 3.969 ; Rise       ; CLOCK_50                                              ;
;  LEDG[4]    ; CLOCK_50   ; 4.152 ; 4.152 ; Rise       ; CLOCK_50                                              ;
;  LEDG[6]    ; CLOCK_50   ; 3.926 ; 3.926 ; Rise       ; CLOCK_50                                              ;
;  LEDG[7]    ; CLOCK_50   ; 4.306 ; 4.306 ; Rise       ; CLOCK_50                                              ;
; LEDR[*]     ; CLOCK_50   ; 3.859 ; 3.859 ; Rise       ; CLOCK_50                                              ;
;  LEDR[0]    ; CLOCK_50   ; 4.230 ; 4.230 ; Rise       ; CLOCK_50                                              ;
;  LEDR[1]    ; CLOCK_50   ; 4.120 ; 4.120 ; Rise       ; CLOCK_50                                              ;
;  LEDR[2]    ; CLOCK_50   ; 4.005 ; 4.005 ; Rise       ; CLOCK_50                                              ;
;  LEDR[3]    ; CLOCK_50   ; 4.113 ; 4.113 ; Rise       ; CLOCK_50                                              ;
;  LEDR[4]    ; CLOCK_50   ; 4.034 ; 4.034 ; Rise       ; CLOCK_50                                              ;
;  LEDR[5]    ; CLOCK_50   ; 4.246 ; 4.246 ; Rise       ; CLOCK_50                                              ;
;  LEDR[6]    ; CLOCK_50   ; 3.859 ; 3.859 ; Rise       ; CLOCK_50                                              ;
;  LEDR[7]    ; CLOCK_50   ; 4.207 ; 4.207 ; Rise       ; CLOCK_50                                              ;
;  LEDR[8]    ; CLOCK_50   ; 4.072 ; 4.072 ; Rise       ; CLOCK_50                                              ;
;  LEDR[9]    ; CLOCK_50   ; 4.071 ; 4.071 ; Rise       ; CLOCK_50                                              ;
;  LEDR[10]   ; CLOCK_50   ; 4.379 ; 4.379 ; Rise       ; CLOCK_50                                              ;
;  LEDR[11]   ; CLOCK_50   ; 4.193 ; 4.193 ; Rise       ; CLOCK_50                                              ;
;  LEDR[12]   ; CLOCK_50   ; 4.447 ; 4.447 ; Rise       ; CLOCK_50                                              ;
;  LEDR[13]   ; CLOCK_50   ; 4.193 ; 4.193 ; Rise       ; CLOCK_50                                              ;
;  LEDR[14]   ; CLOCK_50   ; 4.339 ; 4.339 ; Rise       ; CLOCK_50                                              ;
;  LEDR[15]   ; CLOCK_50   ; 4.782 ; 4.782 ; Rise       ; CLOCK_50                                              ;
;  LEDR[16]   ; CLOCK_50   ; 4.409 ; 4.409 ; Rise       ; CLOCK_50                                              ;
;  LEDR[17]   ; CLOCK_50   ; 4.272 ; 4.272 ; Rise       ; CLOCK_50                                              ;
; UART_TXD    ; CLOCK_50   ; 4.160 ; 4.160 ; Rise       ; CLOCK_50                                              ;
; GPIO_0[*]   ; CLOCK_50   ; 2.577 ; 1.268 ; Rise       ; u_ov7670_lcm_wall_core|u0|altpll_component|pll|clk[0] ;
;  GPIO_0[18] ; CLOCK_50   ; 3.007 ; 3.007 ; Rise       ; u_ov7670_lcm_wall_core|u0|altpll_component|pll|clk[0] ;
;  GPIO_0[19] ; CLOCK_50   ; 2.924 ; 2.924 ; Rise       ; u_ov7670_lcm_wall_core|u0|altpll_component|pll|clk[0] ;
;  GPIO_0[20] ; CLOCK_50   ; 2.814 ; 2.814 ; Rise       ; u_ov7670_lcm_wall_core|u0|altpll_component|pll|clk[0] ;
;  GPIO_0[21] ; CLOCK_50   ; 2.849 ; 2.849 ; Rise       ; u_ov7670_lcm_wall_core|u0|altpll_component|pll|clk[0] ;
;  GPIO_0[22] ; CLOCK_50   ; 2.899 ; 2.899 ; Rise       ; u_ov7670_lcm_wall_core|u0|altpll_component|pll|clk[0] ;
;  GPIO_0[23] ; CLOCK_50   ; 3.149 ; 3.149 ; Rise       ; u_ov7670_lcm_wall_core|u0|altpll_component|pll|clk[0] ;
;  GPIO_0[24] ; CLOCK_50   ; 2.883 ; 2.883 ; Rise       ; u_ov7670_lcm_wall_core|u0|altpll_component|pll|clk[0] ;
;  GPIO_0[25] ; CLOCK_50   ; 3.031 ; 3.031 ; Rise       ; u_ov7670_lcm_wall_core|u0|altpll_component|pll|clk[0] ;
;  GPIO_0[26] ; CLOCK_50   ; 2.659 ; 2.659 ; Rise       ; u_ov7670_lcm_wall_core|u0|altpll_component|pll|clk[0] ;
;  GPIO_0[29] ; CLOCK_50   ;       ; 1.268 ; Rise       ; u_ov7670_lcm_wall_core|u0|altpll_component|pll|clk[0] ;
;  GPIO_0[35] ; CLOCK_50   ; 2.577 ; 2.577 ; Rise       ; u_ov7670_lcm_wall_core|u0|altpll_component|pll|clk[0] ;
; GPIO_0[*]   ; CLOCK_50   ; 1.268 ;       ; Fall       ; u_ov7670_lcm_wall_core|u0|altpll_component|pll|clk[0] ;
;  GPIO_0[29] ; CLOCK_50   ; 1.268 ;       ; Fall       ; u_ov7670_lcm_wall_core|u0|altpll_component|pll|clk[0] ;
+-------------+------------+-------+-------+------------+-------------------------------------------------------+


+--------------------------------------------------------------+
; Progagation Delay                                            ;
+------------+-------------+--------+--------+--------+--------+
; Input Port ; Output Port ; RR     ; RF     ; FR     ; FF     ;
+------------+-------------+--------+--------+--------+--------+
; GPIO_1[6]  ; LEDG[1]     ; 9.712  ;        ;        ; 9.712  ;
; GPIO_1[7]  ; LEDG[0]     ; 10.341 ;        ;        ; 10.341 ;
; KEY[0]     ; GPIO_0[30]  ; 8.300  ;        ;        ; 8.300  ;
; KEY[0]     ; LEDG[5]     ; 10.299 ;        ;        ; 10.299 ;
; SW[0]      ; GPIO_0[18]  ; 8.087  ; 8.087  ; 8.087  ; 8.087  ;
; SW[0]      ; GPIO_0[19]  ; 7.691  ; 7.691  ; 7.691  ; 7.691  ;
; SW[0]      ; GPIO_0[20]  ; 7.687  ; 7.687  ; 7.687  ; 7.687  ;
; SW[0]      ; GPIO_0[21]  ; 7.646  ; 7.646  ; 7.646  ; 7.646  ;
; SW[0]      ; GPIO_0[22]  ; 7.698  ; 7.698  ; 7.698  ; 7.698  ;
; SW[0]      ; GPIO_0[23]  ; 8.080  ; 8.080  ; 8.080  ; 8.080  ;
; SW[0]      ; GPIO_0[24]  ; 7.731  ; 7.731  ; 7.731  ; 7.731  ;
; SW[0]      ; GPIO_0[25]  ; 8.155  ; 8.155  ; 8.155  ; 8.155  ;
; SW[1]      ; GPIO_0[18]  ; 7.671  ;        ;        ; 7.671  ;
; SW[1]      ; GPIO_0[19]  ; 7.275  ; 7.275  ; 7.275  ; 7.275  ;
; SW[1]      ; GPIO_0[20]  ; 7.507  ;        ;        ; 7.507  ;
; SW[1]      ; GPIO_0[21]  ; 7.230  ;        ;        ; 7.230  ;
; SW[1]      ; GPIO_0[22]  ; 7.282  ;        ;        ; 7.282  ;
; SW[1]      ; GPIO_0[23]  ; 7.661  ;        ;        ; 7.661  ;
; SW[1]      ; GPIO_0[24]  ; 7.315  ;        ;        ; 7.315  ;
; SW[1]      ; GPIO_0[25]  ; 7.976  ;        ;        ; 7.976  ;
; SW[17]     ; LEDG[4]     ; 13.237 ; 13.237 ; 13.237 ; 13.237 ;
+------------+-------------+--------+--------+--------+--------+


+----------------------------------------------------------+
; Minimum Progagation Delay                                ;
+------------+-------------+-------+-------+-------+-------+
; Input Port ; Output Port ; RR    ; RF    ; FR    ; FF    ;
+------------+-------------+-------+-------+-------+-------+
; GPIO_1[6]  ; LEDG[1]     ; 5.533 ;       ;       ; 5.533 ;
; GPIO_1[7]  ; LEDG[0]     ; 5.852 ;       ;       ; 5.852 ;
; KEY[0]     ; GPIO_0[30]  ; 4.787 ;       ;       ; 4.787 ;
; KEY[0]     ; LEDG[5]     ; 5.846 ;       ;       ; 5.846 ;
; SW[0]      ; GPIO_0[18]  ; 4.127 ; 4.127 ; 4.127 ; 4.127 ;
; SW[0]      ; GPIO_0[19]  ; 3.980 ; 3.980 ; 3.980 ; 3.980 ;
; SW[0]      ; GPIO_0[20]  ; 3.977 ; 3.977 ; 3.977 ; 3.977 ;
; SW[0]      ; GPIO_0[21]  ; 3.958 ; 3.958 ; 3.958 ; 3.958 ;
; SW[0]      ; GPIO_0[22]  ; 4.007 ; 4.007 ; 4.007 ; 4.007 ;
; SW[0]      ; GPIO_0[23]  ; 4.112 ; 4.112 ; 4.112 ; 4.112 ;
; SW[0]      ; GPIO_0[24]  ; 3.990 ; 3.990 ; 3.990 ; 3.990 ;
; SW[0]      ; GPIO_0[25]  ; 4.196 ; 4.196 ; 4.196 ; 4.196 ;
; SW[1]      ; GPIO_0[18]  ; 3.932 ;       ;       ; 3.932 ;
; SW[1]      ; GPIO_0[19]  ; 3.780 ; 3.780 ; 3.780 ; 3.780 ;
; SW[1]      ; GPIO_0[20]  ; 3.877 ;       ;       ; 3.877 ;
; SW[1]      ; GPIO_0[21]  ; 3.764 ;       ;       ; 3.764 ;
; SW[1]      ; GPIO_0[22]  ; 3.813 ;       ;       ; 3.813 ;
; SW[1]      ; GPIO_0[23]  ; 3.918 ;       ;       ; 3.918 ;
; SW[1]      ; GPIO_0[24]  ; 3.797 ;       ;       ; 3.797 ;
; SW[1]      ; GPIO_0[25]  ; 4.096 ;       ;       ; 4.096 ;
; SW[17]     ; LEDG[4]     ; 7.238 ; 7.238 ; 7.238 ; 7.238 ;
+------------+-------------+-------+-------+-------+-------+


+---------------------------------------------------------------------------------------------------------------------------------------------------------------+
; Setup Transfers                                                                                                                                               ;
+-------------------------------------------------------+-------------------------------------------------------+--------------+----------+----------+----------+
; From Clock                                            ; To Clock                                              ; RR Paths     ; FR Paths ; RF Paths ; FF Paths ;
+-------------------------------------------------------+-------------------------------------------------------+--------------+----------+----------+----------+
; CLOCK_50                                              ; CLOCK_50                                              ; > 2147483647 ; 0        ; 0        ; 0        ;
; u_ov7670_lcm_wall_core|u0|altpll_component|pll|clk[0] ; u_ov7670_lcm_wall_core|u0|altpll_component|pll|clk[0] ; > 2147483647 ; 0        ; 0        ; 0        ;
+-------------------------------------------------------+-------------------------------------------------------+--------------+----------+----------+----------+
Entries labeled "false path" only account for clock-to-clock false paths and not path-based false paths. As a result, actual path counts may be lower than reported.


+---------------------------------------------------------------------------------------------------------------------------------------------------------------+
; Hold Transfers                                                                                                                                                ;
+-------------------------------------------------------+-------------------------------------------------------+--------------+----------+----------+----------+
; From Clock                                            ; To Clock                                              ; RR Paths     ; FR Paths ; RF Paths ; FF Paths ;
+-------------------------------------------------------+-------------------------------------------------------+--------------+----------+----------+----------+
; CLOCK_50                                              ; CLOCK_50                                              ; > 2147483647 ; 0        ; 0        ; 0        ;
; u_ov7670_lcm_wall_core|u0|altpll_component|pll|clk[0] ; u_ov7670_lcm_wall_core|u0|altpll_component|pll|clk[0] ; > 2147483647 ; 0        ; 0        ; 0        ;
+-------------------------------------------------------+-------------------------------------------------------+--------------+----------+----------+----------+
Entries labeled "false path" only account for clock-to-clock false paths and not path-based false paths. As a result, actual path counts may be lower than reported.


---------------
; Report TCCS ;
---------------
No dedicated SERDES Transmitter circuitry present in device or used in design


---------------
; Report RSKM ;
---------------
No dedicated SERDES Receiver circuitry present in device or used in design


+------------------------------------------------+
; Unconstrained Paths                            ;
+---------------------------------+-------+------+
; Property                        ; Setup ; Hold ;
+---------------------------------+-------+------+
; Illegal Clocks                  ; 0     ; 0    ;
; Unconstrained Clocks            ; 2     ; 2    ;
; Unconstrained Input Ports       ; 30    ; 30   ;
; Unconstrained Input Port Paths  ; 3003  ; 3003 ;
; Unconstrained Output Ports      ; 98    ; 98   ;
; Unconstrained Output Port Paths ; 323   ; 323  ;
+---------------------------------+-------+------+


+------------------------------------+
; TimeQuest Timing Analyzer Messages ;
+------------------------------------+
Info: *******************************************************************
Info: Running Quartus II 64-Bit TimeQuest Timing Analyzer
    Info: Version 13.0.1 Build 232 06/12/2013 Service Pack 1 SJ Web Edition
    Info: Processing started: Thu Jun 11 19:11:17 2026
Info: Command: quartus_sta prj2 -c prj2
Info: qsta_default_script.tcl version: #1
Warning (20028): Parallel compilation is not licensed and has been disabled
Info (21077): Low junction temperature is 0 degrees C
Info (21077): High junction temperature is 85 degrees C
Info (332104): Reading SDC File: 'prj2.sdc'
Info (332110): Deriving PLL clocks
    Info (332110): create_generated_clock -source {u_ov7670_lcm_wall_core|u0|altpll_component|pll|inclk[0]} -divide_by 19 -multiply_by 7 -duty_cycle 50.00 -name {u_ov7670_lcm_wall_core|u0|altpll_component|pll|clk[0]} {u_ov7670_lcm_wall_core|u0|altpll_component|pll|clk[0]}
Warning (332153): Family doesn't support jitter analysis.
Warning (332060): Node: GPIO_1[5] was determined to be a clock but was found without an associated clock assignment.
Warning (332060): Node: ov7670_lcm_wall_core:u_ov7670_lcm_wall_core|I2S_LCM_Config:u4|I2S_Controller:u0|mI2S_CLK was determined to be a clock but was found without an associated clock assignment.
Info: Found TIMEQUEST_REPORT_SCRIPT_INCLUDE_DEFAULT_ANALYSIS = ON
Info: Analyzing Slow Model
Critical Warning (332148): Timing requirements not met
Info (332146): Worst-case setup slack is -6.206
    Info (332119):     Slack End Point TNS Clock 
    Info (332119): ========= ============= =====================
    Info (332119):    -6.206    -24701.327 CLOCK_50 
    Info (332119):    30.157         0.000 u_ov7670_lcm_wall_core|u0|altpll_component|pll|clk[0] 
Info (332146): Worst-case hold slack is 0.391
    Info (332119):     Slack End Point TNS Clock 
    Info (332119): ========= ============= =====================
    Info (332119):     0.391         0.000 CLOCK_50 
    Info (332119):     0.391         0.000 u_ov7670_lcm_wall_core|u0|altpll_component|pll|clk[0] 
Info (332140): No Recovery paths to report
Info (332140): No Removal paths to report
Info (332146): Worst-case minimum pulse width slack is 9.000
    Info (332119):     Slack End Point TNS Clock 
    Info (332119): ========= ============= =====================
    Info (332119):     9.000         0.000 CLOCK_50 
    Info (332119):    25.015         0.000 u_ov7670_lcm_wall_core|u0|altpll_component|pll|clk[0] 
Info (332001): The selected device family is not supported by the report_metastability command.
Info: Analyzing Fast Model
Warning (332060): Node: GPIO_1[5] was determined to be a clock but was found without an associated clock assignment.
Warning (332060): Node: ov7670_lcm_wall_core:u_ov7670_lcm_wall_core|I2S_LCM_Config:u4|I2S_Controller:u0|mI2S_CLK was determined to be a clock but was found without an associated clock assignment.
Info (332146): Worst-case setup slack is 8.241
    Info (332119):     Slack End Point TNS Clock 
    Info (332119): ========= ============= =====================
    Info (332119):     8.241         0.000 CLOCK_50 
    Info (332119):    43.841         0.000 u_ov7670_lcm_wall_core|u0|altpll_component|pll|clk[0] 
Info (332146): Worst-case hold slack is 0.215
    Info (332119):     Slack End Point TNS Clock 
    Info (332119): ========= ============= =====================
    Info (332119):     0.215         0.000 CLOCK_50 
    Info (332119):     0.215         0.000 u_ov7670_lcm_wall_core|u0|altpll_component|pll|clk[0] 
Info (332140): No Recovery paths to report
Info (332140): No Removal paths to report
Info (332146): Worst-case minimum pulse width slack is 9.000
    Info (332119):     Slack End Point TNS Clock 
    Info (332119): ========= ============= =====================
    Info (332119):     9.000         0.000 CLOCK_50 
    Info (332119):    25.015         0.000 u_ov7670_lcm_wall_core|u0|altpll_component|pll|clk[0] 
Info (332001): The selected device family is not supported by the report_metastability command.
Info (332102): Design is not fully constrained for setup requirements
Info (332102): Design is not fully constrained for hold requirements
Info: Quartus II 64-Bit TimeQuest Timing Analyzer was successful. 0 errors, 7 warnings
    Info: Peak virtual memory: 4780 megabytes
    Info: Processing ended: Thu Jun 11 19:11:21 2026
    Info: Elapsed time: 00:00:04
    Info: Total CPU time (on all processors): 00:00:04


