Fitter report for prj2
Thu Jun 11 19:11:09 2026
Quartus II 64-Bit Version 13.0.1 Build 232 06/12/2013 Service Pack 1 SJ Web Edition


---------------------
; Table of Contents ;
---------------------
  1. Legal Notice
  2. Fitter Summary
  3. Fitter Settings
  4. Parallel Compilation
  5. Ignored Assignments
  6. Incremental Compilation Preservation Summary
  7. Incremental Compilation Partition Settings
  8. Incremental Compilation Placement Preservation
  9. Pin-Out File
 10. Fitter Resource Usage Summary
 11. Fitter Partition Statistics
 12. Input Pins
 13. Output Pins
 14. Bidir Pins
 15. I/O Bank Usage
 16. All Package Pins
 17. PLL Summary
 18. PLL Usage
 19. Output Pin Default Load For Reported TCO
 20. Fitter Resource Utilization by Entity
 21. Delay Chain Summary
 22. Pad To Core Delay Chain Fanout
 23. Control Signals
 24. Global & Other Fast Signals
 25. Non-Global High Fan-Out Signals
 26. Fitter RAM Summary
 27. Other Routing Usage Summary
 28. LAB Logic Elements
 29. LAB-wide Signals
 30. LAB Signals Sourced
 31. LAB Signals Sourced Out
 32. LAB Distinct Inputs
 33. Fitter Device Options
 34. Operating Settings and Conditions
 35. Fitter Messages
 36. Fitter Suppressed Messages



----------------
; Legal Notice ;
----------------
Copyright (C) 1991-2013 Altera Corporation
Your use of Altera Corporation's design tools, logic functions 
and other software and tools, and its AMPP partner logic 
functions, and any output files from any of the foregoing 
(including device programming or simulation files), and any 
associated documentation or information are expressly subject 
to the terms and conditions of the Altera Program License 
Subscription Agreement, Altera MegaCore Function License 
Agreement, or other applicable license agreement, including, 
without limitation, that your use is for the sole purpose of 
programming logic devices manufactured by Altera and sold by 
Altera or its authorized distributors.  Please refer to the 
applicable agreement for further details.



+--------------------------------------------------------------------------------------+
; Fitter Summary                                                                       ;
+------------------------------------+-------------------------------------------------+
; Fitter Status                      ; Successful - Thu Jun 11 19:11:09 2026           ;
; Quartus II 64-Bit Version          ; 13.0.1 Build 232 06/12/2013 SP 1 SJ Web Edition ;
; Revision Name                      ; prj2                                            ;
; Top-level Entity Name              ; TOP_SOC_MMIO_TEST                               ;
; Family                             ; Cyclone II                                      ;
; Device                             ; EP2C35F672C6                                    ;
; Timing Models                      ; Final                                           ;
; Total logic elements               ; 17,391 / 33,216 ( 52 % )                        ;
;     Total combinational functions  ; 10,371 / 33,216 ( 31 % )                        ;
;     Dedicated logic registers      ; 10,093 / 33,216 ( 30 % )                        ;
; Total registers                    ; 10093                                           ;
; Total pins                         ; 179 / 475 ( 38 % )                              ;
; Total virtual pins                 ; 0                                               ;
; Total memory bits                  ; 153,600 / 483,840 ( 32 % )                      ;
; Embedded Multiplier 9-bit elements ; 0 / 70 ( 0 % )                                  ;
; Total PLLs                         ; 1 / 4 ( 25 % )                                  ;
+------------------------------------+-------------------------------------------------+


+----------------------------------------------------------------------------------------------------------------------------------------------+
; Fitter Settings                                                                                                                              ;
+----------------------------------------------------------------------------+--------------------------------+--------------------------------+
; Option                                                                     ; Setting                        ; Default Value                  ;
+----------------------------------------------------------------------------+--------------------------------+--------------------------------+
; Device                                                                     ; EP2C35F672C6                   ;                                ;
; Minimum Core Junction Temperature                                          ; 0                              ;                                ;
; Maximum Core Junction Temperature                                          ; 85                             ;                                ;
; Fit Attempts to Skip                                                       ; 0                              ; 0.0                            ;
; Device I/O Standard                                                        ; 3.3-V LVTTL                    ;                                ;
; Use smart compilation                                                      ; Off                            ; Off                            ;
; Enable parallel Assembler and TimeQuest Timing Analyzer during compilation ; On                             ; On                             ;
; Enable compact report table                                                ; Off                            ; Off                            ;
; Auto Merge PLLs                                                            ; On                             ; On                             ;
; Ignore PLL Mode When Merging PLLs                                          ; Off                            ; Off                            ;
; Router Timing Optimization Level                                           ; Normal                         ; Normal                         ;
; Placement Effort Multiplier                                                ; 1.0                            ; 1.0                            ;
; Router Effort Multiplier                                                   ; 1.0                            ; 1.0                            ;
; Always Enable Input Buffers                                                ; Off                            ; Off                            ;
; Optimize Hold Timing                                                       ; IO Paths and Minimum TPD Paths ; IO Paths and Minimum TPD Paths ;
; Optimize Multi-Corner Timing                                               ; On                             ; On                             ;
; PowerPlay Power Optimization                                               ; Normal compilation             ; Normal compilation             ;
; Optimize Timing                                                            ; Normal compilation             ; Normal compilation             ;
; Optimize Timing for ECOs                                                   ; Off                            ; Off                            ;
; Regenerate full fit report during ECO compiles                             ; Off                            ; Off                            ;
; Optimize IOC Register Placement for Timing                                 ; Normal                         ; Normal                         ;
; Limit to One Fitting Attempt                                               ; Off                            ; Off                            ;
; Final Placement Optimizations                                              ; Automatically                  ; Automatically                  ;
; Fitter Aggressive Routability Optimizations                                ; Automatically                  ; Automatically                  ;
; Fitter Initial Placement Seed                                              ; 1                              ; 1                              ;
; PCI I/O                                                                    ; Off                            ; Off                            ;
; Weak Pull-Up Resistor                                                      ; Off                            ; Off                            ;
; Enable Bus-Hold Circuitry                                                  ; Off                            ; Off                            ;
; Auto Global Memory Control Signals                                         ; Off                            ; Off                            ;
; Auto Packed Registers                                                      ; Auto                           ; Auto                           ;
; Auto Delay Chains                                                          ; On                             ; On                             ;
; Auto Delay Chains for High Fanout Input Pins                               ; Off                            ; Off                            ;
; Perform Physical Synthesis for Combinational Logic for Fitting             ; Off                            ; Off                            ;
; Perform Physical Synthesis for Combinational Logic for Performance         ; Off                            ; Off                            ;
; Perform Register Duplication for Performance                               ; Off                            ; Off                            ;
; Perform Logic to Memory Mapping for Fitting                                ; Off                            ; Off                            ;
; Perform Register Retiming for Performance                                  ; Off                            ; Off                            ;
; Perform Asynchronous Signal Pipelining                                     ; Off                            ; Off                            ;
; Fitter Effort                                                              ; Auto Fit                       ; Auto Fit                       ;
; Physical Synthesis Effort Level                                            ; Normal                         ; Normal                         ;
; Auto Global Clock                                                          ; On                             ; On                             ;
; Auto Global Register Control Signals                                       ; On                             ; On                             ;
; Force Fitter to Avoid Periphery Placement Warnings                         ; Off                            ; Off                            ;
+----------------------------------------------------------------------------+--------------------------------+--------------------------------+


Parallel compilation was disabled, but you have multiple processors available. Enable parallel compilation to reduce compilation time.
+-------------------------------------+
; Parallel Compilation                ;
+----------------------------+--------+
; Processors                 ; Number ;
+----------------------------+--------+
; Number detected on machine ; 16     ;
; Maximum allowed            ; 1      ;
+----------------------------+--------+


+----------------------------------------------------------------------------------------+
; Ignored Assignments                                                                    ;
+----------+----------------+--------------+------------+---------------+----------------+
; Name     ; Ignored Entity ; Ignored From ; Ignored To ; Ignored Value ; Ignored Source ;
+----------+----------------+--------------+------------+---------------+----------------+
; Location ;                ;              ; LEDG[8]    ; PIN_Y12       ; QSF Assignment ;
+----------+----------------+--------------+------------+---------------+----------------+


+----------------------------------------------+
; Incremental Compilation Preservation Summary ;
+---------------------+------------------------+
; Type                ; Value                  ;
+---------------------+------------------------+
; Placement (by node) ;                        ;
;     -- Requested    ; 0 / 20689 ( 0.00 % )   ;
;     -- Achieved     ; 0 / 20689 ( 0.00 % )   ;
;                     ;                        ;
; Routing (by net)    ;                        ;
;     -- Requested    ; 0 / 0 ( 0.00 % )       ;
;     -- Achieved     ; 0 / 0 ( 0.00 % )       ;
+---------------------+------------------------+


+----------------------------------------------------------------------------------------------------------------------------------------------------------------------------------------+
; Incremental Compilation Partition Settings                                                                                                                                             ;
+--------------------------------+----------------+-------------------+-------------------------+------------------------+------------------------------+--------------------------------+
; Partition Name                 ; Partition Type ; Netlist Type Used ; Preservation Level Used ; Netlist Type Requested ; Preservation Level Requested ; Contents                       ;
+--------------------------------+----------------+-------------------+-------------------------+------------------------+------------------------------+--------------------------------+
; Top                            ; User-created   ; Source File       ; N/A                     ; Source File            ; N/A                          ;                                ;
; hard_block:auto_generated_inst ; Auto-generated ; Source File       ; N/A                     ; Source File            ; N/A                          ; hard_block:auto_generated_inst ;
+--------------------------------+----------------+-------------------+-------------------------+------------------------+------------------------------+--------------------------------+


+------------------------------------------------------------------------------------------------------------+
; Incremental Compilation Placement Preservation                                                             ;
+--------------------------------+---------+-------------------+-------------------------+-------------------+
; Partition Name                 ; # Nodes ; # Preserved Nodes ; Preservation Level Used ; Netlist Type Used ;
+--------------------------------+---------+-------------------+-------------------------+-------------------+
; Top                            ; 20684   ; 0                 ; N/A                     ; Source File       ;
; hard_block:auto_generated_inst ; 5       ; 0                 ; N/A                     ; Source File       ;
+--------------------------------+---------+-------------------+-------------------------+-------------------+


+--------------+
; Pin-Out File ;
+--------------+
The pin-out file can be found in C:/Users/yerin/proj/Proj2/output_files/prj2.pin.


+--------------------------------------------------------------------------+
; Fitter Resource Usage Summary                                            ;
+---------------------------------------------+----------------------------+
; Resource                                    ; Usage                      ;
+---------------------------------------------+----------------------------+
; Total logic elements                        ; 17,391 / 33,216 ( 52 % )   ;
;     -- Combinational with no register       ; 7298                       ;
;     -- Register only                        ; 7020                       ;
;     -- Combinational with a register        ; 3073                       ;
;                                             ;                            ;
; Logic element usage by number of LUT inputs ;                            ;
;     -- 4 input functions                    ; 8915                       ;
;     -- 3 input functions                    ; 683                        ;
;     -- <=2 input functions                  ; 773                        ;
;     -- Register only                        ; 7020                       ;
;                                             ;                            ;
; Logic elements by mode                      ;                            ;
;     -- normal mode                          ; 9765                       ;
;     -- arithmetic mode                      ; 606                        ;
;                                             ;                            ;
; Total registers*                            ; 10,093 / 34,593 ( 29 % )   ;
;     -- Dedicated logic registers            ; 10,093 / 33,216 ( 30 % )   ;
;     -- I/O registers                        ; 0 / 1,377 ( 0 % )          ;
;                                             ;                            ;
; Total LABs:  partially or completely used   ; 1,474 / 2,076 ( 71 % )     ;
; Virtual pins                                ; 0                          ;
; I/O pins                                    ; 179 / 475 ( 38 % )         ;
;     -- Clock pins                           ; 8 / 8 ( 100 % )            ;
;                                             ;                            ;
; Global signals                              ; 3                          ;
; M4Ks                                        ; 40 / 105 ( 38 % )          ;
; Total block memory bits                     ; 153,600 / 483,840 ( 32 % ) ;
; Total block memory implementation bits      ; 184,320 / 483,840 ( 38 % ) ;
; Embedded Multiplier 9-bit elements          ; 0 / 70 ( 0 % )             ;
; PLLs                                        ; 1 / 4 ( 25 % )             ;
; Global clocks                               ; 3 / 16 ( 19 % )            ;
; JTAGs                                       ; 0 / 1 ( 0 % )              ;
; ASMI blocks                                 ; 0 / 1 ( 0 % )              ;
; CRC blocks                                  ; 0 / 1 ( 0 % )              ;
; Average interconnect usage (total/H/V)      ; 39% / 37% / 40%            ;
; Peak interconnect usage (total/H/V)         ; 86% / 82% / 91%            ;
; Maximum fan-out                             ; 9884                       ;
; Highest non-global fan-out                  ; 1076                       ;
; Total fan-out                               ; 75412                      ;
; Average fan-out                             ; 3.03                       ;
+---------------------------------------------+----------------------------+
*  Register count does not include registers inside RAM blocks or DSP blocks.



+-------------------------------------------------------------------------------------------------------+
; Fitter Partition Statistics                                                                           ;
+---------------------------------------------+------------------------+--------------------------------+
; Statistic                                   ; Top                    ; hard_block:auto_generated_inst ;
+---------------------------------------------+------------------------+--------------------------------+
; Difficulty Clustering Region                ; Low                    ; Low                            ;
;                                             ;                        ;                                ;
; Total logic elements                        ; 17391 / 33216 ( 52 % ) ; 0 / 33216 ( 0 % )              ;
;     -- Combinational with no register       ; 7298                   ; 0                              ;
;     -- Register only                        ; 7020                   ; 0                              ;
;     -- Combinational with a register        ; 3073                   ; 0                              ;
;                                             ;                        ;                                ;
; Logic element usage by number of LUT inputs ;                        ;                                ;
;     -- 4 input functions                    ; 8915                   ; 0                              ;
;     -- 3 input functions                    ; 683                    ; 0                              ;
;     -- <=2 input functions                  ; 773                    ; 0                              ;
;     -- Register only                        ; 7020                   ; 0                              ;
;                                             ;                        ;                                ;
; Logic elements by mode                      ;                        ;                                ;
;     -- normal mode                          ; 9765                   ; 0                              ;
;     -- arithmetic mode                      ; 606                    ; 0                              ;
;                                             ;                        ;                                ;
; Total registers                             ; 10093                  ; 0                              ;
;     -- Dedicated logic registers            ; 10093 / 33216 ( 30 % ) ; 0 / 33216 ( 0 % )              ;
;                                             ;                        ;                                ;
; Total LABs:  partially or completely used   ; 1474 / 2076 ( 71 % )   ; 0 / 2076 ( 0 % )               ;
;                                             ;                        ;                                ;
; Virtual pins                                ; 0                      ; 0                              ;
; I/O pins                                    ; 179                    ; 0                              ;
; Embedded Multiplier 9-bit elements          ; 0 / 70 ( 0 % )         ; 0 / 70 ( 0 % )                 ;
; Total memory bits                           ; 153600                 ; 0                              ;
; Total RAM block bits                        ; 184320                 ; 0                              ;
; PLL                                         ; 0 / 4 ( 0 % )          ; 1 / 4 ( 25 % )                 ;
; M4K                                         ; 40 / 105 ( 38 % )      ; 0 / 105 ( 0 % )                ;
; Clock control block                         ; 2 / 20 ( 10 % )        ; 1 / 20 ( 5 % )                 ;
;                                             ;                        ;                                ;
; Connections                                 ;                        ;                                ;
;     -- Input Connections                    ; 93                     ; 1                              ;
;     -- Registered Input Connections         ; 52                     ; 0                              ;
;     -- Output Connections                   ; 1                      ; 93                             ;
;     -- Registered Output Connections        ; 0                      ; 0                              ;
;                                             ;                        ;                                ;
; Internal Connections                        ;                        ;                                ;
;     -- Total Connections                    ; 75451                  ; 95                             ;
;     -- Registered Connections               ; 14784                  ; 0                              ;
;                                             ;                        ;                                ;
; External Connections                        ;                        ;                                ;
;     -- Top                                  ; 0                      ; 94                             ;
;     -- hard_block:auto_generated_inst       ; 94                     ; 0                              ;
;                                             ;                        ;                                ;
; Partition Interface                         ;                        ;                                ;
;     -- Input Ports                          ; 24                     ; 1                              ;
;     -- Output Ports                         ; 83                     ; 1                              ;
;     -- Bidir Ports                          ; 72                     ; 0                              ;
;                                             ;                        ;                                ;
; Registered Ports                            ;                        ;                                ;
;     -- Registered Input Ports               ; 0                      ; 0                              ;
;     -- Registered Output Ports              ; 0                      ; 0                              ;
;                                             ;                        ;                                ;
; Port Connectivity                           ;                        ;                                ;
;     -- Input Ports driven by GND            ; 0                      ; 0                              ;
;     -- Output Ports driven by GND           ; 0                      ; 0                              ;
;     -- Input Ports driven by VCC            ; 0                      ; 0                              ;
;     -- Output Ports driven by VCC           ; 0                      ; 0                              ;
;     -- Input Ports with no Source           ; 0                      ; 0                              ;
;     -- Output Ports with no Source          ; 0                      ; 0                              ;
;     -- Input Ports with no Fanout           ; 0                      ; 0                              ;
;     -- Output Ports with no Fanout          ; 0                      ; 0                              ;
+---------------------------------------------+------------------------+--------------------------------+


+----------------------------------------------------------------------------------------------------------------------------------------------------------------------------------------------------------------------------------------------------------------+
; Input Pins                                                                                                                                                                                                                                                     ;
+----------+-------+----------+--------------+--------------+-------------+-----------------------+--------------------+--------+----------------+---------------+-----------------+----------+--------------+--------------+-------------+----------------------+
; Name     ; Pin # ; I/O Bank ; X coordinate ; Y coordinate ; Cell number ; Combinational Fan-Out ; Registered Fan-Out ; Global ; Input Register ; Power Up High ; PCI I/O Enabled ; Bus Hold ; Weak Pull Up ; I/O Standard ; Termination ; Location assigned by ;
+----------+-------+----------+--------------+--------------+-------------+-----------------------+--------------------+--------+----------------+---------------+-----------------+----------+--------------+--------------+-------------+----------------------+
; CLOCK_50 ; N2    ; 2        ; 0            ; 18           ; 0           ; 3                     ; 0                  ; yes    ; no             ; no            ; no              ; no       ; Off          ; 3.3-V LVTTL  ; Off         ; User                 ;
; KEY[0]   ; G26   ; 5        ; 65           ; 27           ; 1           ; 555                   ; 0                  ; no     ; no             ; no            ; no              ; no       ; Off          ; 3.3-V LVTTL  ; Off         ; User                 ;
; KEY[1]   ; N23   ; 5        ; 65           ; 20           ; 2           ; 5                     ; 0                  ; no     ; no             ; no            ; no              ; no       ; Off          ; 3.3-V LVTTL  ; Off         ; User                 ;
; KEY[2]   ; P23   ; 6        ; 65           ; 18           ; 0           ; 1                     ; 0                  ; no     ; no             ; no            ; no              ; no       ; Off          ; 3.3-V LVTTL  ; Off         ; User                 ;
; KEY[3]   ; W26   ; 6        ; 65           ; 10           ; 2           ; 1                     ; 0                  ; no     ; no             ; no            ; no              ; no       ; Off          ; 3.3-V LVTTL  ; Off         ; User                 ;
; SW[0]    ; N25   ; 5        ; 65           ; 19           ; 0           ; 9                     ; 0                  ; no     ; no             ; no            ; no              ; no       ; Off          ; 3.3-V LVTTL  ; Off         ; User                 ;
; SW[10]   ; N1    ; 2        ; 0            ; 18           ; 1           ; 1                     ; 0                  ; no     ; no             ; no            ; no              ; no       ; Off          ; 3.3-V LVTTL  ; Off         ; User                 ;
; SW[11]   ; P1    ; 1        ; 0            ; 18           ; 3           ; 1                     ; 0                  ; no     ; no             ; no            ; no              ; no       ; Off          ; 3.3-V LVTTL  ; Off         ; User                 ;
; SW[12]   ; P2    ; 1        ; 0            ; 18           ; 2           ; 1                     ; 0                  ; no     ; no             ; no            ; no              ; no       ; Off          ; 3.3-V LVTTL  ; Off         ; User                 ;
; SW[13]   ; T7    ; 1        ; 0            ; 11           ; 0           ; 1                     ; 0                  ; no     ; no             ; no            ; no              ; no       ; Off          ; 3.3-V LVTTL  ; Off         ; User                 ;
; SW[14]   ; U3    ; 1        ; 0            ; 12           ; 0           ; 1                     ; 0                  ; no     ; no             ; no            ; no              ; no       ; Off          ; 3.3-V LVTTL  ; Off         ; User                 ;
; SW[15]   ; U4    ; 1        ; 0            ; 12           ; 1           ; 1                     ; 0                  ; no     ; no             ; no            ; no              ; no       ; Off          ; 3.3-V LVTTL  ; Off         ; User                 ;
; SW[16]   ; V1    ; 1        ; 0            ; 12           ; 2           ; 1                     ; 0                  ; no     ; no             ; no            ; no              ; no       ; Off          ; 3.3-V LVTTL  ; Off         ; User                 ;
; SW[17]   ; V2    ; 1        ; 0            ; 12           ; 3           ; 4                     ; 0                  ; no     ; no             ; no            ; no              ; no       ; Off          ; 3.3-V LVTTL  ; Off         ; User                 ;
; SW[1]    ; N26   ; 5        ; 65           ; 19           ; 1           ; 9                     ; 0                  ; no     ; no             ; no            ; no              ; no       ; Off          ; 3.3-V LVTTL  ; Off         ; User                 ;
; SW[2]    ; P25   ; 6        ; 65           ; 19           ; 2           ; 4                     ; 0                  ; no     ; no             ; no            ; no              ; no       ; Off          ; 3.3-V LVTTL  ; Off         ; User                 ;
; SW[3]    ; AE14  ; 7        ; 33           ; 0            ; 0           ; 1                     ; 0                  ; no     ; no             ; no            ; no              ; no       ; Off          ; 3.3-V LVTTL  ; Off         ; User                 ;
; SW[4]    ; AF14  ; 7        ; 33           ; 0            ; 1           ; 1                     ; 0                  ; no     ; no             ; no            ; no              ; no       ; Off          ; 3.3-V LVTTL  ; Off         ; User                 ;
; SW[5]    ; AD13  ; 8        ; 33           ; 0            ; 2           ; 1                     ; 0                  ; no     ; no             ; no            ; no              ; no       ; Off          ; 3.3-V LVTTL  ; Off         ; User                 ;
; SW[6]    ; AC13  ; 8        ; 33           ; 0            ; 3           ; 1                     ; 0                  ; no     ; no             ; no            ; no              ; no       ; Off          ; 3.3-V LVTTL  ; Off         ; User                 ;
; SW[7]    ; C13   ; 3        ; 31           ; 36           ; 2           ; 1                     ; 0                  ; no     ; no             ; no            ; no              ; no       ; Off          ; 3.3-V LVTTL  ; Off         ; User                 ;
; SW[8]    ; B13   ; 4        ; 31           ; 36           ; 0           ; 1                     ; 0                  ; no     ; no             ; no            ; no              ; no       ; Off          ; 3.3-V LVTTL  ; Off         ; User                 ;
; SW[9]    ; A13   ; 4        ; 31           ; 36           ; 1           ; 1                     ; 0                  ; no     ; no             ; no            ; no              ; no       ; Off          ; 3.3-V LVTTL  ; Off         ; User                 ;
; UART_RXD ; C25   ; 5        ; 65           ; 32           ; 2           ; 1                     ; 0                  ; no     ; no             ; no            ; no              ; no       ; Off          ; 3.3-V LVTTL  ; Off         ; User                 ;
+----------+-------+----------+--------------+--------------+-------------+-----------------------+--------------------+--------+----------------+---------------+-----------------+----------+--------------+--------------+-------------+----------------------+


+----------------------------------------------------------------------------------------------------------------------------------------------------------------------------------------------------------------------------------------------------------------------------------------------------------------------------------------+
; Output Pins                                                                                                                                                                                                                                                                                                                            ;
+----------+-------+----------+--------------+--------------+-------------+-----------------+------------------------+---------------+-----------------+------------+---------------+----------+--------------+--------------+------------------+-------------+----------------------+------+----------------------+---------------------+
; Name     ; Pin # ; I/O Bank ; X coordinate ; Y coordinate ; Cell number ; Output Register ; Output Enable Register ; Power Up High ; PCI I/O Enabled ; Open Drain ; TRI Primitive ; Bus Hold ; Weak Pull Up ; I/O Standard ; Current Strength ; Termination ; Location assigned by ; Load ; Output Enable Source ; Output Enable Group ;
+----------+-------+----------+--------------+--------------+-------------+-----------------+------------------------+---------------+-----------------+------------+---------------+----------+--------------+--------------+------------------+-------------+----------------------+------+----------------------+---------------------+
; HEX0[0]  ; AF10  ; 8        ; 24           ; 0            ; 2           ; no              ; no                     ; no            ; no              ; no         ; no            ; no       ; Off          ; 3.3-V LVTTL  ; 24mA             ; Off         ; User                 ; 0 pF ; -                    ; -                   ;
; HEX0[1]  ; AB12  ; 8        ; 24           ; 0            ; 1           ; no              ; no                     ; no            ; no              ; no         ; no            ; no       ; Off          ; 3.3-V LVTTL  ; 24mA             ; Off         ; User                 ; 0 pF ; -                    ; -                   ;
; HEX0[2]  ; AC12  ; 8        ; 24           ; 0            ; 0           ; no              ; no                     ; no            ; no              ; no         ; no            ; no       ; Off          ; 3.3-V LVTTL  ; 24mA             ; Off         ; User                 ; 0 pF ; -                    ; -                   ;
; HEX0[3]  ; AD11  ; 8        ; 27           ; 0            ; 3           ; no              ; no                     ; no            ; no              ; no         ; no            ; no       ; Off          ; 3.3-V LVTTL  ; 24mA             ; Off         ; User                 ; 0 pF ; -                    ; -                   ;
; HEX0[4]  ; AE11  ; 8        ; 27           ; 0            ; 2           ; no              ; no                     ; no            ; no              ; no         ; no            ; no       ; Off          ; 3.3-V LVTTL  ; 24mA             ; Off         ; User                 ; 0 pF ; -                    ; -                   ;
; HEX0[5]  ; V14   ; 8        ; 27           ; 0            ; 1           ; no              ; no                     ; no            ; no              ; no         ; no            ; no       ; Off          ; 3.3-V LVTTL  ; 24mA             ; Off         ; User                 ; 0 pF ; -                    ; -                   ;
; HEX0[6]  ; V13   ; 8        ; 27           ; 0            ; 0           ; no              ; no                     ; no            ; no              ; no         ; no            ; no       ; Off          ; 3.3-V LVTTL  ; 24mA             ; Off         ; User                 ; 0 pF ; -                    ; -                   ;
; HEX1[0]  ; V20   ; 6        ; 65           ; 3            ; 1           ; no              ; no                     ; no            ; no              ; no         ; no            ; no       ; Off          ; 3.3-V LVTTL  ; 24mA             ; Off         ; User                 ; 0 pF ; -                    ; -                   ;
; HEX1[1]  ; V21   ; 6        ; 65           ; 3            ; 0           ; no              ; no                     ; no            ; no              ; no         ; no            ; no       ; Off          ; 3.3-V LVTTL  ; 24mA             ; Off         ; User                 ; 0 pF ; -                    ; -                   ;
; HEX1[2]  ; W21   ; 6        ; 65           ; 4            ; 2           ; no              ; no                     ; no            ; no              ; no         ; no            ; no       ; Off          ; 3.3-V LVTTL  ; 24mA             ; Off         ; User                 ; 0 pF ; -                    ; -                   ;
; HEX1[3]  ; Y22   ; 6        ; 65           ; 4            ; 1           ; no              ; no                     ; no            ; no              ; no         ; no            ; no       ; Off          ; 3.3-V LVTTL  ; 24mA             ; Off         ; User                 ; 0 pF ; -                    ; -                   ;
; HEX1[4]  ; AA24  ; 6        ; 65           ; 4            ; 0           ; no              ; no                     ; no            ; no              ; no         ; no            ; no       ; Off          ; 3.3-V LVTTL  ; 24mA             ; Off         ; User                 ; 0 pF ; -                    ; -                   ;
; HEX1[5]  ; AA23  ; 6        ; 65           ; 5            ; 2           ; no              ; no                     ; no            ; no              ; no         ; no            ; no       ; Off          ; 3.3-V LVTTL  ; 24mA             ; Off         ; User                 ; 0 pF ; -                    ; -                   ;
; HEX1[6]  ; AB24  ; 6        ; 65           ; 5            ; 1           ; no              ; no                     ; no            ; no              ; no         ; no            ; no       ; Off          ; 3.3-V LVTTL  ; 24mA             ; Off         ; User                 ; 0 pF ; -                    ; -                   ;
; HEX2[0]  ; AB23  ; 6        ; 65           ; 5            ; 0           ; no              ; no                     ; no            ; no              ; no         ; no            ; no       ; Off          ; 3.3-V LVTTL  ; 24mA             ; Off         ; User                 ; 0 pF ; -                    ; -                   ;
; HEX2[1]  ; V22   ; 6        ; 65           ; 6            ; 2           ; no              ; no                     ; no            ; no              ; no         ; no            ; no       ; Off          ; 3.3-V LVTTL  ; 24mA             ; Off         ; User                 ; 0 pF ; -                    ; -                   ;
; HEX2[2]  ; AC25  ; 6        ; 65           ; 6            ; 1           ; no              ; no                     ; no            ; no              ; no         ; no            ; no       ; Off          ; 3.3-V LVTTL  ; 24mA             ; Off         ; User                 ; 0 pF ; -                    ; -                   ;
; HEX2[3]  ; AC26  ; 6        ; 65           ; 6            ; 0           ; no              ; no                     ; no            ; no              ; no         ; no            ; no       ; Off          ; 3.3-V LVTTL  ; 24mA             ; Off         ; User                 ; 0 pF ; -                    ; -                   ;
; HEX2[4]  ; AB26  ; 6        ; 65           ; 7            ; 3           ; no              ; no                     ; no            ; no              ; no         ; no            ; no       ; Off          ; 3.3-V LVTTL  ; 24mA             ; Off         ; User                 ; 0 pF ; -                    ; -                   ;
; HEX2[5]  ; AB25  ; 6        ; 65           ; 7            ; 2           ; no              ; no                     ; no            ; no              ; no         ; no            ; no       ; Off          ; 3.3-V LVTTL  ; 24mA             ; Off         ; User                 ; 0 pF ; -                    ; -                   ;
; HEX2[6]  ; Y24   ; 6        ; 65           ; 7            ; 1           ; no              ; no                     ; no            ; no              ; no         ; no            ; no       ; Off          ; 3.3-V LVTTL  ; 24mA             ; Off         ; User                 ; 0 pF ; -                    ; -                   ;
; HEX3[0]  ; Y23   ; 6        ; 65           ; 7            ; 0           ; no              ; no                     ; no            ; no              ; no         ; no            ; no       ; Off          ; 3.3-V LVTTL  ; 24mA             ; Off         ; User                 ; 0 pF ; -                    ; -                   ;
; HEX3[1]  ; AA25  ; 6        ; 65           ; 8            ; 3           ; no              ; no                     ; no            ; no              ; no         ; no            ; no       ; Off          ; 3.3-V LVTTL  ; 24mA             ; Off         ; User                 ; 0 pF ; -                    ; -                   ;
; HEX3[2]  ; AA26  ; 6        ; 65           ; 8            ; 2           ; no              ; no                     ; no            ; no              ; no         ; no            ; no       ; Off          ; 3.3-V LVTTL  ; 24mA             ; Off         ; User                 ; 0 pF ; -                    ; -                   ;
; HEX3[3]  ; Y26   ; 6        ; 65           ; 8            ; 1           ; no              ; no                     ; no            ; no              ; no         ; no            ; no       ; Off          ; 3.3-V LVTTL  ; 24mA             ; Off         ; User                 ; 0 pF ; -                    ; -                   ;
; HEX3[4]  ; Y25   ; 6        ; 65           ; 8            ; 0           ; no              ; no                     ; no            ; no              ; no         ; no            ; no       ; Off          ; 3.3-V LVTTL  ; 24mA             ; Off         ; User                 ; 0 pF ; -                    ; -                   ;
; HEX3[5]  ; U22   ; 6        ; 65           ; 9            ; 2           ; no              ; no                     ; no            ; no              ; no         ; no            ; no       ; Off          ; 3.3-V LVTTL  ; 24mA             ; Off         ; User                 ; 0 pF ; -                    ; -                   ;
; HEX3[6]  ; W24   ; 6        ; 65           ; 9            ; 1           ; no              ; no                     ; no            ; no              ; no         ; no            ; no       ; Off          ; 3.3-V LVTTL  ; 24mA             ; Off         ; User                 ; 0 pF ; -                    ; -                   ;
; HEX4[0]  ; U9    ; 1        ; 0            ; 13           ; 2           ; no              ; no                     ; no            ; no              ; no         ; no            ; no       ; Off          ; 3.3-V LVTTL  ; 24mA             ; Off         ; User                 ; 0 pF ; -                    ; -                   ;
; HEX4[1]  ; U1    ; 1        ; 0            ; 13           ; 1           ; no              ; no                     ; no            ; no              ; no         ; no            ; no       ; Off          ; 3.3-V LVTTL  ; 24mA             ; Off         ; User                 ; 0 pF ; -                    ; -                   ;
; HEX4[2]  ; U2    ; 1        ; 0            ; 13           ; 0           ; no              ; no                     ; no            ; no              ; no         ; no            ; no       ; Off          ; 3.3-V LVTTL  ; 24mA             ; Off         ; User                 ; 0 pF ; -                    ; -                   ;
; HEX4[3]  ; T4    ; 1        ; 0            ; 14           ; 2           ; no              ; no                     ; no            ; no              ; no         ; no            ; no       ; Off          ; 3.3-V LVTTL  ; 24mA             ; Off         ; User                 ; 0 pF ; -                    ; -                   ;
; HEX4[4]  ; R7    ; 1        ; 0            ; 14           ; 1           ; no              ; no                     ; no            ; no              ; no         ; no            ; no       ; Off          ; 3.3-V LVTTL  ; 24mA             ; Off         ; User                 ; 0 pF ; -                    ; -                   ;
; HEX4[5]  ; R6    ; 1        ; 0            ; 14           ; 0           ; no              ; no                     ; no            ; no              ; no         ; no            ; no       ; Off          ; 3.3-V LVTTL  ; 24mA             ; Off         ; User                 ; 0 pF ; -                    ; -                   ;
; HEX4[6]  ; T3    ; 1        ; 0            ; 15           ; 3           ; no              ; no                     ; no            ; no              ; no         ; no            ; no       ; Off          ; 3.3-V LVTTL  ; 24mA             ; Off         ; User                 ; 0 pF ; -                    ; -                   ;
; HEX5[0]  ; T2    ; 1        ; 0            ; 15           ; 2           ; no              ; no                     ; no            ; no              ; no         ; no            ; no       ; Off          ; 3.3-V LVTTL  ; 24mA             ; Off         ; User                 ; 0 pF ; -                    ; -                   ;
; HEX5[1]  ; P6    ; 1        ; 0            ; 15           ; 1           ; no              ; no                     ; no            ; no              ; no         ; no            ; no       ; Off          ; 3.3-V LVTTL  ; 24mA             ; Off         ; User                 ; 0 pF ; -                    ; -                   ;
; HEX5[2]  ; P7    ; 1        ; 0            ; 15           ; 0           ; no              ; no                     ; no            ; no              ; no         ; no            ; no       ; Off          ; 3.3-V LVTTL  ; 24mA             ; Off         ; User                 ; 0 pF ; -                    ; -                   ;
; HEX5[3]  ; T9    ; 1        ; 0            ; 16           ; 3           ; no              ; no                     ; no            ; no              ; no         ; no            ; no       ; Off          ; 3.3-V LVTTL  ; 24mA             ; Off         ; User                 ; 0 pF ; -                    ; -                   ;
; HEX5[4]  ; R5    ; 1        ; 0            ; 16           ; 1           ; no              ; no                     ; no            ; no              ; no         ; no            ; no       ; Off          ; 3.3-V LVTTL  ; 24mA             ; Off         ; User                 ; 0 pF ; -                    ; -                   ;
; HEX5[5]  ; R4    ; 1        ; 0            ; 16           ; 0           ; no              ; no                     ; no            ; no              ; no         ; no            ; no       ; Off          ; 3.3-V LVTTL  ; 24mA             ; Off         ; User                 ; 0 pF ; -                    ; -                   ;
; HEX5[6]  ; R3    ; 1        ; 0            ; 17           ; 3           ; no              ; no                     ; no            ; no              ; no         ; no            ; no       ; Off          ; 3.3-V LVTTL  ; 24mA             ; Off         ; User                 ; 0 pF ; -                    ; -                   ;
; HEX6[0]  ; R2    ; 1        ; 0            ; 17           ; 2           ; no              ; no                     ; no            ; no              ; no         ; no            ; no       ; Off          ; 3.3-V LVTTL  ; 24mA             ; Off         ; User                 ; 0 pF ; -                    ; -                   ;
; HEX6[1]  ; P4    ; 1        ; 0            ; 17           ; 1           ; no              ; no                     ; no            ; no              ; no         ; no            ; no       ; Off          ; 3.3-V LVTTL  ; 24mA             ; Off         ; User                 ; 0 pF ; -                    ; -                   ;
; HEX6[2]  ; P3    ; 1        ; 0            ; 17           ; 0           ; no              ; no                     ; no            ; no              ; no         ; no            ; no       ; Off          ; 3.3-V LVTTL  ; 24mA             ; Off         ; User                 ; 0 pF ; -                    ; -                   ;
; HEX6[3]  ; M2    ; 2        ; 0            ; 23           ; 4           ; no              ; no                     ; no            ; no              ; no         ; no            ; no       ; Off          ; 3.3-V LVTTL  ; 24mA             ; Off         ; User                 ; 0 pF ; -                    ; -                   ;
; HEX6[4]  ; M3    ; 2        ; 0            ; 23           ; 3           ; no              ; no                     ; no            ; no              ; no         ; no            ; no       ; Off          ; 3.3-V LVTTL  ; 24mA             ; Off         ; User                 ; 0 pF ; -                    ; -                   ;
; HEX6[5]  ; M5    ; 2        ; 0            ; 23           ; 2           ; no              ; no                     ; no            ; no              ; no         ; no            ; no       ; Off          ; 3.3-V LVTTL  ; 24mA             ; Off         ; User                 ; 0 pF ; -                    ; -                   ;
; HEX6[6]  ; M4    ; 2        ; 0            ; 23           ; 1           ; no              ; no                     ; no            ; no              ; no         ; no            ; no       ; Off          ; 3.3-V LVTTL  ; 24mA             ; Off         ; User                 ; 0 pF ; -                    ; -                   ;
; HEX7[0]  ; L3    ; 2        ; 0            ; 24           ; 4           ; no              ; no                     ; no            ; no              ; no         ; no            ; no       ; Off          ; 3.3-V LVTTL  ; 24mA             ; Off         ; User                 ; 0 pF ; -                    ; -                   ;
; HEX7[1]  ; L2    ; 2        ; 0            ; 24           ; 3           ; no              ; no                     ; no            ; no              ; no         ; no            ; no       ; Off          ; 3.3-V LVTTL  ; 24mA             ; Off         ; User                 ; 0 pF ; -                    ; -                   ;
; HEX7[2]  ; L9    ; 2        ; 0            ; 24           ; 2           ; no              ; no                     ; no            ; no              ; no         ; no            ; no       ; Off          ; 3.3-V LVTTL  ; 24mA             ; Off         ; User                 ; 0 pF ; -                    ; -                   ;
; HEX7[3]  ; L6    ; 2        ; 0            ; 24           ; 1           ; no              ; no                     ; no            ; no              ; no         ; no            ; no       ; Off          ; 3.3-V LVTTL  ; 24mA             ; Off         ; User                 ; 0 pF ; -                    ; -                   ;
; HEX7[4]  ; L7    ; 2        ; 0            ; 24           ; 0           ; no              ; no                     ; no            ; no              ; no         ; no            ; no       ; Off          ; 3.3-V LVTTL  ; 24mA             ; Off         ; User                 ; 0 pF ; -                    ; -                   ;
; HEX7[5]  ; P9    ; 2        ; 0            ; 25           ; 4           ; no              ; no                     ; no            ; no              ; no         ; no            ; no       ; Off          ; 3.3-V LVTTL  ; 24mA             ; Off         ; User                 ; 0 pF ; -                    ; -                   ;
; HEX7[6]  ; N9    ; 2        ; 0            ; 25           ; 3           ; no              ; no                     ; no            ; no              ; no         ; no            ; no       ; Off          ; 3.3-V LVTTL  ; 24mA             ; Off         ; User                 ; 0 pF ; -                    ; -                   ;
; LEDG[0]  ; AE22  ; 7        ; 59           ; 0            ; 0           ; no              ; no                     ; no            ; no              ; no         ; no            ; no       ; Off          ; 3.3-V LVTTL  ; 24mA             ; Off         ; User                 ; 0 pF ; -                    ; -                   ;
; LEDG[1]  ; AF22  ; 7        ; 59           ; 0            ; 1           ; no              ; no                     ; no            ; no              ; no         ; no            ; no       ; Off          ; 3.3-V LVTTL  ; 24mA             ; Off         ; User                 ; 0 pF ; -                    ; -                   ;
; LEDG[2]  ; W19   ; 7        ; 59           ; 0            ; 2           ; no              ; no                     ; no            ; no              ; no         ; no            ; no       ; Off          ; 3.3-V LVTTL  ; 24mA             ; Off         ; User                 ; 0 pF ; -                    ; -                   ;
; LEDG[3]  ; V18   ; 7        ; 59           ; 0            ; 3           ; no              ; no                     ; no            ; no              ; no         ; no            ; no       ; Off          ; 3.3-V LVTTL  ; 24mA             ; Off         ; User                 ; 0 pF ; -                    ; -                   ;
; LEDG[4]  ; U18   ; 7        ; 57           ; 0            ; 0           ; no              ; no                     ; no            ; no              ; no         ; no            ; no       ; Off          ; 3.3-V LVTTL  ; 24mA             ; Off         ; User                 ; 0 pF ; -                    ; -                   ;
; LEDG[5]  ; U17   ; 7        ; 57           ; 0            ; 1           ; no              ; no                     ; no            ; no              ; no         ; no            ; no       ; Off          ; 3.3-V LVTTL  ; 24mA             ; Off         ; User                 ; 0 pF ; -                    ; -                   ;
; LEDG[6]  ; AA20  ; 7        ; 57           ; 0            ; 2           ; no              ; no                     ; no            ; no              ; no         ; no            ; no       ; Off          ; 3.3-V LVTTL  ; 24mA             ; Off         ; User                 ; 0 pF ; -                    ; -                   ;
; LEDG[7]  ; Y18   ; 7        ; 57           ; 0            ; 3           ; no              ; no                     ; no            ; no              ; no         ; no            ; no       ; Off          ; 3.3-V LVTTL  ; 24mA             ; Off         ; User                 ; 0 pF ; -                    ; -                   ;
; LEDR[0]  ; AE23  ; 7        ; 63           ; 0            ; 0           ; no              ; no                     ; no            ; no              ; no         ; no            ; no       ; Off          ; 3.3-V LVTTL  ; 24mA             ; Off         ; User                 ; 0 pF ; -                    ; -                   ;
; LEDR[10] ; AA13  ; 7        ; 35           ; 0            ; 0           ; no              ; no                     ; no            ; no              ; no         ; no            ; no       ; Off          ; 3.3-V LVTTL  ; 24mA             ; Off         ; User                 ; 0 pF ; -                    ; -                   ;
; LEDR[11] ; AC14  ; 7        ; 35           ; 0            ; 1           ; no              ; no                     ; no            ; no              ; no         ; no            ; no       ; Off          ; 3.3-V LVTTL  ; 24mA             ; Off         ; User                 ; 0 pF ; -                    ; -                   ;
; LEDR[12] ; AD15  ; 7        ; 35           ; 0            ; 2           ; no              ; no                     ; no            ; no              ; no         ; no            ; no       ; Off          ; 3.3-V LVTTL  ; 24mA             ; Off         ; User                 ; 0 pF ; -                    ; -                   ;
; LEDR[13] ; AE15  ; 7        ; 35           ; 0            ; 3           ; no              ; no                     ; no            ; no              ; no         ; no            ; no       ; Off          ; 3.3-V LVTTL  ; 24mA             ; Off         ; User                 ; 0 pF ; -                    ; -                   ;
; LEDR[14] ; AF13  ; 8        ; 31           ; 0            ; 0           ; no              ; no                     ; no            ; no              ; no         ; no            ; no       ; Off          ; 3.3-V LVTTL  ; 24mA             ; Off         ; User                 ; 0 pF ; -                    ; -                   ;
; LEDR[15] ; AE13  ; 8        ; 31           ; 0            ; 1           ; no              ; no                     ; no            ; no              ; no         ; no            ; no       ; Off          ; 3.3-V LVTTL  ; 24mA             ; Off         ; User                 ; 0 pF ; -                    ; -                   ;
; LEDR[16] ; AE12  ; 8        ; 31           ; 0            ; 2           ; no              ; no                     ; no            ; no              ; no         ; no            ; no       ; Off          ; 3.3-V LVTTL  ; 24mA             ; Off         ; User                 ; 0 pF ; -                    ; -                   ;
; LEDR[17] ; AD12  ; 8        ; 31           ; 0            ; 3           ; no              ; no                     ; no            ; no              ; no         ; no            ; no       ; Off          ; 3.3-V LVTTL  ; 24mA             ; Off         ; User                 ; 0 pF ; -                    ; -                   ;
; LEDR[1]  ; AF23  ; 7        ; 63           ; 0            ; 1           ; no              ; no                     ; no            ; no              ; no         ; no            ; no       ; Off          ; 3.3-V LVTTL  ; 24mA             ; Off         ; User                 ; 0 pF ; -                    ; -                   ;
; LEDR[2]  ; AB21  ; 7        ; 63           ; 0            ; 2           ; no              ; no                     ; no            ; no              ; no         ; no            ; no       ; Off          ; 3.3-V LVTTL  ; 24mA             ; Off         ; User                 ; 0 pF ; -                    ; -                   ;
; LEDR[3]  ; AC22  ; 7        ; 63           ; 0            ; 3           ; no              ; no                     ; no            ; no              ; no         ; no            ; no       ; Off          ; 3.3-V LVTTL  ; 24mA             ; Off         ; User                 ; 0 pF ; -                    ; -                   ;
; LEDR[4]  ; AD22  ; 7        ; 61           ; 0            ; 0           ; no              ; no                     ; no            ; no              ; no         ; no            ; no       ; Off          ; 3.3-V LVTTL  ; 24mA             ; Off         ; User                 ; 0 pF ; -                    ; -                   ;
; LEDR[5]  ; AD23  ; 7        ; 61           ; 0            ; 1           ; no              ; no                     ; no            ; no              ; no         ; no            ; no       ; Off          ; 3.3-V LVTTL  ; 24mA             ; Off         ; User                 ; 0 pF ; -                    ; -                   ;
; LEDR[6]  ; AD21  ; 7        ; 61           ; 0            ; 2           ; no              ; no                     ; no            ; no              ; no         ; no            ; no       ; Off          ; 3.3-V LVTTL  ; 24mA             ; Off         ; User                 ; 0 pF ; -                    ; -                   ;
; LEDR[7]  ; AC21  ; 7        ; 61           ; 0            ; 3           ; no              ; no                     ; no            ; no              ; no         ; no            ; no       ; Off          ; 3.3-V LVTTL  ; 24mA             ; Off         ; User                 ; 0 pF ; -                    ; -                   ;
; LEDR[8]  ; AA14  ; 7        ; 37           ; 0            ; 2           ; no              ; no                     ; no            ; no              ; no         ; no            ; no       ; Off          ; 3.3-V LVTTL  ; 24mA             ; Off         ; User                 ; 0 pF ; -                    ; -                   ;
; LEDR[9]  ; Y13   ; 7        ; 37           ; 0            ; 3           ; no              ; no                     ; no            ; no              ; no         ; no            ; no       ; Off          ; 3.3-V LVTTL  ; 24mA             ; Off         ; User                 ; 0 pF ; -                    ; -                   ;
; UART_TXD ; B25   ; 5        ; 65           ; 32           ; 1           ; no              ; no                     ; no            ; no              ; no         ; no            ; no       ; Off          ; 3.3-V LVTTL  ; 24mA             ; Off         ; User                 ; 0 pF ; -                    ; -                   ;
+----------+-------+----------+--------------+--------------+-------------+-----------------+------------------------+---------------+-----------------+------------+---------------+----------+--------------+--------------+------------------+-------------+----------------------+------+----------------------+---------------------+


+---------------------------------------------------------------------------------------------------------------------------------------------------------------------------------------------------------------------------------------------------------------------------------------------------------------------------------------------------------------------------------------------------------------------------------------------------------------------+
; Bidir Pins                                                                                                                                                                                                                                                                                                                                                                                                                                                          ;
+------------+-------+----------+--------------+--------------+-------------+-----------------------+--------------------+--------+----------------+-----------------+------------------------+---------------+-----------------+------------+----------+--------------+--------------+------------------+-------------+----------------------+------+------------------------------------------------------------------------------------------+---------------------+
; Name       ; Pin # ; I/O Bank ; X coordinate ; Y coordinate ; Cell number ; Combinational Fan-Out ; Registered Fan-Out ; Global ; Input Register ; Output Register ; Output Enable Register ; Power Up High ; PCI I/O Enabled ; Open Drain ; Bus Hold ; Weak Pull Up ; I/O Standard ; Current Strength ; Termination ; Location assigned by ; Load ; Output Enable Source                                                                     ; Output Enable Group ;
+------------+-------+----------+--------------+--------------+-------------+-----------------------+--------------------+--------+----------------+-----------------+------------------------+---------------+-----------------+------------+----------+--------------+--------------+------------------+-------------+----------------------+------+------------------------------------------------------------------------------------------+---------------------+
; GPIO_0[0]  ; D25   ; 5        ; 65           ; 31           ; 1           ; 0                     ; 0                  ; no     ; no             ; no              ; no                     ; no            ; no              ; yes        ; no       ; Off          ; 3.3-V LVTTL  ; 24mA             ; Off         ; User                 ; 0 pF ; -                                                                                        ; -                   ;
; GPIO_0[10] ; N18   ; 5        ; 65           ; 29           ; 2           ; 0                     ; 0                  ; no     ; no             ; no              ; no                     ; no            ; no              ; yes        ; no       ; Off          ; 3.3-V LVTTL  ; 24mA             ; Off         ; User                 ; 0 pF ; -                                                                                        ; -                   ;
; GPIO_0[11] ; P18   ; 5        ; 65           ; 29           ; 3           ; 0                     ; 0                  ; no     ; no             ; no              ; no                     ; no            ; no              ; yes        ; no       ; Off          ; 3.3-V LVTTL  ; 24mA             ; Off         ; User                 ; 0 pF ; -                                                                                        ; -                   ;
; GPIO_0[12] ; G23   ; 5        ; 65           ; 28           ; 0           ; 0                     ; 0                  ; no     ; no             ; no              ; no                     ; no            ; no              ; yes        ; no       ; Off          ; 3.3-V LVTTL  ; 24mA             ; Off         ; User                 ; 0 pF ; -                                                                                        ; -                   ;
; GPIO_0[13] ; G24   ; 5        ; 65           ; 28           ; 1           ; 0                     ; 0                  ; no     ; no             ; no              ; no                     ; no            ; no              ; yes        ; no       ; Off          ; 3.3-V LVTTL  ; 24mA             ; Off         ; User                 ; 0 pF ; -                                                                                        ; -                   ;
; GPIO_0[14] ; K22   ; 5        ; 65           ; 28           ; 2           ; 0                     ; 0                  ; no     ; no             ; no              ; no                     ; no            ; no              ; yes        ; no       ; Off          ; 3.3-V LVTTL  ; 24mA             ; Off         ; User                 ; 0 pF ; -                                                                                        ; -                   ;
; GPIO_0[15] ; G25   ; 5        ; 65           ; 27           ; 0           ; 0                     ; 0                  ; no     ; no             ; no              ; no                     ; no            ; no              ; yes        ; no       ; Off          ; 3.3-V LVTTL  ; 24mA             ; Off         ; User                 ; 0 pF ; -                                                                                        ; -                   ;
; GPIO_0[16] ; H23   ; 5        ; 65           ; 27           ; 2           ; 0                     ; 0                  ; no     ; no             ; no              ; no                     ; no            ; no              ; yes        ; no       ; Off          ; 3.3-V LVTTL  ; 24mA             ; Off         ; User                 ; 0 pF ; -                                                                                        ; -                   ;
; GPIO_0[17] ; H24   ; 5        ; 65           ; 27           ; 3           ; 0                     ; 0                  ; no     ; no             ; no              ; no                     ; no            ; no              ; yes        ; no       ; Off          ; 3.3-V LVTTL  ; 24mA             ; Off         ; User                 ; 0 pF ; -                                                                                        ; -                   ;
; GPIO_0[18] ; J23   ; 5        ; 65           ; 26           ; 0           ; 0                     ; 0                  ; no     ; no             ; no              ; no                     ; no            ; no              ; no         ; no       ; Off          ; 3.3-V LVTTL  ; 24mA             ; Off         ; User                 ; 0 pF ; -                                                                                        ; -                   ;
; GPIO_0[19] ; J24   ; 5        ; 65           ; 26           ; 1           ; 0                     ; 0                  ; no     ; no             ; no              ; no                     ; no            ; no              ; no         ; no       ; Off          ; 3.3-V LVTTL  ; 24mA             ; Off         ; User                 ; 0 pF ; -                                                                                        ; -                   ;
; GPIO_0[1]  ; J22   ; 5        ; 65           ; 31           ; 2           ; 0                     ; 0                  ; no     ; no             ; no              ; no                     ; no            ; no              ; yes        ; no       ; Off          ; 3.3-V LVTTL  ; 24mA             ; Off         ; User                 ; 0 pF ; -                                                                                        ; -                   ;
; GPIO_0[20] ; H25   ; 5        ; 65           ; 26           ; 2           ; 0                     ; 0                  ; no     ; no             ; no              ; no                     ; no            ; no              ; no         ; no       ; Off          ; 3.3-V LVTTL  ; 24mA             ; Off         ; User                 ; 0 pF ; -                                                                                        ; -                   ;
; GPIO_0[21] ; H26   ; 5        ; 65           ; 26           ; 3           ; 0                     ; 0                  ; no     ; no             ; no              ; no                     ; no            ; no              ; no         ; no       ; Off          ; 3.3-V LVTTL  ; 24mA             ; Off         ; User                 ; 0 pF ; -                                                                                        ; -                   ;
; GPIO_0[22] ; H19   ; 5        ; 65           ; 26           ; 4           ; 0                     ; 0                  ; no     ; no             ; no              ; no                     ; no            ; no              ; no         ; no       ; Off          ; 3.3-V LVTTL  ; 24mA             ; Off         ; User                 ; 0 pF ; -                                                                                        ; -                   ;
; GPIO_0[23] ; K18   ; 5        ; 65           ; 25           ; 0           ; 0                     ; 0                  ; no     ; no             ; no              ; no                     ; no            ; no              ; no         ; no       ; Off          ; 3.3-V LVTTL  ; 24mA             ; Off         ; User                 ; 0 pF ; -                                                                                        ; -                   ;
; GPIO_0[24] ; K19   ; 5        ; 65           ; 25           ; 1           ; 0                     ; 0                  ; no     ; no             ; no              ; no                     ; no            ; no              ; no         ; no       ; Off          ; 3.3-V LVTTL  ; 24mA             ; Off         ; User                 ; 0 pF ; -                                                                                        ; -                   ;
; GPIO_0[25] ; K21   ; 5        ; 65           ; 25           ; 2           ; 0                     ; 0                  ; no     ; no             ; no              ; no                     ; no            ; no              ; no         ; no       ; Off          ; 3.3-V LVTTL  ; 24mA             ; Off         ; User                 ; 0 pF ; -                                                                                        ; -                   ;
; GPIO_0[26] ; K23   ; 5        ; 65           ; 25           ; 3           ; 0                     ; 0                  ; no     ; no             ; no              ; no                     ; no            ; no              ; no         ; no       ; Off          ; 3.3-V LVTTL  ; 24mA             ; Off         ; User                 ; 0 pF ; -                                                                                        ; -                   ;
; GPIO_0[27] ; K24   ; 5        ; 65           ; 25           ; 4           ; 0                     ; 0                  ; no     ; no             ; no              ; no                     ; no            ; no              ; yes        ; no       ; Off          ; 3.3-V LVTTL  ; 24mA             ; Off         ; User                 ; 0 pF ; -                                                                                        ; -                   ;
; GPIO_0[28] ; L21   ; 5        ; 65           ; 24           ; 0           ; 0                     ; 0                  ; no     ; no             ; no              ; no                     ; no            ; no              ; no         ; no       ; Off          ; 3.3-V LVTTL  ; 24mA             ; Off         ; User                 ; 0 pF ; -                                                                                        ; -                   ;
; GPIO_0[29] ; L20   ; 5        ; 65           ; 24           ; 1           ; 0                     ; 0                  ; no     ; no             ; no              ; no                     ; no            ; no              ; no         ; no       ; Off          ; 3.3-V LVTTL  ; 24mA             ; Off         ; User                 ; 0 pF ; -                                                                                        ; -                   ;
; GPIO_0[2]  ; E26   ; 5        ; 65           ; 31           ; 3           ; 0                     ; 0                  ; no     ; no             ; no              ; no                     ; no            ; no              ; yes        ; no       ; Off          ; 3.3-V LVTTL  ; 24mA             ; Off         ; User                 ; 0 pF ; -                                                                                        ; -                   ;
; GPIO_0[30] ; J25   ; 5        ; 65           ; 24           ; 2           ; 0                     ; 0                  ; no     ; no             ; no              ; no                     ; no            ; no              ; no         ; no       ; Off          ; 3.3-V LVTTL  ; 24mA             ; Off         ; User                 ; 0 pF ; -                                                                                        ; -                   ;
; GPIO_0[31] ; J26   ; 5        ; 65           ; 24           ; 3           ; 0                     ; 0                  ; no     ; no             ; no              ; no                     ; no            ; no              ; no         ; no       ; Off          ; 3.3-V LVTTL  ; 24mA             ; Off         ; User                 ; 0 pF ; -                                                                                        ; -                   ;
; GPIO_0[32] ; L23   ; 5        ; 65           ; 23           ; 0           ; 0                     ; 0                  ; no     ; no             ; no              ; no                     ; no            ; no              ; yes        ; no       ; Off          ; 3.3-V LVTTL  ; 24mA             ; Off         ; User                 ; 0 pF ; -                                                                                        ; -                   ;
; GPIO_0[33] ; L24   ; 5        ; 65           ; 23           ; 1           ; 0                     ; 0                  ; no     ; no             ; no              ; no                     ; no            ; no              ; no         ; no       ; Off          ; 3.3-V LVTTL  ; 24mA             ; Off         ; User                 ; 0 pF ; -                                                                                        ; -                   ;
; GPIO_0[34] ; L25   ; 5        ; 65           ; 23           ; 2           ; 0                     ; 0                  ; no     ; no             ; no              ; no                     ; no            ; no              ; no         ; no       ; Off          ; 3.3-V LVTTL  ; 24mA             ; Off         ; User                 ; 0 pF ; ov7670_lcm_wall_core:u_ov7670_lcm_wall_core|I2S_LCM_Config:u4|I2S_Controller:u0|mSDATA~1 ; -                   ;
; GPIO_0[35] ; L19   ; 5        ; 65           ; 23           ; 3           ; 0                     ; 0                  ; no     ; no             ; no              ; no                     ; no            ; no              ; no         ; no       ; Off          ; 3.3-V LVTTL  ; 24mA             ; Off         ; User                 ; 0 pF ; -                                                                                        ; -                   ;
; GPIO_0[3]  ; E25   ; 5        ; 65           ; 31           ; 4           ; 0                     ; 0                  ; no     ; no             ; no              ; no                     ; no            ; no              ; yes        ; no       ; Off          ; 3.3-V LVTTL  ; 24mA             ; Off         ; User                 ; 0 pF ; -                                                                                        ; -                   ;
; GPIO_0[4]  ; F24   ; 5        ; 65           ; 30           ; 0           ; 0                     ; 0                  ; no     ; no             ; no              ; no                     ; no            ; no              ; yes        ; no       ; Off          ; 3.3-V LVTTL  ; 24mA             ; Off         ; User                 ; 0 pF ; -                                                                                        ; -                   ;
; GPIO_0[5]  ; F23   ; 5        ; 65           ; 30           ; 1           ; 0                     ; 0                  ; no     ; no             ; no              ; no                     ; no            ; no              ; yes        ; no       ; Off          ; 3.3-V LVTTL  ; 24mA             ; Off         ; User                 ; 0 pF ; -                                                                                        ; -                   ;
; GPIO_0[6]  ; J21   ; 5        ; 65           ; 30           ; 2           ; 0                     ; 0                  ; no     ; no             ; no              ; no                     ; no            ; no              ; yes        ; no       ; Off          ; 3.3-V LVTTL  ; 24mA             ; Off         ; User                 ; 0 pF ; -                                                                                        ; -                   ;
; GPIO_0[7]  ; J20   ; 5        ; 65           ; 30           ; 3           ; 0                     ; 0                  ; no     ; no             ; no              ; no                     ; no            ; no              ; yes        ; no       ; Off          ; 3.3-V LVTTL  ; 24mA             ; Off         ; User                 ; 0 pF ; -                                                                                        ; -                   ;
; GPIO_0[8]  ; F25   ; 5        ; 65           ; 29           ; 0           ; 0                     ; 0                  ; no     ; no             ; no              ; no                     ; no            ; no              ; yes        ; no       ; Off          ; 3.3-V LVTTL  ; 24mA             ; Off         ; User                 ; 0 pF ; -                                                                                        ; -                   ;
; GPIO_0[9]  ; F26   ; 5        ; 65           ; 29           ; 1           ; 0                     ; 0                  ; no     ; no             ; no              ; no                     ; no            ; no              ; yes        ; no       ; Off          ; 3.3-V LVTTL  ; 24mA             ; Off         ; User                 ; 0 pF ; -                                                                                        ; -                   ;
; GPIO_1[0]  ; K25   ; 5        ; 65           ; 22           ; 0           ; 1                     ; 0                  ; no     ; no             ; no              ; no                     ; no            ; no              ; yes        ; no       ; Off          ; 3.3-V LVTTL  ; 24mA             ; Off         ; User                 ; 0 pF ; -                                                                                        ; -                   ;
; GPIO_1[10] ; N24   ; 5        ; 65           ; 20           ; 3           ; 8                     ; 0                  ; no     ; no             ; no              ; no                     ; no            ; no              ; yes        ; no       ; Off          ; 3.3-V LVTTL  ; 24mA             ; Off         ; User                 ; 0 pF ; -                                                                                        ; -                   ;
; GPIO_1[11] ; P24   ; 6        ; 65           ; 18           ; 1           ; 8                     ; 0                  ; no     ; no             ; no              ; no                     ; no            ; no              ; yes        ; no       ; Off          ; 3.3-V LVTTL  ; 24mA             ; Off         ; User                 ; 0 pF ; -                                                                                        ; -                   ;
; GPIO_1[12] ; R25   ; 6        ; 65           ; 17           ; 0           ; 8                     ; 0                  ; no     ; no             ; no              ; no                     ; no            ; no              ; yes        ; no       ; Off          ; 3.3-V LVTTL  ; 24mA             ; Off         ; User                 ; 0 pF ; -                                                                                        ; -                   ;
; GPIO_1[13] ; R24   ; 6        ; 65           ; 17           ; 1           ; 8                     ; 0                  ; no     ; no             ; no              ; no                     ; no            ; no              ; yes        ; no       ; Off          ; 3.3-V LVTTL  ; 24mA             ; Off         ; User                 ; 0 pF ; -                                                                                        ; -                   ;
; GPIO_1[14] ; R20   ; 6        ; 65           ; 16           ; 1           ; 8                     ; 0                  ; no     ; no             ; no              ; no                     ; no            ; no              ; yes        ; no       ; Off          ; 3.3-V LVTTL  ; 24mA             ; Off         ; User                 ; 0 pF ; -                                                                                        ; -                   ;
; GPIO_1[15] ; T22   ; 6        ; 65           ; 16           ; 2           ; 8                     ; 0                  ; no     ; no             ; no              ; no                     ; no            ; no              ; yes        ; no       ; Off          ; 3.3-V LVTTL  ; 24mA             ; Off         ; User                 ; 0 pF ; -                                                                                        ; -                   ;
; GPIO_1[16] ; T23   ; 6        ; 65           ; 16           ; 3           ; 0                     ; 0                  ; no     ; no             ; no              ; no                     ; no            ; no              ; yes        ; no       ; Off          ; 3.3-V LVTTL  ; 24mA             ; Off         ; User                 ; 0 pF ; -                                                                                        ; -                   ;
; GPIO_1[17] ; T24   ; 6        ; 65           ; 15           ; 2           ; 0                     ; 0                  ; no     ; no             ; no              ; no                     ; no            ; no              ; yes        ; no       ; Off          ; 3.3-V LVTTL  ; 24mA             ; Off         ; User                 ; 0 pF ; -                                                                                        ; -                   ;
; GPIO_1[18] ; T25   ; 6        ; 65           ; 15           ; 3           ; 0                     ; 0                  ; no     ; no             ; no              ; no                     ; no            ; no              ; yes        ; no       ; Off          ; 3.3-V LVTTL  ; 24mA             ; Off         ; User                 ; 0 pF ; -                                                                                        ; -                   ;
; GPIO_1[19] ; T18   ; 6        ; 65           ; 14           ; 0           ; 0                     ; 0                  ; no     ; no             ; no              ; no                     ; no            ; no              ; yes        ; no       ; Off          ; 3.3-V LVTTL  ; 24mA             ; Off         ; User                 ; 0 pF ; -                                                                                        ; -                   ;
; GPIO_1[1]  ; K26   ; 5        ; 65           ; 22           ; 1           ; 0                     ; 0                  ; no     ; no             ; no              ; no                     ; no            ; no              ; no         ; no       ; Off          ; 3.3-V LVTTL  ; 24mA             ; Off         ; User                 ; 0 pF ; -                                                                                        ; -                   ;
; GPIO_1[20] ; T21   ; 6        ; 65           ; 14           ; 2           ; 0                     ; 0                  ; no     ; no             ; no              ; no                     ; no            ; no              ; yes        ; no       ; Off          ; 3.3-V LVTTL  ; 24mA             ; Off         ; User                 ; 0 pF ; -                                                                                        ; -                   ;
; GPIO_1[21] ; T20   ; 6        ; 65           ; 14           ; 3           ; 0                     ; 0                  ; no     ; no             ; no              ; no                     ; no            ; no              ; yes        ; no       ; Off          ; 3.3-V LVTTL  ; 24mA             ; Off         ; User                 ; 0 pF ; -                                                                                        ; -                   ;
; GPIO_1[22] ; U26   ; 6        ; 65           ; 13           ; 0           ; 0                     ; 0                  ; no     ; no             ; no              ; no                     ; no            ; no              ; yes        ; no       ; Off          ; 3.3-V LVTTL  ; 24mA             ; Off         ; User                 ; 0 pF ; -                                                                                        ; -                   ;
; GPIO_1[23] ; U25   ; 6        ; 65           ; 13           ; 1           ; 0                     ; 0                  ; no     ; no             ; no              ; no                     ; no            ; no              ; yes        ; no       ; Off          ; 3.3-V LVTTL  ; 24mA             ; Off         ; User                 ; 0 pF ; -                                                                                        ; -                   ;
; GPIO_1[24] ; U23   ; 6        ; 65           ; 13           ; 2           ; 0                     ; 0                  ; no     ; no             ; no              ; no                     ; no            ; no              ; yes        ; no       ; Off          ; 3.3-V LVTTL  ; 24mA             ; Off         ; User                 ; 0 pF ; -                                                                                        ; -                   ;
; GPIO_1[25] ; U24   ; 6        ; 65           ; 13           ; 3           ; 0                     ; 0                  ; no     ; no             ; no              ; no                     ; no            ; no              ; yes        ; no       ; Off          ; 3.3-V LVTTL  ; 24mA             ; Off         ; User                 ; 0 pF ; -                                                                                        ; -                   ;
; GPIO_1[26] ; R19   ; 6        ; 65           ; 12           ; 0           ; 0                     ; 0                  ; no     ; no             ; no              ; no                     ; no            ; no              ; yes        ; no       ; Off          ; 3.3-V LVTTL  ; 24mA             ; Off         ; User                 ; 0 pF ; -                                                                                        ; -                   ;
; GPIO_1[27] ; T19   ; 6        ; 65           ; 12           ; 1           ; 0                     ; 0                  ; no     ; no             ; no              ; no                     ; no            ; no              ; yes        ; no       ; Off          ; 3.3-V LVTTL  ; 24mA             ; Off         ; User                 ; 0 pF ; -                                                                                        ; -                   ;
; GPIO_1[28] ; U20   ; 6        ; 65           ; 12           ; 2           ; 0                     ; 0                  ; no     ; no             ; no              ; no                     ; no            ; no              ; yes        ; no       ; Off          ; 3.3-V LVTTL  ; 24mA             ; Off         ; User                 ; 0 pF ; -                                                                                        ; -                   ;
; GPIO_1[29] ; U21   ; 6        ; 65           ; 11           ; 0           ; 0                     ; 0                  ; no     ; no             ; no              ; no                     ; no            ; no              ; yes        ; no       ; Off          ; 3.3-V LVTTL  ; 24mA             ; Off         ; User                 ; 0 pF ; -                                                                                        ; -                   ;
; GPIO_1[2]  ; M22   ; 5        ; 65           ; 22           ; 2           ; 0                     ; 0                  ; no     ; no             ; no              ; no                     ; no            ; no              ; yes        ; no       ; Off          ; 3.3-V LVTTL  ; 24mA             ; Off         ; User                 ; 0 pF ; -                                                                                        ; -                   ;
; GPIO_1[30] ; V26   ; 6        ; 65           ; 11           ; 1           ; 0                     ; 0                  ; no     ; no             ; no              ; no                     ; no            ; no              ; yes        ; no       ; Off          ; 3.3-V LVTTL  ; 24mA             ; Off         ; User                 ; 0 pF ; -                                                                                        ; -                   ;
; GPIO_1[31] ; V25   ; 6        ; 65           ; 11           ; 2           ; 0                     ; 0                  ; no     ; no             ; no              ; no                     ; no            ; no              ; yes        ; no       ; Off          ; 3.3-V LVTTL  ; 24mA             ; Off         ; User                 ; 0 pF ; -                                                                                        ; -                   ;
; GPIO_1[32] ; V24   ; 6        ; 65           ; 10           ; 0           ; 0                     ; 0                  ; no     ; no             ; no              ; no                     ; no            ; no              ; yes        ; no       ; Off          ; 3.3-V LVTTL  ; 24mA             ; Off         ; User                 ; 0 pF ; -                                                                                        ; -                   ;
; GPIO_1[33] ; V23   ; 6        ; 65           ; 10           ; 1           ; 0                     ; 0                  ; no     ; no             ; no              ; no                     ; no            ; no              ; yes        ; no       ; Off          ; 3.3-V LVTTL  ; 24mA             ; Off         ; User                 ; 0 pF ; -                                                                                        ; -                   ;
; GPIO_1[34] ; W25   ; 6        ; 65           ; 10           ; 3           ; 0                     ; 0                  ; no     ; no             ; no              ; no                     ; no            ; no              ; yes        ; no       ; Off          ; 3.3-V LVTTL  ; 24mA             ; Off         ; User                 ; 0 pF ; -                                                                                        ; -                   ;
; GPIO_1[35] ; W23   ; 6        ; 65           ; 9            ; 0           ; 0                     ; 0                  ; no     ; no             ; no              ; no                     ; no            ; no              ; yes        ; no       ; Off          ; 3.3-V LVTTL  ; 24mA             ; Off         ; User                 ; 0 pF ; -                                                                                        ; -                   ;
; GPIO_1[3]  ; M23   ; 5        ; 65           ; 22           ; 3           ; 0                     ; 0                  ; no     ; no             ; no              ; no                     ; no            ; no              ; yes        ; no       ; Off          ; 3.3-V LVTTL  ; 24mA             ; Off         ; User                 ; 0 pF ; -                                                                                        ; -                   ;
; GPIO_1[4]  ; M19   ; 5        ; 65           ; 21           ; 0           ; 0                     ; 0                  ; no     ; no             ; no              ; no                     ; no            ; no              ; no         ; no       ; Off          ; 3.3-V LVTTL  ; 24mA             ; Off         ; User                 ; 0 pF ; -                                                                                        ; -                   ;
; GPIO_1[5]  ; M20   ; 5        ; 65           ; 21           ; 1           ; 166                   ; 0                  ; no     ; no             ; no              ; no                     ; no            ; no              ; yes        ; no       ; Off          ; 3.3-V LVTTL  ; 24mA             ; Off         ; User                 ; 0 pF ; -                                                                                        ; -                   ;
; GPIO_1[6]  ; N20   ; 5        ; 65           ; 21           ; 2           ; 12                    ; 0                  ; no     ; no             ; no              ; no                     ; no            ; no              ; yes        ; no       ; Off          ; 3.3-V LVTTL  ; 24mA             ; Off         ; User                 ; 0 pF ; -                                                                                        ; -                   ;
; GPIO_1[7]  ; M21   ; 5        ; 65           ; 21           ; 3           ; 34                    ; 0                  ; no     ; no             ; no              ; no                     ; no            ; no              ; yes        ; no       ; Off          ; 3.3-V LVTTL  ; 24mA             ; Off         ; User                 ; 0 pF ; -                                                                                        ; -                   ;
; GPIO_1[8]  ; M24   ; 5        ; 65           ; 20           ; 0           ; 8                     ; 0                  ; no     ; no             ; no              ; no                     ; no            ; no              ; yes        ; no       ; Off          ; 3.3-V LVTTL  ; 24mA             ; Off         ; User                 ; 0 pF ; -                                                                                        ; -                   ;
; GPIO_1[9]  ; M25   ; 5        ; 65           ; 20           ; 1           ; 8                     ; 0                  ; no     ; no             ; no              ; no                     ; no            ; no              ; yes        ; no       ; Off          ; 3.3-V LVTTL  ; 24mA             ; Off         ; User                 ; 0 pF ; -                                                                                        ; -                   ;
+------------+-------+----------+--------------+--------------+-------------+-----------------------+--------------------+--------+----------------+-----------------+------------------------+---------------+-----------------+------------+----------+--------------+--------------+------------------+-------------+----------------------+------+------------------------------------------------------------------------------------------+---------------------+


+------------------------------------------------------------+
; I/O Bank Usage                                             ;
+----------+------------------+---------------+--------------+
; I/O Bank ; Usage            ; VCCIO Voltage ; VREF Voltage ;
+----------+------------------+---------------+--------------+
; 1        ; 24 / 64 ( 38 % ) ; 3.3V          ; --           ;
; 2        ; 15 / 59 ( 25 % ) ; 3.3V          ; --           ;
; 3        ; 1 / 56 ( 2 % )   ; 3.3V          ; --           ;
; 4        ; 2 / 58 ( 3 % )   ; 3.3V          ; --           ;
; 5        ; 53 / 65 ( 82 % ) ; 3.3V          ; --           ;
; 6        ; 50 / 59 ( 85 % ) ; 3.3V          ; --           ;
; 7        ; 24 / 58 ( 41 % ) ; 3.3V          ; --           ;
; 8        ; 13 / 56 ( 23 % ) ; 3.3V          ; --           ;
+----------+------------------+---------------+--------------+


+------------------------------------------------------------------------------------------------------------------------------------------------------------------------+
; All Package Pins                                                                                                                                                       ;
+----------+------------+----------+------------------------------------------+--------+--------------+---------+------------+-----------------+----------+--------------+
; Location ; Pad Number ; I/O Bank ; Pin Name/Usage                           ; Dir.   ; I/O Standard ; Voltage ; I/O Type   ; User Assignment ; Bus Hold ; Weak Pull Up ;
+----------+------------+----------+------------------------------------------+--------+--------------+---------+------------+-----------------+----------+--------------+
; A2       ;            ;          ; GND                                      ; gnd    ;              ;         ; --         ;                 ; --       ; --           ;
; A3       ;            ; 3        ; VCCIO3                                   ; power  ;              ; 3.3V    ; --         ;                 ; --       ; --           ;
; A4       ; 484        ; 3        ; GND*                                     ;        ;              ;         ; Column I/O ;                 ; no       ; Off          ;
; A5       ; 482        ; 3        ; GND*                                     ;        ;              ;         ; Column I/O ;                 ; no       ; Off          ;
; A6       ; 479        ; 3        ; GND*                                     ;        ;              ;         ; Column I/O ;                 ; no       ; Off          ;
; A7       ; 465        ; 3        ; GND*                                     ;        ;              ;         ; Column I/O ;                 ; no       ; Off          ;
; A8       ; 457        ; 3        ; GND*                                     ;        ;              ;         ; Column I/O ;                 ; no       ; Off          ;
; A9       ; 451        ; 3        ; GND*                                     ;        ;              ;         ; Column I/O ;                 ; no       ; Off          ;
; A10      ; 447        ; 3        ; GND*                                     ;        ;              ;         ; Column I/O ;                 ; no       ; Off          ;
; A11      ;            ; 3        ; VCCIO3                                   ; power  ;              ; 3.3V    ; --         ;                 ; --       ; --           ;
; A12      ;            ;          ; GND                                      ; gnd    ;              ;         ; --         ;                 ; --       ; --           ;
; A13      ; 430        ; 4        ; SW[9]                                    ; input  ; 3.3-V LVTTL  ;         ; Column I/O ; Y               ; no       ; Off          ;
; A14      ; 427        ; 4        ; GND*                                     ;        ;              ;         ; Column I/O ;                 ; no       ; Off          ;
; A15      ;            ;          ; GND                                      ; gnd    ;              ;         ; --         ;                 ; --       ; --           ;
; A16      ;            ; 4        ; VCCIO4                                   ; power  ;              ; 3.3V    ; --         ;                 ; --       ; --           ;
; A17      ; 412        ; 4        ; GND*                                     ;        ;              ;         ; Column I/O ;                 ; no       ; Off          ;
; A18      ; 406        ; 4        ; GND*                                     ;        ;              ;         ; Column I/O ;                 ; no       ; Off          ;
; A19      ; 394        ; 4        ; GND*                                     ;        ;              ;         ; Column I/O ;                 ; no       ; Off          ;
; A20      ; 390        ; 4        ; GND*                                     ;        ;              ;         ; Column I/O ;                 ; no       ; Off          ;
; A21      ; 382        ; 4        ; GND*                                     ;        ;              ;         ; Column I/O ;                 ; no       ; Off          ;
; A22      ; 379        ; 4        ; GND*                                     ;        ;              ;         ; Column I/O ;                 ; no       ; Off          ;
; A23      ; 378        ; 4        ; GND*                                     ;        ;              ;         ; Column I/O ;                 ; no       ; Off          ;
; A24      ;            ; 4        ; VCCIO4                                   ; power  ;              ; 3.3V    ; --         ;                 ; --       ; --           ;
; A25      ;            ;          ; GND                                      ; gnd    ;              ;         ; --         ;                 ; --       ; --           ;
; AA1      ; 107        ; 1        ; GND*                                     ;        ;              ;         ; Row I/O    ;                 ; no       ; Off          ;
; AA2      ; 106        ; 1        ; GND*                                     ;        ;              ;         ; Row I/O    ;                 ; no       ; Off          ;
; AA3      ; 117        ; 1        ; GND*                                     ;        ;              ;         ; Row I/O    ;                 ; no       ; Off          ;
; AA4      ; 116        ; 1        ; GND*                                     ;        ;              ;         ; Row I/O    ;                 ; no       ; Off          ;
; AA5      ; 120        ; 1        ; GND*                                     ;        ;              ;         ; Row I/O    ;                 ; no       ; Off          ;
; AA6      ; 130        ; 1        ; GND*                                     ;        ;              ;         ; Row I/O    ;                 ; no       ; Off          ;
; AA7      ; 129        ; 1        ; GND*                                     ;        ;              ;         ; Row I/O    ;                 ; no       ; Off          ;
; AA8      ;            ;          ; VCCA_PLL1                                ; power  ;              ; 1.2V    ; --         ;                 ; --       ; --           ;
; AA9      ; 152        ; 8        ; GND*                                     ;        ;              ;         ; Column I/O ;                 ; no       ; Off          ;
; AA10     ; 153        ; 8        ; GND*                                     ;        ;              ;         ; Column I/O ;                 ; no       ; Off          ;
; AA11     ; 155        ; 8        ; GND*                                     ;        ;              ;         ; Column I/O ;                 ; no       ; Off          ;
; AA12     ; 179        ; 8        ; GND*                                     ;        ;              ;         ; Column I/O ;                 ; no       ; Off          ;
; AA13     ; 192        ; 7        ; LEDR[10]                                 ; output ; 3.3-V LVTTL  ;         ; Column I/O ; Y               ; no       ; Off          ;
; AA14     ; 194        ; 7        ; LEDR[8]                                  ; output ; 3.3-V LVTTL  ;         ; Column I/O ; Y               ; no       ; Off          ;
; AA15     ; 197        ; 7        ; GND*                                     ;        ;              ;         ; Column I/O ;                 ; no       ; Off          ;
; AA16     ; 209        ; 7        ; GND*                                     ;        ;              ;         ; Column I/O ;                 ; no       ; Off          ;
; AA17     ; 219        ; 7        ; GND*                                     ;        ;              ;         ; Column I/O ;                 ; no       ; Off          ;
; AA18     ; 220        ; 7        ; GND*                                     ;        ;              ;         ; Column I/O ;                 ; no       ; Off          ;
; AA19     ;            ;          ; VCCA_PLL4                                ; power  ;              ; 1.2V    ; --         ;                 ; --       ; --           ;
; AA20     ; 230        ; 7        ; LEDG[6]                                  ; output ; 3.3-V LVTTL  ;         ; Column I/O ; Y               ; no       ; Off          ;
; AA21     ;            ;          ; GND_PLL4                                 ; gnd    ;              ;         ; --         ;                 ; --       ; --           ;
; AA22     ;            ; 6        ; VCCIO6                                   ; power  ;              ; 3.3V    ; --         ;                 ; --       ; --           ;
; AA23     ; 256        ; 6        ; HEX1[5]                                  ; output ; 3.3-V LVTTL  ;         ; Row I/O    ; Y               ; no       ; Off          ;
; AA24     ; 255        ; 6        ; HEX1[4]                                  ; output ; 3.3-V LVTTL  ;         ; Row I/O    ; Y               ; no       ; Off          ;
; AA25     ; 266        ; 6        ; HEX3[1]                                  ; output ; 3.3-V LVTTL  ;         ; Row I/O    ; Y               ; no       ; Off          ;
; AA26     ; 267        ; 6        ; HEX3[2]                                  ; output ; 3.3-V LVTTL  ;         ; Row I/O    ; Y               ; no       ; Off          ;
; AB1      ; 115        ; 1        ; GND*                                     ;        ;              ;         ; Row I/O    ;                 ; no       ; Off          ;
; AB2      ; 114        ; 1        ; GND*                                     ;        ;              ;         ; Row I/O    ;                 ; no       ; Off          ;
; AB3      ; 126        ; 1        ; GND*                                     ;        ;              ;         ; Row I/O    ;                 ; no       ; Off          ;
; AB4      ; 127        ; 1        ; GND*                                     ;        ;              ;         ; Row I/O    ;                 ; no       ; Off          ;
; AB5      ;            ; 1        ; VCCIO1                                   ; power  ;              ; 3.3V    ; --         ;                 ; --       ; --           ;
; AB6      ;            ; 8        ; VCCIO8                                   ; power  ;              ; 3.3V    ; --         ;                 ; --       ; --           ;
; AB7      ;            ;          ; GND                                      ; gnd    ;              ;         ; --         ;                 ; --       ; --           ;
; AB8      ; 147        ; 8        ; GND*                                     ;        ;              ;         ; Column I/O ;                 ; no       ; Off          ;
; AB9      ;            ; 8        ; VCCIO8                                   ; power  ;              ; 3.3V    ; --         ;                 ; --       ; --           ;
; AB10     ; 154        ; 8        ; GND*                                     ;        ;              ;         ; Column I/O ;                 ; no       ; Off          ;
; AB11     ;            ;          ; GND                                      ; gnd    ;              ;         ; --         ;                 ; --       ; --           ;
; AB12     ; 171        ; 8        ; HEX0[1]                                  ; output ; 3.3-V LVTTL  ;         ; Column I/O ; Y               ; no       ; Off          ;
; AB13     ;            ; 8        ; VCCIO8                                   ; power  ;              ; 3.3V    ; --         ;                 ; --       ; --           ;
; AB14     ;            ; 7        ; VCCIO7                                   ; power  ;              ; 3.3V    ; --         ;                 ; --       ; --           ;
; AB15     ; 198        ; 7        ; GND*                                     ;        ;              ;         ; Column I/O ;                 ; no       ; Off          ;
; AB16     ;            ;          ; GND                                      ; gnd    ;              ;         ; --         ;                 ; --       ; --           ;
; AB17     ;            ; 7        ; VCCIO7                                   ; power  ;              ; 3.3V    ; --         ;                 ; --       ; --           ;
; AB18     ; 215        ; 7        ; GND*                                     ;        ;              ;         ; Column I/O ;                 ; no       ; Off          ;
; AB19     ;            ;          ; GND                                      ; gnd    ;              ;         ; --         ;                 ; --       ; --           ;
; AB20     ; 225        ; 7        ; GND*                                     ;        ;              ;         ; Column I/O ;                 ; no       ; Off          ;
; AB21     ; 242        ; 7        ; LEDR[2]                                  ; output ; 3.3-V LVTTL  ;         ; Column I/O ; Y               ; no       ; Off          ;
; AB22     ;            ; 7        ; VCCIO7                                   ; power  ;              ; 3.3V    ; --         ;                 ; --       ; --           ;
; AB23     ; 258        ; 6        ; HEX2[0]                                  ; output ; 3.3-V LVTTL  ;         ; Row I/O    ; Y               ; no       ; Off          ;
; AB24     ; 257        ; 6        ; HEX1[6]                                  ; output ; 3.3-V LVTTL  ;         ; Row I/O    ; Y               ; no       ; Off          ;
; AB25     ; 263        ; 6        ; HEX2[5]                                  ; output ; 3.3-V LVTTL  ;         ; Row I/O    ; Y               ; no       ; Off          ;
; AB26     ; 262        ; 6        ; HEX2[4]                                  ; output ; 3.3-V LVTTL  ;         ; Row I/O    ; Y               ; no       ; Off          ;
; AC1      ; 119        ; 1        ; GND*                                     ;        ;              ;         ; Row I/O    ;                 ; no       ; Off          ;
; AC2      ; 118        ; 1        ; GND*                                     ;        ;              ;         ; Row I/O    ;                 ; no       ; Off          ;
; AC3      ; 128        ; 1        ; GND*                                     ;        ;              ;         ; Row I/O    ;                 ; no       ; Off          ;
; AC4      ;            ;          ; GND                                      ; gnd    ;              ;         ; --         ;                 ; --       ; --           ;
; AC5      ; 133        ; 8        ; GND*                                     ;        ;              ;         ; Column I/O ;                 ; no       ; Off          ;
; AC6      ; 134        ; 8        ; GND*                                     ;        ;              ;         ; Column I/O ;                 ; no       ; Off          ;
; AC7      ; 143        ; 8        ; GND*                                     ;        ;              ;         ; Column I/O ;                 ; --       ; --           ;
; AC8      ; 148        ; 8        ; GND*                                     ;        ;              ;         ; Column I/O ;                 ; no       ; Off          ;
; AC9      ; 163        ; 8        ; GND*                                     ;        ;              ;         ; Column I/O ;                 ; no       ; Off          ;
; AC10     ; 164        ; 8        ; GND*                                     ;        ;              ;         ; Column I/O ;                 ; no       ; Off          ;
; AC11     ; 168        ; 8        ; GND*                                     ;        ;              ;         ; Column I/O ;                 ; no       ; Off          ;
; AC12     ; 172        ; 8        ; HEX0[2]                                  ; output ; 3.3-V LVTTL  ;         ; Column I/O ; Y               ; no       ; Off          ;
; AC13     ; 185        ; 8        ; SW[6]                                    ; input  ; 3.3-V LVTTL  ;         ; Column I/O ; Y               ; no       ; Off          ;
; AC14     ; 191        ; 7        ; LEDR[11]                                 ; output ; 3.3-V LVTTL  ;         ; Column I/O ; Y               ; no       ; Off          ;
; AC15     ; 199        ; 7        ; GND*                                     ;        ;              ;         ; Column I/O ;                 ; no       ; Off          ;
; AC16     ; 202        ; 7        ; GND*                                     ;        ;              ;         ; Column I/O ;                 ; --       ; --           ;
; AC17     ; 207        ; 7        ; GND*                                     ;        ;              ;         ; Column I/O ;                 ; no       ; Off          ;
; AC18     ; 216        ; 7        ; GND*                                     ;        ;              ;         ; Column I/O ;                 ; no       ; Off          ;
; AC19     ; 222        ; 7        ; GND*                                     ;        ;              ;         ; Column I/O ;                 ; no       ; Off          ;
; AC20     ; 226        ; 7        ; GND*                                     ;        ;              ;         ; Column I/O ;                 ; no       ; Off          ;
; AC21     ; 237        ; 7        ; LEDR[7]                                  ; output ; 3.3-V LVTTL  ;         ; Column I/O ; Y               ; no       ; Off          ;
; AC22     ; 241        ; 7        ; LEDR[3]                                  ; output ; 3.3-V LVTTL  ;         ; Column I/O ; Y               ; no       ; Off          ;
; AC23     ; 245        ; 6        ; GND*                                     ;        ;              ;         ; Row I/O    ;                 ; no       ; Off          ;
; AC24     ;            ;          ; NC                                       ;        ;              ;         ; --         ;                 ; --       ; --           ;
; AC25     ; 260        ; 6        ; HEX2[2]                                  ; output ; 3.3-V LVTTL  ;         ; Row I/O    ; Y               ; no       ; Off          ;
; AC26     ; 261        ; 6        ; HEX2[3]                                  ; output ; 3.3-V LVTTL  ;         ; Row I/O    ; Y               ; no       ; Off          ;
; AD1      ;            ; 1        ; VCCIO1                                   ; power  ;              ; 3.3V    ; --         ;                 ; --       ; --           ;
; AD2      ; 122        ; 1        ; GND*                                     ;        ;              ;         ; Row I/O    ;                 ; no       ; Off          ;
; AD3      ; 123        ; 1        ; GND*                                     ;        ;              ;         ; Row I/O    ;                 ; no       ; Off          ;
; AD4      ; 135        ; 8        ; GND*                                     ;        ;              ;         ; Column I/O ;                 ; no       ; Off          ;
; AD5      ; 136        ; 8        ; GND*                                     ;        ;              ;         ; Column I/O ;                 ; no       ; Off          ;
; AD6      ; 139        ; 8        ; GND*                                     ;        ;              ;         ; Column I/O ;                 ; no       ; Off          ;
; AD7      ; 140        ; 8        ; GND*                                     ;        ;              ;         ; Column I/O ;                 ; no       ; Off          ;
; AD8      ; 149        ; 8        ; GND*                                     ;        ;              ;         ; Column I/O ;                 ; no       ; Off          ;
; AD9      ;            ;          ; GND                                      ; gnd    ;              ;         ; --         ;                 ; --       ; --           ;
; AD10     ; 167        ; 8        ; GND*                                     ;        ;              ;         ; Column I/O ;                 ; no       ; Off          ;
; AD11     ; 173        ; 8        ; HEX0[3]                                  ; output ; 3.3-V LVTTL  ;         ; Column I/O ; Y               ; no       ; Off          ;
; AD12     ; 181        ; 8        ; LEDR[17]                                 ; output ; 3.3-V LVTTL  ;         ; Column I/O ; Y               ; no       ; Off          ;
; AD13     ; 186        ; 8        ; SW[5]                                    ; input  ; 3.3-V LVTTL  ;         ; Column I/O ; Y               ; no       ; Off          ;
; AD14     ;            ;          ; GND                                      ; gnd    ;              ;         ; --         ;                 ; --       ; --           ;
; AD15     ; 190        ; 7        ; LEDR[12]                                 ; output ; 3.3-V LVTTL  ;         ; Column I/O ; Y               ; no       ; Off          ;
; AD16     ; 201        ; 7        ; GND*                                     ;        ;              ;         ; Column I/O ;                 ; no       ; Off          ;
; AD17     ; 208        ; 7        ; GND*                                     ;        ;              ;         ; Column I/O ;                 ; no       ; Off          ;
; AD18     ;            ;          ; GND                                      ; gnd    ;              ;         ; --         ;                 ; --       ; --           ;
; AD19     ; 221        ; 7        ; GND*                                     ;        ;              ;         ; Column I/O ;                 ; no       ; Off          ;
; AD20     ;            ; 7        ; VCCIO7                                   ; power  ;              ; 3.3V    ; --         ;                 ; --       ; --           ;
; AD21     ; 238        ; 7        ; LEDR[6]                                  ; output ; 3.3-V LVTTL  ;         ; Column I/O ; Y               ; no       ; Off          ;
; AD22     ; 240        ; 7        ; LEDR[4]                                  ; output ; 3.3-V LVTTL  ;         ; Column I/O ; Y               ; no       ; Off          ;
; AD23     ; 239        ; 7        ; LEDR[5]                                  ; output ; 3.3-V LVTTL  ;         ; Column I/O ; Y               ; no       ; Off          ;
; AD24     ; 249        ; 6        ; GND*                                     ;        ;              ;         ; Row I/O    ;                 ; no       ; Off          ;
; AD25     ; 248        ; 6        ; GND*                                     ;        ;              ;         ; Row I/O    ;                 ; no       ; Off          ;
; AD26     ;            ; 6        ; VCCIO6                                   ; power  ;              ; 3.3V    ; --         ;                 ; --       ; --           ;
; AE1      ;            ;          ; GND                                      ; gnd    ;              ;         ; --         ;                 ; --       ; --           ;
; AE2      ; 124        ; 1        ; GND*                                     ;        ;              ;         ; Row I/O    ;                 ; no       ; Off          ;
; AE3      ; 125        ; 1        ; GND*                                     ;        ;              ;         ; Row I/O    ;                 ; no       ; Off          ;
; AE4      ; 131        ; 8        ; GND*                                     ;        ;              ;         ; Column I/O ;                 ; no       ; Off          ;
; AE5      ; 137        ; 8        ; GND*                                     ;        ;              ;         ; Column I/O ;                 ; no       ; Off          ;
; AE6      ; 150        ; 8        ; GND*                                     ;        ;              ;         ; Column I/O ;                 ; no       ; Off          ;
; AE7      ; 157        ; 8        ; GND*                                     ;        ;              ;         ; Column I/O ;                 ; no       ; Off          ;
; AE8      ; 159        ; 8        ; GND*                                     ;        ;              ;         ; Column I/O ;                 ; no       ; Off          ;
; AE9      ; 165        ; 8        ; GND*                                     ;        ;              ;         ; Column I/O ;                 ; no       ; Off          ;
; AE10     ; 169        ; 8        ; GND*                                     ;        ;              ;         ; Column I/O ;                 ; no       ; Off          ;
; AE11     ; 174        ; 8        ; HEX0[4]                                  ; output ; 3.3-V LVTTL  ;         ; Column I/O ; Y               ; no       ; Off          ;
; AE12     ; 182        ; 8        ; LEDR[16]                                 ; output ; 3.3-V LVTTL  ;         ; Column I/O ; Y               ; no       ; Off          ;
; AE13     ; 183        ; 8        ; LEDR[15]                                 ; output ; 3.3-V LVTTL  ;         ; Column I/O ; Y               ; no       ; Off          ;
; AE14     ; 188        ; 7        ; SW[3]                                    ; input  ; 3.3-V LVTTL  ;         ; Column I/O ; Y               ; no       ; Off          ;
; AE15     ; 189        ; 7        ; LEDR[13]                                 ; output ; 3.3-V LVTTL  ;         ; Column I/O ; Y               ; no       ; Off          ;
; AE16     ; 200        ; 7        ; GND*                                     ;        ;              ;         ; Column I/O ;                 ; no       ; Off          ;
; AE17     ; 206        ; 7        ; GND*                                     ;        ;              ;         ; Column I/O ;                 ; no       ; Off          ;
; AE18     ; 212        ; 7        ; GND*                                     ;        ;              ;         ; Column I/O ;                 ; no       ; Off          ;
; AE19     ; 214        ; 7        ; GND*                                     ;        ;              ;         ; Column I/O ;                 ; no       ; Off          ;
; AE20     ; 224        ; 7        ; GND*                                     ;        ;              ;         ; Column I/O ;                 ; no       ; Off          ;
; AE21     ; 228        ; 7        ; GND*                                     ;        ;              ;         ; Column I/O ;                 ; no       ; Off          ;
; AE22     ; 236        ; 7        ; LEDG[0]                                  ; output ; 3.3-V LVTTL  ;         ; Column I/O ; Y               ; no       ; Off          ;
; AE23     ; 244        ; 7        ; LEDR[0]                                  ; output ; 3.3-V LVTTL  ;         ; Column I/O ; Y               ; no       ; Off          ;
; AE24     ; 247        ; 6        ; ~LVDS150p/nCEO~                          ; output ; 3.3-V LVTTL  ;         ; Row I/O    ; N               ; no       ; Off          ;
; AE25     ; 246        ; 6        ; GND*                                     ;        ;              ;         ; Row I/O    ;                 ; no       ; Off          ;
; AE26     ;            ;          ; GND                                      ; gnd    ;              ;         ; --         ;                 ; --       ; --           ;
; AF2      ;            ;          ; GND                                      ; gnd    ;              ;         ; --         ;                 ; --       ; --           ;
; AF3      ;            ; 8        ; VCCIO8                                   ; power  ;              ; 3.3V    ; --         ;                 ; --       ; --           ;
; AF4      ; 132        ; 8        ; GND*                                     ;        ;              ;         ; Column I/O ;                 ; no       ; Off          ;
; AF5      ; 138        ; 8        ; GND*                                     ;        ;              ;         ; Column I/O ;                 ; no       ; Off          ;
; AF6      ; 151        ; 8        ; GND*                                     ;        ;              ;         ; Column I/O ;                 ; no       ; Off          ;
; AF7      ; 158        ; 8        ; GND*                                     ;        ;              ;         ; Column I/O ;                 ; no       ; Off          ;
; AF8      ; 160        ; 8        ; GND*                                     ;        ;              ;         ; Column I/O ;                 ; no       ; Off          ;
; AF9      ; 166        ; 8        ; GND*                                     ;        ;              ;         ; Column I/O ;                 ; no       ; Off          ;
; AF10     ; 170        ; 8        ; HEX0[0]                                  ; output ; 3.3-V LVTTL  ;         ; Column I/O ; Y               ; no       ; Off          ;
; AF11     ;            ; 8        ; VCCIO8                                   ; power  ;              ; 3.3V    ; --         ;                 ; --       ; --           ;
; AF12     ;            ;          ; GND                                      ; gnd    ;              ;         ; --         ;                 ; --       ; --           ;
; AF13     ; 184        ; 8        ; LEDR[14]                                 ; output ; 3.3-V LVTTL  ;         ; Column I/O ; Y               ; no       ; Off          ;
; AF14     ; 187        ; 7        ; SW[4]                                    ; input  ; 3.3-V LVTTL  ;         ; Column I/O ; Y               ; no       ; Off          ;
; AF15     ;            ;          ; GND                                      ; gnd    ;              ;         ; --         ;                 ; --       ; --           ;
; AF16     ;            ; 7        ; VCCIO7                                   ; power  ;              ; 3.3V    ; --         ;                 ; --       ; --           ;
; AF17     ; 205        ; 7        ; GND*                                     ;        ;              ;         ; Column I/O ;                 ; no       ; Off          ;
; AF18     ; 211        ; 7        ; GND*                                     ;        ;              ;         ; Column I/O ;                 ; no       ; Off          ;
; AF19     ; 213        ; 7        ; GND*                                     ;        ;              ;         ; Column I/O ;                 ; no       ; Off          ;
; AF20     ; 223        ; 7        ; GND*                                     ;        ;              ;         ; Column I/O ;                 ; no       ; Off          ;
; AF21     ; 227        ; 7        ; GND*                                     ;        ;              ;         ; Column I/O ;                 ; no       ; Off          ;
; AF22     ; 235        ; 7        ; LEDG[1]                                  ; output ; 3.3-V LVTTL  ;         ; Column I/O ; Y               ; no       ; Off          ;
; AF23     ; 243        ; 7        ; LEDR[1]                                  ; output ; 3.3-V LVTTL  ;         ; Column I/O ; Y               ; no       ; Off          ;
; AF24     ;            ; 7        ; VCCIO7                                   ; power  ;              ; 3.3V    ; --         ;                 ; --       ; --           ;
; AF25     ;            ;          ; GND                                      ; gnd    ;              ;         ; --         ;                 ; --       ; --           ;
; B1       ;            ;          ; GND                                      ; gnd    ;              ;         ; --         ;                 ; --       ; --           ;
; B2       ; 2          ; 2        ; GND*                                     ;        ;              ;         ; Row I/O    ;                 ; no       ; Off          ;
; B3       ; 3          ; 2        ; GND*                                     ;        ;              ;         ; Row I/O    ;                 ; no       ; Off          ;
; B4       ; 483        ; 3        ; GND*                                     ;        ;              ;         ; Column I/O ;                 ; no       ; Off          ;
; B5       ; 481        ; 3        ; GND*                                     ;        ;              ;         ; Column I/O ;                 ; no       ; Off          ;
; B6       ; 480        ; 3        ; GND*                                     ;        ;              ;         ; Column I/O ;                 ; no       ; Off          ;
; B7       ; 466        ; 3        ; GND*                                     ;        ;              ;         ; Column I/O ;                 ; no       ; Off          ;
; B8       ; 458        ; 3        ; GND*                                     ;        ;              ;         ; Column I/O ;                 ; no       ; Off          ;
; B9       ; 452        ; 3        ; GND*                                     ;        ;              ;         ; Column I/O ;                 ; no       ; Off          ;
; B10      ; 448        ; 3        ; GND*                                     ;        ;              ;         ; Column I/O ;                 ; no       ; Off          ;
; B11      ; 435        ; 3        ; GND*                                     ;        ;              ;         ; Column I/O ;                 ; no       ; Off          ;
; B12      ; 433        ; 3        ; GND*                                     ;        ;              ;         ; Column I/O ;                 ; no       ; Off          ;
; B13      ; 429        ; 4        ; SW[8]                                    ; input  ; 3.3-V LVTTL  ;         ; Column I/O ; Y               ; no       ; Off          ;
; B14      ; 428        ; 4        ; GND*                                     ;        ;              ;         ; Column I/O ;                 ; no       ; Off          ;
; B15      ; 420        ; 4        ; GND*                                     ;        ;              ;         ; Column I/O ;                 ; no       ; Off          ;
; B16      ; 419        ; 4        ; GND*                                     ;        ;              ;         ; Column I/O ;                 ; no       ; Off          ;
; B17      ; 411        ; 4        ; GND*                                     ;        ;              ;         ; Column I/O ;                 ; no       ; Off          ;
; B18      ; 405        ; 4        ; GND*                                     ;        ;              ;         ; Column I/O ;                 ; no       ; Off          ;
; B19      ; 393        ; 4        ; GND*                                     ;        ;              ;         ; Column I/O ;                 ; no       ; Off          ;
; B20      ; 389        ; 4        ; GND*                                     ;        ;              ;         ; Column I/O ;                 ; no       ; Off          ;
; B21      ; 381        ; 4        ; GND*                                     ;        ;              ;         ; Column I/O ;                 ; no       ; Off          ;
; B22      ; 380        ; 4        ; GND*                                     ;        ;              ;         ; Column I/O ;                 ; no       ; Off          ;
; B23      ; 377        ; 4        ; GND*                                     ;        ;              ;         ; Column I/O ;                 ; no       ; Off          ;
; B24      ; 363        ; 5        ; GND*                                     ;        ;              ;         ; Row I/O    ;                 ; no       ; Off          ;
; B25      ; 362        ; 5        ; UART_TXD                                 ; output ; 3.3-V LVTTL  ;         ; Row I/O    ; Y               ; no       ; Off          ;
; B26      ;            ;          ; GND                                      ; gnd    ;              ;         ; --         ;                 ; --       ; --           ;
; C1       ;            ; 2        ; VCCIO2                                   ; power  ;              ; 3.3V    ; --         ;                 ; --       ; --           ;
; C2       ; 6          ; 2        ; GND*                                     ;        ;              ;         ; Row I/O    ;                 ; no       ; Off          ;
; C3       ; 7          ; 2        ; GND*                                     ;        ;              ;         ; Row I/O    ;                 ; no       ; Off          ;
; C4       ; 478        ; 3        ; GND*                                     ;        ;              ;         ; Column I/O ;                 ; no       ; Off          ;
; C5       ; 486        ; 3        ; GND*                                     ;        ;              ;         ; Column I/O ;                 ; no       ; Off          ;
; C6       ; 485        ; 3        ; GND*                                     ;        ;              ;         ; Column I/O ;                 ; no       ; Off          ;
; C7       ; 468        ; 3        ; GND*                                     ;        ;              ;         ; Column I/O ;                 ; no       ; Off          ;
; C8       ; 463        ; 3        ; GND*                                     ;        ;              ;         ; Column I/O ;                 ; no       ; Off          ;
; C9       ; 459        ; 3        ; GND*                                     ;        ;              ;         ; Column I/O ;                 ; no       ; Off          ;
; C10      ; 450        ; 3        ; GND*                                     ;        ;              ;         ; Column I/O ;                 ; no       ; Off          ;
; C11      ; 436        ; 3        ; GND*                                     ;        ;              ;         ; Column I/O ;                 ; no       ; Off          ;
; C12      ; 434        ; 3        ; GND*                                     ;        ;              ;         ; Column I/O ;                 ; no       ; Off          ;
; C13      ; 431        ; 3        ; SW[7]                                    ; input  ; 3.3-V LVTTL  ;         ; Column I/O ; Y               ; no       ; Off          ;
; C14      ;            ;          ; GND                                      ; gnd    ;              ;         ; --         ;                 ; --       ; --           ;
; C15      ; 421        ; 4        ; GND*                                     ;        ;              ;         ; Column I/O ;                 ; no       ; Off          ;
; C16      ; 418        ; 4        ; GND*                                     ;        ;              ;         ; Column I/O ;                 ; no       ; Off          ;
; C17      ; 404        ; 4        ; GND*                                     ;        ;              ;         ; Column I/O ;                 ; no       ; Off          ;
; C18      ;            ;          ; GND                                      ; gnd    ;              ;         ; --         ;                 ; --       ; --           ;
; C19      ; 391        ; 4        ; GND*                                     ;        ;              ;         ; Column I/O ;                 ; no       ; Off          ;
; C20      ;            ; 4        ; VCCIO4                                   ; power  ;              ; 3.3V    ; --         ;                 ; --       ; --           ;
; C21      ; 375        ; 4        ; GND*                                     ;        ;              ;         ; Column I/O ;                 ; no       ; Off          ;
; C22      ; 374        ; 4        ; GND*                                     ;        ;              ;         ; Column I/O ;                 ; no       ; Off          ;
; C23      ; 373        ; 4        ; GND*                                     ;        ;              ;         ; Column I/O ;                 ; no       ; Off          ;
; C24      ; 360        ; 5        ; GND*                                     ;        ;              ;         ; Row I/O    ;                 ; no       ; Off          ;
; C25      ; 361        ; 5        ; UART_RXD                                 ; input  ; 3.3-V LVTTL  ;         ; Row I/O    ; Y               ; no       ; Off          ;
; C26      ;            ; 5        ; VCCIO5                                   ; power  ;              ; 3.3V    ; --         ;                 ; --       ; --           ;
; D1       ; 13         ; 2        ; GND*                                     ;        ;              ;         ; Row I/O    ;                 ; no       ; Off          ;
; D2       ; 12         ; 2        ; GND*                                     ;        ;              ;         ; Row I/O    ;                 ; no       ; Off          ;
; D3       ; 1          ; 2        ; ~nCSO~ / RESERVED_INPUT_WITH_WEAK_PULLUP ; input  ; 3.3-V LVTTL  ;         ; Row I/O    ; N               ; no       ; On           ;
; D4       ;            ;          ; GND                                      ; gnd    ;              ;         ; --         ;                 ; --       ; --           ;
; D5       ; 477        ; 3        ; GND*                                     ;        ;              ;         ; Column I/O ;                 ; no       ; Off          ;
; D6       ; 467        ; 3        ; GND*                                     ;        ;              ;         ; Column I/O ;                 ; no       ; Off          ;
; D7       ; 469        ; 3        ; GND*                                     ;        ;              ;         ; Column I/O ;                 ; no       ; Off          ;
; D8       ; 464        ; 3        ; GND*                                     ;        ;              ;         ; Column I/O ;                 ; no       ; Off          ;
; D9       ; 460        ; 3        ; GND*                                     ;        ;              ;         ; Column I/O ;                 ; no       ; Off          ;
; D10      ; 449        ; 3        ; GND*                                     ;        ;              ;         ; Column I/O ;                 ; no       ; Off          ;
; D11      ; 445        ; 3        ; GND*                                     ;        ;              ;         ; Column I/O ;                 ; --       ; --           ;
; D12      ; 443        ; 3        ; GND*                                     ;        ;              ;         ; Column I/O ;                 ; no       ; Off          ;
; D13      ; 432        ; 3        ; GND+                                     ;        ;              ;         ; Column I/O ;                 ; --       ; --           ;
; D14      ; 426        ; 4        ; GND*                                     ;        ;              ;         ; Column I/O ;                 ; no       ; Off          ;
; D15      ; 417        ; 4        ; GND*                                     ;        ;              ;         ; Column I/O ;                 ; no       ; Off          ;
; D16      ; 415        ; 4        ; GND*                                     ;        ;              ;         ; Column I/O ;                 ; --       ; --           ;
; D17      ; 403        ; 4        ; GND*                                     ;        ;              ;         ; Column I/O ;                 ; no       ; Off          ;
; D18      ; 396        ; 4        ; GND*                                     ;        ;              ;         ; Column I/O ;                 ; no       ; Off          ;
; D19      ; 392        ; 4        ; GND*                                     ;        ;              ;         ; Column I/O ;                 ; no       ; Off          ;
; D20      ; 387        ; 4        ; GND*                                     ;        ;              ;         ; Column I/O ;                 ; no       ; Off          ;
; D21      ; 376        ; 4        ; GND*                                     ;        ;              ;         ; Column I/O ;                 ; no       ; Off          ;
; D22      ;            ; 4        ; VCCIO4                                   ; power  ;              ; 3.3V    ; --         ;                 ; --       ; --           ;
; D23      ; 369        ; 5        ; GND*                                     ;        ;              ;         ; Row I/O    ;                 ; no       ; Off          ;
; D24      ;            ;          ; GND                                      ; gnd    ;              ;         ; --         ;                 ; --       ; --           ;
; D25      ; 358        ; 5        ; GPIO_0[0]                                ; bidir  ; 3.3-V LVTTL  ;         ; Row I/O    ; Y               ; no       ; Off          ;
; D26      ; 359        ; 5        ; GND*                                     ;        ;              ;         ; Row I/O    ;                 ; no       ; Off          ;
; E1       ; 20         ; 2        ; GND*                                     ;        ;              ;         ; Row I/O    ;                 ; no       ; Off          ;
; E2       ; 19         ; 2        ; GND*                                     ;        ;              ;         ; Row I/O    ;                 ; no       ; Off          ;
; E3       ; 0          ; 2        ; ~ASDO~ / RESERVED_INPUT_WITH_WEAK_PULLUP ; input  ; 3.3-V LVTTL  ;         ; Row I/O    ; N               ; no       ; On           ;
; E4       ;            ;          ; GND_PLL3                                 ; gnd    ;              ;         ; --         ;                 ; --       ; --           ;
; E5       ; 4          ; 2        ; GND*                                     ;        ;              ;         ; Row I/O    ;                 ; no       ; Off          ;
; E6       ;            ; 3        ; VCCIO3                                   ; power  ;              ; 3.3V    ; --         ;                 ; --       ; --           ;
; E7       ;            ;          ; GND                                      ; gnd    ;              ;         ; --         ;                 ; --       ; --           ;
; E8       ; 474        ; 3        ; GND*                                     ;        ;              ;         ; Column I/O ;                 ; --       ; --           ;
; E9       ;            ; 3        ; VCCIO3                                   ; power  ;              ; 3.3V    ; --         ;                 ; --       ; --           ;
; E10      ; 453        ; 3        ; GND*                                     ;        ;              ;         ; Column I/O ;                 ; no       ; Off          ;
; E11      ;            ;          ; GND                                      ; gnd    ;              ;         ; --         ;                 ; --       ; --           ;
; E12      ; 444        ; 3        ; GND*                                     ;        ;              ;         ; Column I/O ;                 ; no       ; Off          ;
; E13      ;            ; 3        ; VCCIO3                                   ; power  ;              ; 3.3V    ; --         ;                 ; --       ; --           ;
; E14      ;            ; 4        ; VCCIO4                                   ; power  ;              ; 3.3V    ; --         ;                 ; --       ; --           ;
; E15      ; 416        ; 4        ; GND*                                     ;        ;              ;         ; Column I/O ;                 ; no       ; Off          ;
; E16      ;            ;          ; GND                                      ; gnd    ;              ;         ; --         ;                 ; --       ; --           ;
; E17      ;            ; 4        ; VCCIO4                                   ; power  ;              ; 3.3V    ; --         ;                 ; --       ; --           ;
; E18      ; 395        ; 4        ; GND*                                     ;        ;              ;         ; Column I/O ;                 ; no       ; Off          ;
; E19      ;            ;          ; GND                                      ; gnd    ;              ;         ; --         ;                 ; --       ; --           ;
; E20      ; 388        ; 4        ; GND*                                     ;        ;              ;         ; Column I/O ;                 ; --       ; --           ;
; E21      ;            ;          ; GND_PLL2                                 ; gnd    ;              ;         ; --         ;                 ; --       ; --           ;
; E22      ; 370        ; 5        ; GND*                                     ;        ;              ;         ; Row I/O    ;                 ; no       ; Off          ;
; E23      ; 365        ; 5        ; GND*                                     ;        ;              ;         ; Row I/O    ;                 ; no       ; Off          ;
; E24      ; 364        ; 5        ; GND*                                     ;        ;              ;         ; Row I/O    ;                 ; no       ; Off          ;
; E25      ; 355        ; 5        ; GPIO_0[3]                                ; bidir  ; 3.3-V LVTTL  ;         ; Row I/O    ; Y               ; no       ; Off          ;
; E26      ; 356        ; 5        ; GPIO_0[2]                                ; bidir  ; 3.3-V LVTTL  ;         ; Row I/O    ; Y               ; no       ; Off          ;
; F1       ; 29         ; 2        ; GND*                                     ;        ;              ;         ; Row I/O    ;                 ; no       ; Off          ;
; F2       ; 28         ; 2        ; GND*                                     ;        ;              ;         ; Row I/O    ;                 ; no       ; Off          ;
; F3       ; 10         ; 2        ; GND*                                     ;        ;              ;         ; Row I/O    ;                 ; no       ; Off          ;
; F4       ; 11         ; 2        ; GND*                                     ;        ;              ;         ; Row I/O    ;                 ; no       ; Off          ;
; F5       ;            ; 2        ; VCCIO2                                   ; power  ;              ; 3.3V    ; --         ;                 ; --       ; --           ;
; F6       ; 5          ; 2        ; GND*                                     ;        ;              ;         ; Row I/O    ;                 ; no       ; Off          ;
; F7       ; 14         ; 2        ; GND*                                     ;        ;              ;         ; Row I/O    ;                 ; no       ; Off          ;
; F8       ;            ;          ; GNDA_PLL3                                ; gnd    ;              ;         ; --         ;                 ; --       ; --           ;
; F9       ; 470        ; 3        ; GND*                                     ;        ;              ;         ; Column I/O ;                 ; no       ; Off          ;
; F10      ; 462        ; 3        ; GND*                                     ;        ;              ;         ; Column I/O ;                 ; no       ; Off          ;
; F11      ; 454        ; 3        ; GND*                                     ;        ;              ;         ; Column I/O ;                 ; no       ; Off          ;
; F12      ; 440        ; 3        ; GND*                                     ;        ;              ;         ; Column I/O ;                 ; no       ; Off          ;
; F13      ; 423        ; 4        ; GND*                                     ;        ;              ;         ; Column I/O ;                 ; no       ; Off          ;
; F14      ; 425        ; 4        ; GND*                                     ;        ;              ;         ; Column I/O ;                 ; no       ; Off          ;
; F15      ; 409        ; 4        ; GND*                                     ;        ;              ;         ; Column I/O ;                 ; no       ; Off          ;
; F16      ; 408        ; 4        ; GND*                                     ;        ;              ;         ; Column I/O ;                 ; no       ; Off          ;
; F17      ; 401        ; 4        ; GND*                                     ;        ;              ;         ; Column I/O ;                 ; no       ; Off          ;
; F18      ; 398        ; 4        ; GND*                                     ;        ;              ;         ; Column I/O ;                 ; no       ; Off          ;
; F19      ;            ;          ; GNDA_PLL2                                ; gnd    ;              ;         ; --         ;                 ; --       ; --           ;
; F20      ; 372        ; 5        ; GND*                                     ;        ;              ;         ; Row I/O    ;                 ; no       ; Off          ;
; F21      ; 371        ; 5        ; GND*                                     ;        ;              ;         ; Row I/O    ;                 ; no       ; Off          ;
; F22      ;            ; 5        ; VCCIO5                                   ; power  ;              ; 3.3V    ; --         ;                 ; --       ; --           ;
; F23      ; 353        ; 5        ; GPIO_0[5]                                ; bidir  ; 3.3-V LVTTL  ;         ; Row I/O    ; Y               ; no       ; Off          ;
; F24      ; 354        ; 5        ; GPIO_0[4]                                ; bidir  ; 3.3-V LVTTL  ;         ; Row I/O    ; Y               ; no       ; Off          ;
; F25      ; 350        ; 5        ; GPIO_0[8]                                ; bidir  ; 3.3-V LVTTL  ;         ; Row I/O    ; Y               ; no       ; Off          ;
; F26      ; 349        ; 5        ; GPIO_0[9]                                ; bidir  ; 3.3-V LVTTL  ;         ; Row I/O    ; Y               ; no       ; Off          ;
; G1       ; 30         ; 2        ; GND*                                     ;        ;              ;         ; Row I/O    ;                 ; no       ; Off          ;
; G2       ; 31         ; 2        ; GND*                                     ;        ;              ;         ; Row I/O    ;                 ; no       ; Off          ;
; G3       ; 24         ; 2        ; GND*                                     ;        ;              ;         ; Row I/O    ;                 ; no       ; Off          ;
; G4       ; 23         ; 2        ; GND*                                     ;        ;              ;         ; Row I/O    ;                 ; no       ; Off          ;
; G5       ; 8          ; 2        ; GND*                                     ;        ;              ;         ; Row I/O    ;                 ; no       ; Off          ;
; G6       ; 9          ; 2        ; GND*                                     ;        ;              ;         ; Row I/O    ;                 ; no       ; Off          ;
; G7       ;            ;          ; GND_PLL3                                 ; gnd    ;              ;         ; --         ;                 ; --       ; --           ;
; G8       ;            ;          ; VCCA_PLL3                                ; power  ;              ; 1.2V    ; --         ;                 ; --       ; --           ;
; G9       ; 471        ; 3        ; GND*                                     ;        ;              ;         ; Column I/O ;                 ; no       ; Off          ;
; G10      ; 461        ; 3        ; GND*                                     ;        ;              ;         ; Column I/O ;                 ; no       ; Off          ;
; G11      ; 446        ; 3        ; GND*                                     ;        ;              ;         ; Column I/O ;                 ; no       ; Off          ;
; G12      ; 439        ; 3        ; GND*                                     ;        ;              ;         ; Column I/O ;                 ; no       ; Off          ;
; G13      ; 422        ; 4        ; GND*                                     ;        ;              ;         ; Column I/O ;                 ; no       ; Off          ;
; G14      ; 424        ; 4        ; GND*                                     ;        ;              ;         ; Column I/O ;                 ; no       ; Off          ;
; G15      ; 410        ; 4        ; GND*                                     ;        ;              ;         ; Column I/O ;                 ; no       ; Off          ;
; G16      ; 407        ; 4        ; GND*                                     ;        ;              ;         ; Column I/O ;                 ; no       ; Off          ;
; G17      ; 402        ; 4        ; GND*                                     ;        ;              ;         ; Column I/O ;                 ; no       ; Off          ;
; G18      ; 397        ; 4        ; GND*                                     ;        ;              ;         ; Column I/O ;                 ; no       ; Off          ;
; G19      ;            ;          ; VCCA_PLL2                                ; power  ;              ; 1.2V    ; --         ;                 ; --       ; --           ;
; G20      ;            ;          ; GND_PLL2                                 ; gnd    ;              ;         ; --         ;                 ; --       ; --           ;
; G21      ; 368        ; 5        ; GND*                                     ;        ;              ;         ; Row I/O    ;                 ; no       ; Off          ;
; G22      ; 367        ; 5        ; GND*                                     ;        ;              ;         ; Row I/O    ;                 ; no       ; Off          ;
; G23      ; 346        ; 5        ; GPIO_0[12]                               ; bidir  ; 3.3-V LVTTL  ;         ; Row I/O    ; Y               ; no       ; Off          ;
; G24      ; 345        ; 5        ; GPIO_0[13]                               ; bidir  ; 3.3-V LVTTL  ;         ; Row I/O    ; Y               ; no       ; Off          ;
; G25      ; 343        ; 5        ; GPIO_0[15]                               ; bidir  ; 3.3-V LVTTL  ;         ; Row I/O    ; Y               ; no       ; Off          ;
; G26      ; 342        ; 5        ; KEY[0]                                   ; input  ; 3.3-V LVTTL  ;         ; Row I/O    ; Y               ; no       ; Off          ;
; H1       ; 37         ; 2        ; GND*                                     ;        ;              ;         ; Row I/O    ;                 ; no       ; Off          ;
; H2       ; 36         ; 2        ; GND*                                     ;        ;              ;         ; Row I/O    ;                 ; no       ; Off          ;
; H3       ; 32         ; 2        ; GND*                                     ;        ;              ;         ; Row I/O    ;                 ; no       ; Off          ;
; H4       ; 33         ; 2        ; GND*                                     ;        ;              ;         ; Row I/O    ;                 ; no       ; Off          ;
; H5       ;            ;          ; GND                                      ; gnd    ;              ;         ; --         ;                 ; --       ; --           ;
; H6       ; 18         ; 2        ; GND*                                     ;        ;              ;         ; Row I/O    ;                 ; no       ; Off          ;
; H7       ;            ;          ; VCCD_PLL3                                ; power  ;              ; 1.2V    ; --         ;                 ; --       ; --           ;
; H8       ; 473        ; 3        ; GND*                                     ;        ;              ;         ; Column I/O ;                 ; no       ; Off          ;
; H9       ;            ; 3        ; VCCIO3                                   ; power  ;              ; 3.3V    ; --         ;                 ; --       ; --           ;
; H10      ; 472        ; 3        ; GND*                                     ;        ;              ;         ; Column I/O ;                 ; no       ; Off          ;
; H11      ; 456        ; 3        ; GND*                                     ;        ;              ;         ; Column I/O ;                 ; no       ; Off          ;
; H12      ; 455        ; 3        ; GND*                                     ;        ;              ;         ; Column I/O ;                 ; no       ; Off          ;
; H13      ;            ;          ; GND                                      ; gnd    ;              ;         ; --         ;                 ; --       ; --           ;
; H14      ;            ;          ; GND                                      ; gnd    ;              ;         ; --         ;                 ; --       ; --           ;
; H15      ; 414        ; 4        ; GND*                                     ;        ;              ;         ; Column I/O ;                 ; no       ; Off          ;
; H16      ; 413        ; 4        ; GND*                                     ;        ;              ;         ; Column I/O ;                 ; no       ; Off          ;
; H17      ; 400        ; 4        ; GND*                                     ;        ;              ;         ; Column I/O ;                 ; no       ; Off          ;
; H18      ;            ; 4        ; VCCIO4                                   ; power  ;              ; 3.3V    ; --         ;                 ; --       ; --           ;
; H19      ; 335        ; 5        ; GPIO_0[22]                               ; bidir  ; 3.3-V LVTTL  ;         ; Row I/O    ; Y               ; no       ; Off          ;
; H20      ;            ;          ; VCCD_PLL2                                ; power  ;              ; 1.2V    ; --         ;                 ; --       ; --           ;
; H21      ; 366        ; 5        ; GND*                                     ;        ;              ;         ; Row I/O    ;                 ; no       ; Off          ;
; H22      ;            ;          ; GND                                      ; gnd    ;              ;         ; --         ;                 ; --       ; --           ;
; H23      ; 341        ; 5        ; GPIO_0[16]                               ; bidir  ; 3.3-V LVTTL  ;         ; Row I/O    ; Y               ; no       ; Off          ;
; H24      ; 340        ; 5        ; GPIO_0[17]                               ; bidir  ; 3.3-V LVTTL  ;         ; Row I/O    ; Y               ; no       ; Off          ;
; H25      ; 337        ; 5        ; GPIO_0[20]                               ; bidir  ; 3.3-V LVTTL  ;         ; Row I/O    ; Y               ; no       ; Off          ;
; H26      ; 336        ; 5        ; GPIO_0[21]                               ; bidir  ; 3.3-V LVTTL  ;         ; Row I/O    ; Y               ; no       ; Off          ;
; J1       ; 39         ; 2        ; GND*                                     ;        ;              ;         ; Row I/O    ;                 ; no       ; Off          ;
; J2       ; 38         ; 2        ; GND*                                     ;        ;              ;         ; Row I/O    ;                 ; no       ; Off          ;
; J3       ; 34         ; 2        ; GND*                                     ;        ;              ;         ; Row I/O    ;                 ; no       ; Off          ;
; J4       ; 35         ; 2        ; GND*                                     ;        ;              ;         ; Row I/O    ;                 ; no       ; Off          ;
; J5       ; 15         ; 2        ; GND*                                     ;        ;              ;         ; Row I/O    ;                 ; --       ; --           ;
; J6       ; 25         ; 2        ; GND*                                     ;        ;              ;         ; Row I/O    ;                 ; no       ; Off          ;
; J7       ; 17         ; 2        ; GND*                                     ;        ;              ;         ; Row I/O    ;                 ; no       ; Off          ;
; J8       ; 16         ; 2        ; GND*                                     ;        ;              ;         ; Row I/O    ;                 ; no       ; Off          ;
; J9       ; 475        ; 3        ; GND*                                     ;        ;              ;         ; Column I/O ;                 ; no       ; Off          ;
; J10      ; 438        ; 3        ; GND*                                     ;        ;              ;         ; Column I/O ;                 ; no       ; Off          ;
; J11      ; 437        ; 3        ; GND*                                     ;        ;              ;         ; Column I/O ;                 ; no       ; Off          ;
; J12      ;            ; 3        ; VCCIO3                                   ; power  ;              ; 3.3V    ; --         ;                 ; --       ; --           ;
; J13      ; 442        ; 3        ; GND*                                     ;        ;              ;         ; Column I/O ;                 ; no       ; Off          ;
; J14      ; 441        ; 3        ; GND*                                     ;        ;              ;         ; Column I/O ;                 ; no       ; Off          ;
; J15      ;            ; 4        ; VCCIO4                                   ; power  ;              ; 3.3V    ; --         ;                 ; --       ; --           ;
; J16      ; 385        ; 4        ; GND*                                     ;        ;              ;         ; Column I/O ;                 ; no       ; Off          ;
; J17      ; 399        ; 4        ; GND*                                     ;        ;              ;         ; Column I/O ;                 ; no       ; Off          ;
; J18      ; 383        ; 4        ; GND*                                     ;        ;              ;         ; Column I/O ;                 ; no       ; Off          ;
; J19      ;            ; 5        ; VCCIO5                                   ; power  ;              ; 3.3V    ; --         ;                 ; --       ; --           ;
; J20      ; 351        ; 5        ; GPIO_0[7]                                ; bidir  ; 3.3-V LVTTL  ;         ; Row I/O    ; Y               ; no       ; Off          ;
; J21      ; 352        ; 5        ; GPIO_0[6]                                ; bidir  ; 3.3-V LVTTL  ;         ; Row I/O    ; Y               ; no       ; Off          ;
; J22      ; 357        ; 5        ; GPIO_0[1]                                ; bidir  ; 3.3-V LVTTL  ;         ; Row I/O    ; Y               ; no       ; Off          ;
; J23      ; 339        ; 5        ; GPIO_0[18]                               ; bidir  ; 3.3-V LVTTL  ;         ; Row I/O    ; Y               ; no       ; Off          ;
; J24      ; 338        ; 5        ; GPIO_0[19]                               ; bidir  ; 3.3-V LVTTL  ;         ; Row I/O    ; Y               ; no       ; Off          ;
; J25      ; 327        ; 5        ; GPIO_0[30]                               ; bidir  ; 3.3-V LVTTL  ;         ; Row I/O    ; Y               ; no       ; Off          ;
; J26      ; 326        ; 5        ; GPIO_0[31]                               ; bidir  ; 3.3-V LVTTL  ;         ; Row I/O    ; Y               ; no       ; Off          ;
; K1       ; 42         ; 2        ; GND*                                     ;        ;              ;         ; Row I/O    ;                 ; no       ; Off          ;
; K2       ; 43         ; 2        ; GND*                                     ;        ;              ;         ; Row I/O    ;                 ; no       ; Off          ;
; K3       ; 41         ; 2        ; GND*                                     ;        ;              ;         ; Row I/O    ;                 ; no       ; Off          ;
; K4       ; 40         ; 2        ; GND*                                     ;        ;              ;         ; Row I/O    ;                 ; no       ; Off          ;
; K5       ; 22         ; 2        ; GND*                                     ;        ;              ;         ; Row I/O    ;                 ; no       ; Off          ;
; K6       ; 21         ; 2        ; GND*                                     ;        ;              ;         ; Row I/O    ;                 ; no       ; Off          ;
; K7       ; 27         ; 2        ; GND*                                     ;        ;              ;         ; Row I/O    ;                 ; no       ; Off          ;
; K8       ; 26         ; 2        ; GND*                                     ;        ;              ;         ; Row I/O    ;                 ; no       ; Off          ;
; K9       ; 476        ; 3        ; GND*                                     ;        ;              ;         ; Column I/O ;                 ; no       ; Off          ;
; K10      ;            ;          ; VCCINT                                   ; power  ;              ; 1.2V    ; --         ;                 ; --       ; --           ;
; K11      ;            ;          ; VCCINT                                   ; power  ;              ; 1.2V    ; --         ;                 ; --       ; --           ;
; K12      ;            ;          ; VCCINT                                   ; power  ;              ; 1.2V    ; --         ;                 ; --       ; --           ;
; K13      ;            ;          ; VCCINT                                   ; power  ;              ; 1.2V    ; --         ;                 ; --       ; --           ;
; K14      ;            ;          ; VCCINT                                   ; power  ;              ; 1.2V    ; --         ;                 ; --       ; --           ;
; K15      ;            ;          ; VCCINT                                   ; power  ;              ; 1.2V    ; --         ;                 ; --       ; --           ;
; K16      ; 386        ; 4        ; GND*                                     ;        ;              ;         ; Column I/O ;                 ; no       ; Off          ;
; K17      ; 384        ; 4        ; GND*                                     ;        ;              ;         ; Column I/O ;                 ; no       ; Off          ;
; K18      ; 334        ; 5        ; GPIO_0[23]                               ; bidir  ; 3.3-V LVTTL  ;         ; Row I/O    ; Y               ; no       ; Off          ;
; K19      ; 333        ; 5        ; GPIO_0[24]                               ; bidir  ; 3.3-V LVTTL  ;         ; Row I/O    ; Y               ; no       ; Off          ;
; K20      ;            ;          ; GND                                      ; gnd    ;              ;         ; --         ;                 ; --       ; --           ;
; K21      ; 332        ; 5        ; GPIO_0[25]                               ; bidir  ; 3.3-V LVTTL  ;         ; Row I/O    ; Y               ; no       ; Off          ;
; K22      ; 344        ; 5        ; GPIO_0[14]                               ; bidir  ; 3.3-V LVTTL  ;         ; Row I/O    ; Y               ; no       ; Off          ;
; K23      ; 331        ; 5        ; GPIO_0[26]                               ; bidir  ; 3.3-V LVTTL  ;         ; Row I/O    ; Y               ; no       ; Off          ;
; K24      ; 330        ; 5        ; GPIO_0[27]                               ; bidir  ; 3.3-V LVTTL  ;         ; Row I/O    ; Y               ; no       ; Off          ;
; K25      ; 321        ; 5        ; GPIO_1[0]                                ; bidir  ; 3.3-V LVTTL  ;         ; Row I/O    ; Y               ; no       ; Off          ;
; K26      ; 320        ; 5        ; GPIO_1[1]                                ; bidir  ; 3.3-V LVTTL  ;         ; Row I/O    ; Y               ; no       ; Off          ;
; L1       ;            ; 2        ; VCCIO2                                   ; power  ;              ; 3.3V    ; --         ;                 ; --       ; --           ;
; L2       ; 50         ; 2        ; HEX7[1]                                  ; output ; 3.3-V LVTTL  ;         ; Row I/O    ; Y               ; no       ; Off          ;
; L3       ; 51         ; 2        ; HEX7[0]                                  ; output ; 3.3-V LVTTL  ;         ; Row I/O    ; Y               ; no       ; Off          ;
; L4       ; 44         ; 2        ; GND*                                     ;        ;              ;         ; Row I/O    ;                 ; --       ; --           ;
; L5       ;            ;          ; GND                                      ; gnd    ;              ;         ; --         ;                 ; --       ; --           ;
; L6       ; 48         ; 2        ; HEX7[3]                                  ; output ; 3.3-V LVTTL  ;         ; Row I/O    ; Y               ; no       ; Off          ;
; L7       ; 47         ; 2        ; HEX7[4]                                  ; output ; 3.3-V LVTTL  ;         ; Row I/O    ; Y               ; no       ; Off          ;
; L8       ; 59         ; 2        ; #TMS                                     ; input  ;              ;         ; --         ;                 ; --       ; --           ;
; L9       ; 49         ; 2        ; HEX7[2]                                  ; output ; 3.3-V LVTTL  ;         ; Row I/O    ; Y               ; no       ; Off          ;
; L10      ; 52         ; 2        ; GND*                                     ;        ;              ;         ; Row I/O    ;                 ; no       ; Off          ;
; L11      ;            ;          ; VCCINT                                   ; power  ;              ; 1.2V    ; --         ;                 ; --       ; --           ;
; L12      ;            ;          ; GND                                      ; gnd    ;              ;         ; --         ;                 ; --       ; --           ;
; L13      ;            ;          ; GND                                      ; gnd    ;              ;         ; --         ;                 ; --       ; --           ;
; L14      ;            ;          ; GND                                      ; gnd    ;              ;         ; --         ;                 ; --       ; --           ;
; L15      ;            ;          ; GND                                      ; gnd    ;              ;         ; --         ;                 ; --       ; --           ;
; L16      ;            ;          ; VCCINT                                   ; power  ;              ; 1.2V    ; --         ;                 ; --       ; --           ;
; L17      ;            ;          ; VCCINT                                   ; power  ;              ; 1.2V    ; --         ;                 ; --       ; --           ;
; L18      ;            ;          ; VCCINT                                   ; power  ;              ; 1.2V    ; --         ;                 ; --       ; --           ;
; L19      ; 322        ; 5        ; GPIO_0[35]                               ; bidir  ; 3.3-V LVTTL  ;         ; Row I/O    ; Y               ; no       ; Off          ;
; L20      ; 328        ; 5        ; GPIO_0[29]                               ; bidir  ; 3.3-V LVTTL  ;         ; Row I/O    ; Y               ; no       ; Off          ;
; L21      ; 329        ; 5        ; GPIO_0[28]                               ; bidir  ; 3.3-V LVTTL  ;         ; Row I/O    ; Y               ; no       ; Off          ;
; L22      ;            ;          ; GND                                      ; gnd    ;              ;         ; --         ;                 ; --       ; --           ;
; L23      ; 325        ; 5        ; GPIO_0[32]                               ; bidir  ; 3.3-V LVTTL  ;         ; Row I/O    ; Y               ; no       ; Off          ;
; L24      ; 324        ; 5        ; GPIO_0[33]                               ; bidir  ; 3.3-V LVTTL  ;         ; Row I/O    ; Y               ; no       ; Off          ;
; L25      ; 323        ; 5        ; GPIO_0[34]                               ; bidir  ; 3.3-V LVTTL  ;         ; Row I/O    ; Y               ; no       ; Off          ;
; L26      ;            ; 5        ; VCCIO5                                   ; power  ;              ; 3.3V    ; --         ;                 ; --       ; --           ;
; M1       ;            ;          ; GND                                      ; gnd    ;              ;         ; --         ;                 ; --       ; --           ;
; M2       ; 56         ; 2        ; HEX6[3]                                  ; output ; 3.3-V LVTTL  ;         ; Row I/O    ; Y               ; no       ; Off          ;
; M3       ; 55         ; 2        ; HEX6[4]                                  ; output ; 3.3-V LVTTL  ;         ; Row I/O    ; Y               ; no       ; Off          ;
; M4       ; 53         ; 2        ; HEX6[6]                                  ; output ; 3.3-V LVTTL  ;         ; Row I/O    ; Y               ; no       ; Off          ;
; M5       ; 54         ; 2        ; HEX6[5]                                  ; output ; 3.3-V LVTTL  ;         ; Row I/O    ; Y               ; no       ; Off          ;
; M6       ; 58         ; 2        ; #TCK                                     ; input  ;              ;         ; --         ;                 ; --       ; --           ;
; M7       ; 60         ; 2        ; #TDO                                     ; output ;              ;         ; --         ;                 ; --       ; --           ;
; M8       ; 57         ; 2        ; #TDI                                     ; input  ;              ;         ; --         ;                 ; --       ; --           ;
; M9       ;            ; 2        ; VCCIO2                                   ; power  ;              ; 3.3V    ; --         ;                 ; --       ; --           ;
; M10      ;            ;          ; VCCINT                                   ; power  ;              ; 1.2V    ; --         ;                 ; --       ; --           ;
; M11      ;            ;          ; VCCINT                                   ; power  ;              ; 1.2V    ; --         ;                 ; --       ; --           ;
; M12      ;            ;          ; GND                                      ; gnd    ;              ;         ; --         ;                 ; --       ; --           ;
; M13      ;            ;          ; GND                                      ; gnd    ;              ;         ; --         ;                 ; --       ; --           ;
; M14      ;            ;          ; GND                                      ; gnd    ;              ;         ; --         ;                 ; --       ; --           ;
; M15      ;            ;          ; GND                                      ; gnd    ;              ;         ; --         ;                 ; --       ; --           ;
; M16      ;            ;          ; VCCINT                                   ; power  ;              ; 1.2V    ; --         ;                 ; --       ; --           ;
; M17      ;            ;          ; VCCINT                                   ; power  ;              ; 1.2V    ; --         ;                 ; --       ; --           ;
; M18      ;            ; 5        ; VCCIO5                                   ; power  ;              ; 3.3V    ; --         ;                 ; --       ; --           ;
; M19      ; 317        ; 5        ; GPIO_1[4]                                ; bidir  ; 3.3-V LVTTL  ;         ; Row I/O    ; Y               ; no       ; Off          ;
; M20      ; 316        ; 5        ; GPIO_1[5]                                ; bidir  ; 3.3-V LVTTL  ;         ; Row I/O    ; Y               ; no       ; Off          ;
; M21      ; 314        ; 5        ; GPIO_1[7]                                ; bidir  ; 3.3-V LVTTL  ;         ; Row I/O    ; Y               ; no       ; Off          ;
; M22      ; 319        ; 5        ; GPIO_1[2]                                ; bidir  ; 3.3-V LVTTL  ;         ; Row I/O    ; Y               ; no       ; Off          ;
; M23      ; 318        ; 5        ; GPIO_1[3]                                ; bidir  ; 3.3-V LVTTL  ;         ; Row I/O    ; Y               ; no       ; Off          ;
; M24      ; 313        ; 5        ; GPIO_1[8]                                ; bidir  ; 3.3-V LVTTL  ;         ; Row I/O    ; Y               ; no       ; Off          ;
; M25      ; 312        ; 5        ; GPIO_1[9]                                ; bidir  ; 3.3-V LVTTL  ;         ; Row I/O    ; Y               ; no       ; Off          ;
; M26      ;            ;          ; GND                                      ; gnd    ;              ;         ; --         ;                 ; --       ; --           ;
; N1       ; 65         ; 2        ; SW[10]                                   ; input  ; 3.3-V LVTTL  ;         ; Row I/O    ; Y               ; no       ; Off          ;
; N2       ; 64         ; 2        ; CLOCK_50                                 ; input  ; 3.3-V LVTTL  ;         ; Row I/O    ; Y               ; no       ; Off          ;
; N3       ; 62         ; 2        ; ^DATA0                                   ; input  ;              ;         ; --         ;                 ; --       ; --           ;
; N4       ; 63         ; 2        ; ^nCE                                     ;        ;              ;         ; --         ;                 ; --       ; --           ;
; N5       ;            ; 2        ; VCCIO2                                   ; power  ;              ; 3.3V    ; --         ;                 ; --       ; --           ;
; N6       ; 61         ; 2        ; ^DCLK                                    ;        ;              ;         ; --         ;                 ; --       ; --           ;
; N7       ; 66         ; 2        ; ^nCONFIG                                 ;        ;              ;         ; --         ;                 ; --       ; --           ;
; N8       ;            ;          ; GND                                      ; gnd    ;              ;         ; --         ;                 ; --       ; --           ;
; N9       ; 45         ; 2        ; HEX7[6]                                  ; output ; 3.3-V LVTTL  ;         ; Row I/O    ; Y               ; no       ; Off          ;
; N10      ;            ;          ; VCCINT                                   ; power  ;              ; 1.2V    ; --         ;                 ; --       ; --           ;
; N11      ;            ;          ; GND                                      ; gnd    ;              ;         ; --         ;                 ; --       ; --           ;
; N12      ;            ;          ; GND                                      ; gnd    ;              ;         ; --         ;                 ; --       ; --           ;
; N13      ;            ;          ; GND                                      ; gnd    ;              ;         ; --         ;                 ; --       ; --           ;
; N14      ;            ;          ; GND                                      ; gnd    ;              ;         ; --         ;                 ; --       ; --           ;
; N15      ;            ;          ; GND                                      ; gnd    ;              ;         ; --         ;                 ; --       ; --           ;
; N16      ;            ;          ; GND                                      ; gnd    ;              ;         ; --         ;                 ; --       ; --           ;
; N17      ;            ;          ; VCCINT                                   ; power  ;              ; 1.2V    ; --         ;                 ; --       ; --           ;
; N18      ; 348        ; 5        ; GPIO_0[10]                               ; bidir  ; 3.3-V LVTTL  ;         ; Row I/O    ; Y               ; no       ; Off          ;
; N19      ;            ;          ; GND                                      ; gnd    ;              ;         ; --         ;                 ; --       ; --           ;
; N20      ; 315        ; 5        ; GPIO_1[6]                                ; bidir  ; 3.3-V LVTTL  ;         ; Row I/O    ; Y               ; no       ; Off          ;
; N21      ;            ;          ; NC                                       ;        ;              ;         ; --         ;                 ; --       ; --           ;
; N22      ;            ; 5        ; VCCIO5                                   ; power  ;              ; 3.3V    ; --         ;                 ; --       ; --           ;
; N23      ; 311        ; 5        ; KEY[1]                                   ; input  ; 3.3-V LVTTL  ;         ; Row I/O    ; Y               ; no       ; Off          ;
; N24      ; 310        ; 5        ; GPIO_1[10]                               ; bidir  ; 3.3-V LVTTL  ;         ; Row I/O    ; Y               ; no       ; Off          ;
; N25      ; 309        ; 5        ; SW[0]                                    ; input  ; 3.3-V LVTTL  ;         ; Row I/O    ; Y               ; no       ; Off          ;
; N26      ; 308        ; 5        ; SW[1]                                    ; input  ; 3.3-V LVTTL  ;         ; Row I/O    ; Y               ; no       ; Off          ;
; P1       ; 68         ; 1        ; SW[11]                                   ; input  ; 3.3-V LVTTL  ;         ; Row I/O    ; Y               ; no       ; Off          ;
; P2       ; 67         ; 1        ; SW[12]                                   ; input  ; 3.3-V LVTTL  ;         ; Row I/O    ; Y               ; no       ; Off          ;
; P3       ; 69         ; 1        ; HEX6[2]                                  ; output ; 3.3-V LVTTL  ;         ; Row I/O    ; Y               ; no       ; Off          ;
; P4       ; 70         ; 1        ; HEX6[1]                                  ; output ; 3.3-V LVTTL  ;         ; Row I/O    ; Y               ; no       ; Off          ;
; P5       ;            ; 1        ; VCCIO1                                   ; power  ;              ; 3.3V    ; --         ;                 ; --       ; --           ;
; P6       ; 78         ; 1        ; HEX5[1]                                  ; output ; 3.3-V LVTTL  ;         ; Row I/O    ; Y               ; no       ; Off          ;
; P7       ; 77         ; 1        ; HEX5[2]                                  ; output ; 3.3-V LVTTL  ;         ; Row I/O    ; Y               ; no       ; Off          ;
; P8       ;            ;          ; GND                                      ; gnd    ;              ;         ; --         ;                 ; --       ; --           ;
; P9       ; 46         ; 2        ; HEX7[5]                                  ; output ; 3.3-V LVTTL  ;         ; Row I/O    ; Y               ; no       ; Off          ;
; P10      ;            ;          ; VCCINT                                   ; power  ;              ; 1.2V    ; --         ;                 ; --       ; --           ;
; P11      ;            ;          ; GND                                      ; gnd    ;              ;         ; --         ;                 ; --       ; --           ;
; P12      ;            ;          ; GND                                      ; gnd    ;              ;         ; --         ;                 ; --       ; --           ;
; P13      ;            ;          ; GND                                      ; gnd    ;              ;         ; --         ;                 ; --       ; --           ;
; P14      ;            ;          ; GND                                      ; gnd    ;              ;         ; --         ;                 ; --       ; --           ;
; P15      ;            ;          ; GND                                      ; gnd    ;              ;         ; --         ;                 ; --       ; --           ;
; P16      ;            ;          ; GND                                      ; gnd    ;              ;         ; --         ;                 ; --       ; --           ;
; P17      ; 293        ; 6        ; GND*                                     ;        ;              ;         ; Row I/O    ;                 ; no       ; Off          ;
; P18      ; 347        ; 5        ; GPIO_0[11]                               ; bidir  ; 3.3-V LVTTL  ;         ; Row I/O    ; Y               ; no       ; Off          ;
; P19      ;            ;          ; GND                                      ; gnd    ;              ;         ; --         ;                 ; --       ; --           ;
; P20      ; 301        ; 6        ; ^MSEL0                                   ;        ;              ;         ; --         ;                 ; --       ; --           ;
; P21      ; 300        ; 6        ; ^MSEL1                                   ;        ;              ;         ; --         ;                 ; --       ; --           ;
; P22      ;            ; 6        ; VCCIO6                                   ; power  ;              ; 3.3V    ; --         ;                 ; --       ; --           ;
; P23      ; 305        ; 6        ; KEY[2]                                   ; input  ; 3.3-V LVTTL  ;         ; Row I/O    ; Y               ; no       ; Off          ;
; P24      ; 304        ; 6        ; GPIO_1[11]                               ; bidir  ; 3.3-V LVTTL  ;         ; Row I/O    ; Y               ; no       ; Off          ;
; P25      ; 307        ; 6        ; SW[2]                                    ; input  ; 3.3-V LVTTL  ;         ; Row I/O    ; Y               ; no       ; Off          ;
; P26      ; 306        ; 6        ; GND+                                     ;        ;              ;         ; Row I/O    ;                 ; --       ; --           ;
; R1       ;            ;          ; GND                                      ; gnd    ;              ;         ; --         ;                 ; --       ; --           ;
; R2       ; 71         ; 1        ; HEX6[0]                                  ; output ; 3.3-V LVTTL  ;         ; Row I/O    ; Y               ; no       ; Off          ;
; R3       ; 72         ; 1        ; HEX5[6]                                  ; output ; 3.3-V LVTTL  ;         ; Row I/O    ; Y               ; no       ; Off          ;
; R4       ; 73         ; 1        ; HEX5[5]                                  ; output ; 3.3-V LVTTL  ;         ; Row I/O    ; Y               ; no       ; Off          ;
; R5       ; 74         ; 1        ; HEX5[4]                                  ; output ; 3.3-V LVTTL  ;         ; Row I/O    ; Y               ; no       ; Off          ;
; R6       ; 81         ; 1        ; HEX4[5]                                  ; output ; 3.3-V LVTTL  ;         ; Row I/O    ; Y               ; no       ; Off          ;
; R7       ; 82         ; 1        ; HEX4[4]                                  ; output ; 3.3-V LVTTL  ;         ; Row I/O    ; Y               ; no       ; Off          ;
; R8       ; 110        ; 1        ; GND*                                     ;        ;              ;         ; Row I/O    ;                 ; no       ; Off          ;
; R9       ;            ; 1        ; VCCIO1                                   ; power  ;              ; 3.3V    ; --         ;                 ; --       ; --           ;
; R10      ;            ;          ; VCCINT                                   ; power  ;              ; 1.2V    ; --         ;                 ; --       ; --           ;
; R11      ;            ;          ; VCCINT                                   ; power  ;              ; 1.2V    ; --         ;                 ; --       ; --           ;
; R12      ;            ;          ; GND                                      ; gnd    ;              ;         ; --         ;                 ; --       ; --           ;
; R13      ;            ;          ; GND                                      ; gnd    ;              ;         ; --         ;                 ; --       ; --           ;
; R14      ;            ;          ; GND                                      ; gnd    ;              ;         ; --         ;                 ; --       ; --           ;
; R15      ;            ;          ; GND                                      ; gnd    ;              ;         ; --         ;                 ; --       ; --           ;
; R16      ;            ;          ; VCCINT                                   ; power  ;              ; 1.2V    ; --         ;                 ; --       ; --           ;
; R17      ; 294        ; 6        ; GND*                                     ;        ;              ;         ; Row I/O    ;                 ; no       ; Off          ;
; R18      ;            ; 6        ; VCCIO6                                   ; power  ;              ; 3.3V    ; --         ;                 ; --       ; --           ;
; R19      ; 282        ; 6        ; GPIO_1[26]                               ; bidir  ; 3.3-V LVTTL  ;         ; Row I/O    ; Y               ; no       ; Off          ;
; R20      ; 297        ; 6        ; GPIO_1[14]                               ; bidir  ; 3.3-V LVTTL  ;         ; Row I/O    ; Y               ; no       ; Off          ;
; R21      ;            ;          ; GND                                      ; gnd    ;              ;         ; --         ;                 ; --       ; --           ;
; R22      ; 298        ; 6        ; ^nSTATUS                                 ;        ;              ;         ; --         ;                 ; --       ; --           ;
; R23      ; 299        ; 6        ; ^CONF_DONE                               ;        ;              ;         ; --         ;                 ; --       ; --           ;
; R24      ; 302        ; 6        ; GPIO_1[13]                               ; bidir  ; 3.3-V LVTTL  ;         ; Row I/O    ; Y               ; no       ; Off          ;
; R25      ; 303        ; 6        ; GPIO_1[12]                               ; bidir  ; 3.3-V LVTTL  ;         ; Row I/O    ; Y               ; no       ; Off          ;
; R26      ;            ;          ; GND                                      ; gnd    ;              ;         ; --         ;                 ; --       ; --           ;
; T1       ;            ; 1        ; VCCIO1                                   ; power  ;              ; 3.3V    ; --         ;                 ; --       ; --           ;
; T2       ; 79         ; 1        ; HEX5[0]                                  ; output ; 3.3-V LVTTL  ;         ; Row I/O    ; Y               ; no       ; Off          ;
; T3       ; 80         ; 1        ; HEX4[6]                                  ; output ; 3.3-V LVTTL  ;         ; Row I/O    ; Y               ; no       ; Off          ;
; T4       ; 83         ; 1        ; HEX4[3]                                  ; output ; 3.3-V LVTTL  ;         ; Row I/O    ; Y               ; no       ; Off          ;
; T5       ;            ;          ; GND                                      ; gnd    ;              ;         ; --         ;                 ; --       ; --           ;
; T6       ; 93         ; 1        ; GND*                                     ;        ;              ;         ; Row I/O    ;                 ; no       ; Off          ;
; T7       ; 92         ; 1        ; SW[13]                                   ; input  ; 3.3-V LVTTL  ;         ; Row I/O    ; Y               ; no       ; Off          ;
; T8       ; 111        ; 1        ; GND*                                     ;        ;              ;         ; Row I/O    ;                 ; no       ; Off          ;
; T9       ; 76         ; 1        ; HEX5[3]                                  ; output ; 3.3-V LVTTL  ;         ; Row I/O    ; Y               ; no       ; Off          ;
; T10      ; 75         ; 1        ; GND*                                     ;        ;              ;         ; Row I/O    ;                 ; no       ; Off          ;
; T11      ;            ;          ; VCCINT                                   ; power  ;              ; 1.2V    ; --         ;                 ; --       ; --           ;
; T12      ;            ;          ; GND                                      ; gnd    ;              ;         ; --         ;                 ; --       ; --           ;
; T13      ;            ;          ; GND                                      ; gnd    ;              ;         ; --         ;                 ; --       ; --           ;
; T14      ;            ;          ; GND                                      ; gnd    ;              ;         ; --         ;                 ; --       ; --           ;
; T15      ;            ;          ; GND                                      ; gnd    ;              ;         ; --         ;                 ; --       ; --           ;
; T16      ;            ;          ; VCCINT                                   ; power  ;              ; 1.2V    ; --         ;                 ; --       ; --           ;
; T17      ; 289        ; 6        ; GND*                                     ;        ;              ;         ; Row I/O    ;                 ; no       ; Off          ;
; T18      ; 290        ; 6        ; GPIO_1[19]                               ; bidir  ; 3.3-V LVTTL  ;         ; Row I/O    ; Y               ; no       ; Off          ;
; T19      ; 281        ; 6        ; GPIO_1[27]                               ; bidir  ; 3.3-V LVTTL  ;         ; Row I/O    ; Y               ; no       ; Off          ;
; T20      ; 287        ; 6        ; GPIO_1[21]                               ; bidir  ; 3.3-V LVTTL  ;         ; Row I/O    ; Y               ; no       ; Off          ;
; T21      ; 288        ; 6        ; GPIO_1[20]                               ; bidir  ; 3.3-V LVTTL  ;         ; Row I/O    ; Y               ; no       ; Off          ;
; T22      ; 296        ; 6        ; GPIO_1[15]                               ; bidir  ; 3.3-V LVTTL  ;         ; Row I/O    ; Y               ; no       ; Off          ;
; T23      ; 295        ; 6        ; GPIO_1[16]                               ; bidir  ; 3.3-V LVTTL  ;         ; Row I/O    ; Y               ; no       ; Off          ;
; T24      ; 292        ; 6        ; GPIO_1[17]                               ; bidir  ; 3.3-V LVTTL  ;         ; Row I/O    ; Y               ; no       ; Off          ;
; T25      ; 291        ; 6        ; GPIO_1[18]                               ; bidir  ; 3.3-V LVTTL  ;         ; Row I/O    ; Y               ; no       ; Off          ;
; T26      ;            ; 6        ; VCCIO6                                   ; power  ;              ; 3.3V    ; --         ;                 ; --       ; --           ;
; U1       ; 85         ; 1        ; HEX4[1]                                  ; output ; 3.3-V LVTTL  ;         ; Row I/O    ; Y               ; no       ; Off          ;
; U2       ; 84         ; 1        ; HEX4[2]                                  ; output ; 3.3-V LVTTL  ;         ; Row I/O    ; Y               ; no       ; Off          ;
; U3       ; 88         ; 1        ; SW[14]                                   ; input  ; 3.3-V LVTTL  ;         ; Row I/O    ; Y               ; no       ; Off          ;
; U4       ; 89         ; 1        ; SW[15]                                   ; input  ; 3.3-V LVTTL  ;         ; Row I/O    ; Y               ; no       ; Off          ;
; U5       ; 100        ; 1        ; GND*                                     ;        ;              ;         ; Row I/O    ;                 ; no       ; Off          ;
; U6       ; 98         ; 1        ; GND*                                     ;        ;              ;         ; Row I/O    ;                 ; no       ; Off          ;
; U7       ; 99         ; 1        ; GND*                                     ;        ;              ;         ; Row I/O    ;                 ; no       ; Off          ;
; U8       ;            ;          ; GND                                      ; gnd    ;              ;         ; --         ;                 ; --       ; --           ;
; U9       ; 86         ; 1        ; HEX4[0]                                  ; output ; 3.3-V LVTTL  ;         ; Row I/O    ; Y               ; no       ; Off          ;
; U10      ; 87         ; 1        ; GND*                                     ;        ;              ;         ; Row I/O    ;                 ; no       ; Off          ;
; U11      ;            ;          ; VCCINT                                   ; power  ;              ; 1.2V    ; --         ;                 ; --       ; --           ;
; U12      ; 178        ; 8        ; GND*                                     ;        ;              ;         ; Column I/O ;                 ; no       ; Off          ;
; U13      ;            ;          ; VCCINT                                   ; power  ;              ; 1.2V    ; --         ;                 ; --       ; --           ;
; U14      ;            ;          ; VCCINT                                   ; power  ;              ; 1.2V    ; --         ;                 ; --       ; --           ;
; U15      ;            ;          ; VCCINT                                   ; power  ;              ; 1.2V    ; --         ;                 ; --       ; --           ;
; U16      ;            ;          ; VCCINT                                   ; power  ;              ; 1.2V    ; --         ;                 ; --       ; --           ;
; U17      ; 231        ; 7        ; LEDG[5]                                  ; output ; 3.3-V LVTTL  ;         ; Column I/O ; Y               ; no       ; Off          ;
; U18      ; 232        ; 7        ; LEDG[4]                                  ; output ; 3.3-V LVTTL  ;         ; Column I/O ; Y               ; no       ; Off          ;
; U19      ;            ;          ; GND                                      ; gnd    ;              ;         ; --         ;                 ; --       ; --           ;
; U20      ; 280        ; 6        ; GPIO_1[28]                               ; bidir  ; 3.3-V LVTTL  ;         ; Row I/O    ; Y               ; no       ; Off          ;
; U21      ; 279        ; 6        ; GPIO_1[29]                               ; bidir  ; 3.3-V LVTTL  ;         ; Row I/O    ; Y               ; no       ; Off          ;
; U22      ; 270        ; 6        ; HEX3[5]                                  ; output ; 3.3-V LVTTL  ;         ; Row I/O    ; Y               ; no       ; Off          ;
; U23      ; 284        ; 6        ; GPIO_1[24]                               ; bidir  ; 3.3-V LVTTL  ;         ; Row I/O    ; Y               ; no       ; Off          ;
; U24      ; 283        ; 6        ; GPIO_1[25]                               ; bidir  ; 3.3-V LVTTL  ;         ; Row I/O    ; Y               ; no       ; Off          ;
; U25      ; 285        ; 6        ; GPIO_1[23]                               ; bidir  ; 3.3-V LVTTL  ;         ; Row I/O    ; Y               ; no       ; Off          ;
; U26      ; 286        ; 6        ; GPIO_1[22]                               ; bidir  ; 3.3-V LVTTL  ;         ; Row I/O    ; Y               ; no       ; Off          ;
; V1       ; 90         ; 1        ; SW[16]                                   ; input  ; 3.3-V LVTTL  ;         ; Row I/O    ; Y               ; no       ; Off          ;
; V2       ; 91         ; 1        ; SW[17]                                   ; input  ; 3.3-V LVTTL  ;         ; Row I/O    ; Y               ; no       ; Off          ;
; V3       ; 95         ; 1        ; GND*                                     ;        ;              ;         ; Row I/O    ;                 ; no       ; Off          ;
; V4       ; 94         ; 1        ; GND*                                     ;        ;              ;         ; Row I/O    ;                 ; no       ; Off          ;
; V5       ; 104        ; 1        ; GND*                                     ;        ;              ;         ; Row I/O    ;                 ; no       ; Off          ;
; V6       ; 105        ; 1        ; GND*                                     ;        ;              ;         ; Row I/O    ;                 ; no       ; Off          ;
; V7       ; 112        ; 1        ; GND*                                     ;        ;              ;         ; Row I/O    ;                 ; no       ; Off          ;
; V8       ;            ; 1        ; VCCIO1                                   ; power  ;              ; 3.3V    ; --         ;                 ; --       ; --           ;
; V9       ; 142        ; 8        ; GND*                                     ;        ;              ;         ; Column I/O ;                 ; no       ; Off          ;
; V10      ; 141        ; 8        ; GND*                                     ;        ;              ;         ; Column I/O ;                 ; no       ; Off          ;
; V11      ; 177        ; 8        ; GND*                                     ;        ;              ;         ; Column I/O ;                 ; no       ; Off          ;
; V12      ;            ; 8        ; VCCIO8                                   ; power  ;              ; 3.3V    ; --         ;                 ; --       ; --           ;
; V13      ; 176        ; 8        ; HEX0[6]                                  ; output ; 3.3-V LVTTL  ;         ; Column I/O ; Y               ; no       ; Off          ;
; V14      ; 175        ; 8        ; HEX0[5]                                  ; output ; 3.3-V LVTTL  ;         ; Column I/O ; Y               ; no       ; Off          ;
; V15      ;            ; 7        ; VCCIO7                                   ; power  ;              ; 3.3V    ; --         ;                 ; --       ; --           ;
; V16      ;            ;          ; VCCINT                                   ; power  ;              ; 1.2V    ; --         ;                 ; --       ; --           ;
; V17      ; 218        ; 7        ; GND*                                     ;        ;              ;         ; Column I/O ;                 ; no       ; Off          ;
; V18      ; 233        ; 7        ; LEDG[3]                                  ; output ; 3.3-V LVTTL  ;         ; Column I/O ; Y               ; no       ; Off          ;
; V19      ;            ; 6        ; VCCIO6                                   ; power  ;              ; 3.3V    ; --         ;                 ; --       ; --           ;
; V20      ; 251        ; 6        ; HEX1[0]                                  ; output ; 3.3-V LVTTL  ;         ; Row I/O    ; Y               ; no       ; Off          ;
; V21      ; 252        ; 6        ; HEX1[1]                                  ; output ; 3.3-V LVTTL  ;         ; Row I/O    ; Y               ; no       ; Off          ;
; V22      ; 259        ; 6        ; HEX2[1]                                  ; output ; 3.3-V LVTTL  ;         ; Row I/O    ; Y               ; no       ; Off          ;
; V23      ; 275        ; 6        ; GPIO_1[33]                               ; bidir  ; 3.3-V LVTTL  ;         ; Row I/O    ; Y               ; no       ; Off          ;
; V24      ; 276        ; 6        ; GPIO_1[32]                               ; bidir  ; 3.3-V LVTTL  ;         ; Row I/O    ; Y               ; no       ; Off          ;
; V25      ; 277        ; 6        ; GPIO_1[31]                               ; bidir  ; 3.3-V LVTTL  ;         ; Row I/O    ; Y               ; no       ; Off          ;
; V26      ; 278        ; 6        ; GPIO_1[30]                               ; bidir  ; 3.3-V LVTTL  ;         ; Row I/O    ; Y               ; no       ; Off          ;
; W1       ; 97         ; 1        ; GND*                                     ;        ;              ;         ; Row I/O    ;                 ; no       ; Off          ;
; W2       ; 96         ; 1        ; GND*                                     ;        ;              ;         ; Row I/O    ;                 ; no       ; Off          ;
; W3       ; 102        ; 1        ; GND*                                     ;        ;              ;         ; Row I/O    ;                 ; no       ; Off          ;
; W4       ; 101        ; 1        ; GND*                                     ;        ;              ;         ; Row I/O    ;                 ; no       ; Off          ;
; W5       ;            ;          ; GND                                      ; gnd    ;              ;         ; --         ;                 ; --       ; --           ;
; W6       ; 113        ; 1        ; GND*                                     ;        ;              ;         ; Row I/O    ;                 ; --       ; --           ;
; W7       ;            ;          ; GND_PLL1                                 ; gnd    ;              ;         ; --         ;                 ; --       ; --           ;
; W8       ; 144        ; 8        ; GND*                                     ;        ;              ;         ; Column I/O ;                 ; no       ; Off          ;
; W9       ;            ; 8        ; VCCIO8                                   ; power  ;              ; 3.3V    ; --         ;                 ; --       ; --           ;
; W10      ; 145        ; 8        ; GND*                                     ;        ;              ;         ; Column I/O ;                 ; no       ; Off          ;
; W11      ; 161        ; 8        ; GND*                                     ;        ;              ;         ; Column I/O ;                 ; no       ; Off          ;
; W12      ; 162        ; 8        ; GND*                                     ;        ;              ;         ; Column I/O ;                 ; no       ; Off          ;
; W13      ;            ;          ; GND                                      ; gnd    ;              ;         ; --         ;                 ; --       ; --           ;
; W14      ;            ;          ; GND                                      ; gnd    ;              ;         ; --         ;                 ; --       ; --           ;
; W15      ; 203        ; 7        ; GND*                                     ;        ;              ;         ; Column I/O ;                 ; no       ; Off          ;
; W16      ; 204        ; 7        ; GND*                                     ;        ;              ;         ; Column I/O ;                 ; no       ; Off          ;
; W17      ; 217        ; 7        ; GND*                                     ;        ;              ;         ; Column I/O ;                 ; no       ; Off          ;
; W18      ;            ; 7        ; VCCIO7                                   ; power  ;              ; 3.3V    ; --         ;                 ; --       ; --           ;
; W19      ; 234        ; 7        ; LEDG[2]                                  ; output ; 3.3-V LVTTL  ;         ; Column I/O ; Y               ; no       ; Off          ;
; W20      ;            ;          ; GND_PLL4                                 ; gnd    ;              ;         ; --         ;                 ; --       ; --           ;
; W21      ; 253        ; 6        ; HEX1[2]                                  ; output ; 3.3-V LVTTL  ;         ; Row I/O    ; Y               ; no       ; Off          ;
; W22      ;            ;          ; GND                                      ; gnd    ;              ;         ; --         ;                 ; --       ; --           ;
; W23      ; 272        ; 6        ; GPIO_1[35]                               ; bidir  ; 3.3-V LVTTL  ;         ; Row I/O    ; Y               ; no       ; Off          ;
; W24      ; 271        ; 6        ; HEX3[6]                                  ; output ; 3.3-V LVTTL  ;         ; Row I/O    ; Y               ; no       ; Off          ;
; W25      ; 273        ; 6        ; GPIO_1[34]                               ; bidir  ; 3.3-V LVTTL  ;         ; Row I/O    ; Y               ; no       ; Off          ;
; W26      ; 274        ; 6        ; KEY[3]                                   ; input  ; 3.3-V LVTTL  ;         ; Row I/O    ; Y               ; no       ; Off          ;
; Y1       ; 103        ; 1        ; GND*                                     ;        ;              ;         ; Row I/O    ;                 ; no       ; Off          ;
; Y2       ;            ;          ; NC                                       ;        ;              ;         ; --         ;                 ; --       ; --           ;
; Y3       ; 108        ; 1        ; GND*                                     ;        ;              ;         ; Row I/O    ;                 ; no       ; Off          ;
; Y4       ; 109        ; 1        ; GND*                                     ;        ;              ;         ; Row I/O    ;                 ; no       ; Off          ;
; Y5       ; 121        ; 1        ; GND*                                     ;        ;              ;         ; Row I/O    ;                 ; no       ; Off          ;
; Y6       ;            ;          ; GND_PLL1                                 ; gnd    ;              ;         ; --         ;                 ; --       ; --           ;
; Y7       ;            ;          ; VCCD_PLL1                                ; power  ;              ; 1.2V    ; --         ;                 ; --       ; --           ;
; Y8       ;            ;          ; GNDA_PLL1                                ; gnd    ;              ;         ; --         ;                 ; --       ; --           ;
; Y9       ;            ;          ; GND                                      ; gnd    ;              ;         ; --         ;                 ; --       ; --           ;
; Y10      ; 146        ; 8        ; GND*                                     ;        ;              ;         ; Column I/O ;                 ; no       ; Off          ;
; Y11      ; 156        ; 8        ; GND*                                     ;        ;              ;         ; Column I/O ;                 ; no       ; Off          ;
; Y12      ; 180        ; 8        ; GND*                                     ;        ;              ;         ; Column I/O ;                 ; no       ; Off          ;
; Y13      ; 193        ; 7        ; LEDR[9]                                  ; output ; 3.3-V LVTTL  ;         ; Column I/O ; Y               ; no       ; Off          ;
; Y14      ; 195        ; 7        ; GND*                                     ;        ;              ;         ; Column I/O ;                 ; no       ; Off          ;
; Y15      ; 196        ; 7        ; GND*                                     ;        ;              ;         ; Column I/O ;                 ; no       ; Off          ;
; Y16      ; 210        ; 7        ; GND*                                     ;        ;              ;         ; Column I/O ;                 ; no       ; Off          ;
; Y17      ;            ;          ; GND                                      ; gnd    ;              ;         ; --         ;                 ; --       ; --           ;
; Y18      ; 229        ; 7        ; LEDG[7]                                  ; output ; 3.3-V LVTTL  ;         ; Column I/O ; Y               ; no       ; Off          ;
; Y19      ;            ;          ; GNDA_PLL4                                ; gnd    ;              ;         ; --         ;                 ; --       ; --           ;
; Y20      ;            ;          ; VCCD_PLL4                                ; power  ;              ; 1.2V    ; --         ;                 ; --       ; --           ;
; Y21      ; 250        ; 6        ; GND*                                     ;        ;              ;         ; Row I/O    ;                 ; no       ; Off          ;
; Y22      ; 254        ; 6        ; HEX1[3]                                  ; output ; 3.3-V LVTTL  ;         ; Row I/O    ; Y               ; no       ; Off          ;
; Y23      ; 265        ; 6        ; HEX3[0]                                  ; output ; 3.3-V LVTTL  ;         ; Row I/O    ; Y               ; no       ; Off          ;
; Y24      ; 264        ; 6        ; HEX2[6]                                  ; output ; 3.3-V LVTTL  ;         ; Row I/O    ; Y               ; no       ; Off          ;
; Y25      ; 269        ; 6        ; HEX3[4]                                  ; output ; 3.3-V LVTTL  ;         ; Row I/O    ; Y               ; no       ; Off          ;
; Y26      ; 268        ; 6        ; HEX3[3]                                  ; output ; 3.3-V LVTTL  ;         ; Row I/O    ; Y               ; no       ; Off          ;
+----------+------------+----------+------------------------------------------+--------+--------------+---------+------------+-----------------+----------+--------------+
Note: Pin directions (input, output or bidir) are based on device operating in user mode.


+-----------------------------------------------------------------------------------------------------------------------+
; PLL Summary                                                                                                           ;
+----------------------------------+------------------------------------------------------------------------------------+
; Name                             ; ov7670_lcm_wall_core:u_ov7670_lcm_wall_core|LCM_PLL:u0|altpll:altpll_component|pll ;
+----------------------------------+------------------------------------------------------------------------------------+
; SDC pin name                     ; u_ov7670_lcm_wall_core|u0|altpll_component|pll                                     ;
; PLL mode                         ; Normal                                                                             ;
; Compensate clock                 ; clock0                                                                             ;
; Compensated input/output pins    ; --                                                                                 ;
; Self reset on gated loss of lock ; Off                                                                                ;
; Gate lock counter                ; --                                                                                 ;
; Input frequency 0                ; 50.0 MHz                                                                           ;
; Input frequency 1                ; --                                                                                 ;
; Nominal PFD frequency            ; 50.0 MHz                                                                           ;
; Nominal VCO frequency            ; 350.0 MHz                                                                          ;
; VCO post scale K counter         ; 2                                                                                  ;
; VCO multiply                     ; --                                                                                 ;
; VCO divide                       ; --                                                                                 ;
; Freq min lock                    ; 42.86 MHz                                                                          ;
; Freq max lock                    ; 71.43 MHz                                                                          ;
; M VCO Tap                        ; 0                                                                                  ;
; M Initial                        ; 1                                                                                  ;
; M value                          ; 7                                                                                  ;
; N value                          ; 1                                                                                  ;
; Preserve PLL counter order       ; Off                                                                                ;
; PLL location                     ; PLL_1                                                                              ;
; Inclk0 signal                    ; CLOCK_50                                                                           ;
; Inclk1 signal                    ; --                                                                                 ;
; Inclk0 signal type               ; Dedicated Pin                                                                      ;
; Inclk1 signal type               ; --                                                                                 ;
+----------------------------------+------------------------------------------------------------------------------------+


+-----------------------------------------------------------------------------------------------------------------------------------------------------------------------------------------------------------------------------------------------------------------------------------+
; PLL Usage                                                                                                                                                                                                                                                                         ;
+--------------------------------------------------------------------------------------+--------------+------+-----+------------------+-------------+------------+---------+---------------+------------+---------+---------+-------------------------------------------------------+
; Name                                                                                 ; Output Clock ; Mult ; Div ; Output Frequency ; Phase Shift ; Duty Cycle ; Counter ; Counter Value ; High / Low ; Initial ; VCO Tap ; SDC Pin Name                                          ;
+--------------------------------------------------------------------------------------+--------------+------+-----+------------------+-------------+------------+---------+---------------+------------+---------+---------+-------------------------------------------------------+
; ov7670_lcm_wall_core:u_ov7670_lcm_wall_core|LCM_PLL:u0|altpll:altpll_component|_clk0 ; clock0       ; 7    ; 19  ; 18.42 MHz        ; 0 (0 ps)    ; 50/50      ; C0      ; 19            ; 10/9 Odd   ; 1       ; 0       ; u_ov7670_lcm_wall_core|u0|altpll_component|pll|clk[0] ;
+--------------------------------------------------------------------------------------+--------------+------+-----+------------------+-------------+------------+---------+---------------+------------+---------+---------+-------------------------------------------------------+


+-------------------------------------------------------------------------------+
; Output Pin Default Load For Reported TCO                                      ;
+----------------------------------+-------+------------------------------------+
; I/O Standard                     ; Load  ; Termination Resistance             ;
+----------------------------------+-------+------------------------------------+
; 3.3-V LVTTL                      ; 0 pF  ; Not Available                      ;
; 3.3-V LVCMOS                     ; 0 pF  ; Not Available                      ;
; 2.5 V                            ; 0 pF  ; Not Available                      ;
; 1.8 V                            ; 0 pF  ; Not Available                      ;
; 1.5 V                            ; 0 pF  ; Not Available                      ;
; 3.3-V PCI                        ; 10 pF ; 25 Ohm (Parallel)                  ;
; 3.3-V PCI-X                      ; 10 pF ; 25 Ohm (Parallel)                  ;
; SSTL-2 Class I                   ; 0 pF  ; 50 Ohm (Parallel), 25 Ohm (Serial) ;
; SSTL-2 Class II                  ; 0 pF  ; 25 Ohm (Parallel), 25 Ohm (Serial) ;
; SSTL-18 Class I                  ; 0 pF  ; 50 Ohm (Parallel), 25 Ohm (Serial) ;
; SSTL-18 Class II                 ; 0 pF  ; 25 Ohm (Parallel), 25 Ohm (Serial) ;
; 1.5-V HSTL Class I               ; 0 pF  ; 50 Ohm (Parallel)                  ;
; 1.5-V HSTL Class II              ; 0 pF  ; 25 Ohm (Parallel)                  ;
; 1.8-V HSTL Class I               ; 0 pF  ; 50 Ohm (Parallel)                  ;
; 1.8-V HSTL Class II              ; 0 pF  ; 25 Ohm (Parallel)                  ;
; Differential SSTL-2              ; 0 pF  ; (See SSTL-2)                       ;
; Differential 2.5-V SSTL Class II ; 0 pF  ; (See SSTL-2 Class II)              ;
; Differential 1.8-V SSTL Class I  ; 0 pF  ; (See 1.8-V SSTL Class I)           ;
; Differential 1.8-V SSTL Class II ; 0 pF  ; (See 1.8-V SSTL Class II)          ;
; Differential 1.5-V HSTL Class I  ; 0 pF  ; (See 1.5-V HSTL Class I)           ;
; Differential 1.5-V HSTL Class II ; 0 pF  ; (See 1.5-V HSTL Class II)          ;
; Differential 1.8-V HSTL Class I  ; 0 pF  ; (See 1.8-V HSTL Class I)           ;
; Differential 1.8-V HSTL Class II ; 0 pF  ; (See 1.8-V HSTL Class II)          ;
; LVDS                             ; 0 pF  ; 100 Ohm (Differential)             ;
; mini-LVDS                        ; 0 pF  ; 100 Ohm (Differential)             ;
; RSDS                             ; 0 pF  ; 100 Ohm (Differential)             ;
; Simple RSDS                      ; 0 pF  ; Not Available                      ;
; Differential LVPECL              ; 0 pF  ; 100 Ohm (Differential)             ;
+----------------------------------+-------+------------------------------------+
Note: User assignments will override these defaults. The user specified values are listed in the Output Pins and Bidir Pins tables.


+------------------------------------------------------------------------------------------------------------------------------------------------------------------------------------------------------------------------------------------------------------------------------------------------------------------------------------------------------------------------------------------------------------------------------------------------+
; Fitter Resource Utilization by Entity                                                                                                                                                                                                                                                                                                                                                                                                          ;
+----------------------------------------------------+---------------+---------------------------+---------------+-------------+------+--------------+---------+-----------+------+--------------+--------------+-------------------+------------------+--------------------------------------------------------------------------------------------------------------------------------------------------------------------------+--------------+
; Compilation Hierarchy Node                         ; Logic Cells   ; Dedicated Logic Registers ; I/O Registers ; Memory Bits ; M4Ks ; DSP Elements ; DSP 9x9 ; DSP 18x18 ; Pins ; Virtual Pins ; LUT-Only LCs ; Register-Only LCs ; LUT/Register LCs ; Full Hierarchy Name                                                                                                                                                      ; Library Name ;
+----------------------------------------------------+---------------+---------------------------+---------------+-------------+------+--------------+---------+-----------+------+--------------+--------------+-------------------+------------------+--------------------------------------------------------------------------------------------------------------------------------------------------------------------------+--------------+
; |TOP_SOC_MMIO_TEST                                 ; 17391 (127)   ; 10093 (56)                ; 0 (0)         ; 153600      ; 40   ; 0            ; 0       ; 0         ; 179  ; 0            ; 7298 (78)    ; 7020 (9)          ; 3073 (40)        ; |TOP_SOC_MMIO_TEST                                                                                                                                                       ; work         ;
;    |DMEM_MMIO:u_dmem_mmio|                         ; 12148 (12148) ; 8286 (8286)               ; 0 (0)         ; 0           ; 0    ; 0            ; 0       ; 0         ; 0    ; 0            ; 3862 (3862)  ; 6255 (6255)       ; 2031 (2031)      ; |TOP_SOC_MMIO_TEST|DMEM_MMIO:u_dmem_mmio                                                                                                                                 ; work         ;
;    |IMEM:u_imem|                                   ; 630 (630)     ; 0 (0)                     ; 0 (0)         ; 0           ; 0    ; 0            ; 0       ; 0         ; 0    ; 0            ; 614 (614)    ; 0 (0)             ; 16 (16)          ; |TOP_SOC_MMIO_TEST|IMEM:u_imem                                                                                                                                           ; work         ;
;    |RV32I:u_rv32i|                                 ; 3224 (0)      ; 1056 (0)                  ; 0 (0)         ; 0           ; 0    ; 0            ; 0       ; 0         ; 0    ; 0            ; 2110 (0)     ; 613 (0)           ; 501 (0)          ; |TOP_SOC_MMIO_TEST|RV32I:u_rv32i                                                                                                                                         ; work         ;
;       |CONTROLLER:CTRL|                            ; 39 (6)        ; 0 (0)                     ; 0 (0)         ; 0           ; 0    ; 0            ; 0       ; 0         ; 0    ; 0            ; 39 (6)       ; 0 (0)             ; 0 (0)            ; |TOP_SOC_MMIO_TEST|RV32I:u_rv32i|CONTROLLER:CTRL                                                                                                                         ; work         ;
;          |ALUDEC:AD|                               ; 11 (11)       ; 0 (0)                     ; 0 (0)         ; 0           ; 0    ; 0            ; 0       ; 0         ; 0    ; 0            ; 11 (11)      ; 0 (0)             ; 0 (0)            ; |TOP_SOC_MMIO_TEST|RV32I:u_rv32i|CONTROLLER:CTRL|ALUDEC:AD                                                                                                               ; work         ;
;          |MAINDEC:MD|                              ; 22 (22)       ; 0 (0)                     ; 0 (0)         ; 0           ; 0    ; 0            ; 0       ; 0         ; 0    ; 0            ; 22 (22)      ; 0 (0)             ; 0 (0)            ; |TOP_SOC_MMIO_TEST|RV32I:u_rv32i|CONTROLLER:CTRL|MAINDEC:MD                                                                                                              ; work         ;
;       |DATAPATH:DP|                                ; 3185 (270)    ; 1056 (0)                  ; 0 (0)         ; 0           ; 0    ; 0            ; 0       ; 0         ; 0    ; 0            ; 2071 (257)   ; 613 (0)           ; 501 (23)         ; |TOP_SOC_MMIO_TEST|RV32I:u_rv32i|DATAPATH:DP                                                                                                                             ; work         ;
;          |ALU:alu|                                 ; 770 (770)     ; 0 (0)                     ; 0 (0)         ; 0           ; 0    ; 0            ; 0       ; 0         ; 0    ; 0            ; 725 (725)    ; 0 (0)             ; 45 (45)          ; |TOP_SOC_MMIO_TEST|RV32I:u_rv32i|DATAPATH:DP|ALU:alu                                                                                                                     ; work         ;
;          |EXTEND:extend|                           ; 40 (40)       ; 0 (0)                     ; 0 (0)         ; 0           ; 0    ; 0            ; 0       ; 0         ; 0    ; 0            ; 38 (38)      ; 0 (0)             ; 2 (2)            ; |TOP_SOC_MMIO_TEST|RV32I:u_rv32i|DATAPATH:DP|EXTEND:extend                                                                                                               ; work         ;
;          |PC:pc|                                   ; 32 (32)       ; 32 (32)                   ; 0 (0)         ; 0           ; 0    ; 0            ; 0       ; 0         ; 0    ; 0            ; 0 (0)        ; 0 (0)             ; 32 (32)          ; |TOP_SOC_MMIO_TEST|RV32I:u_rv32i|DATAPATH:DP|PC:pc                                                                                                                       ; work         ;
;          |REGFILE:regfile|                         ; 2076 (2076)   ; 1024 (1024)               ; 0 (0)         ; 0           ; 0    ; 0            ; 0       ; 0         ; 0    ; 0            ; 1051 (1051)  ; 613 (613)         ; 412 (412)        ; |TOP_SOC_MMIO_TEST|RV32I:u_rv32i|DATAPATH:DP|REGFILE:regfile                                                                                                             ; work         ;
;    |UART_RX:u_cpu_pc_rx|                           ; 79 (79)       ; 42 (42)                   ; 0 (0)         ; 0           ; 0    ; 0            ; 0       ; 0         ; 0    ; 0            ; 37 (37)      ; 2 (2)             ; 40 (40)          ; |TOP_SOC_MMIO_TEST|UART_RX:u_cpu_pc_rx                                                                                                                                   ; work         ;
;    |UART_TX:u_cpu_pc_tx|                           ; 60 (60)       ; 33 (33)                   ; 0 (0)         ; 0           ; 0    ; 0            ; 0       ; 0         ; 0    ; 0            ; 27 (27)      ; 0 (0)             ; 33 (33)          ; |TOP_SOC_MMIO_TEST|UART_TX:u_cpu_pc_tx                                                                                                                                   ; work         ;
;    |huskylens_sensor_core:u_huskylens_sensor_core| ; 606 (190)     ; 394 (129)                 ; 0 (0)         ; 0           ; 0    ; 0            ; 0       ; 0         ; 0    ; 0            ; 211 (60)     ; 127 (1)           ; 268 (129)        ; |TOP_SOC_MMIO_TEST|huskylens_sensor_core:u_huskylens_sensor_core                                                                                                         ; work         ;
;       |HL_PARSER:hl_parser|                        ; 245 (245)     ; 167 (167)                 ; 0 (0)         ; 0           ; 0    ; 0            ; 0       ; 0         ; 0    ; 0            ; 78 (78)      ; 124 (124)         ; 43 (43)          ; |TOP_SOC_MMIO_TEST|huskylens_sensor_core:u_huskylens_sensor_core|HL_PARSER:hl_parser                                                                                     ; work         ;
;       |TIMER:timer_inst|                           ; 31 (31)       ; 23 (23)                   ; 0 (0)         ; 0           ; 0    ; 0            ; 0       ; 0         ; 0    ; 0            ; 8 (8)        ; 0 (0)             ; 23 (23)          ; |TOP_SOC_MMIO_TEST|huskylens_sensor_core:u_huskylens_sensor_core|TIMER:timer_inst                                                                                        ; work         ;
;       |UART_RX:uart_hl_rx|                         ; 80 (80)       ; 42 (42)                   ; 0 (0)         ; 0           ; 0    ; 0            ; 0       ; 0         ; 0    ; 0            ; 38 (38)      ; 2 (2)             ; 40 (40)          ; |TOP_SOC_MMIO_TEST|huskylens_sensor_core:u_huskylens_sensor_core|UART_RX:uart_hl_rx                                                                                      ; work         ;
;       |UART_TX:uart_hl_tx|                         ; 60 (60)       ; 33 (33)                   ; 0 (0)         ; 0           ; 0    ; 0            ; 0       ; 0         ; 0    ; 0            ; 27 (27)      ; 0 (0)             ; 33 (33)          ; |TOP_SOC_MMIO_TEST|huskylens_sensor_core:u_huskylens_sensor_core|UART_TX:uart_hl_tx                                                                                      ; work         ;
;    |ov7670_lcm_wall_core:u_ov7670_lcm_wall_core|   ; 585 (411)     ; 226 (176)                 ; 0 (0)         ; 153600      ; 40   ; 0            ; 0       ; 0         ; 0    ; 0            ; 359 (235)    ; 14 (12)           ; 212 (167)        ; |TOP_SOC_MMIO_TEST|ov7670_lcm_wall_core:u_ov7670_lcm_wall_core                                                                                                           ; work         ;
;       |I2S_LCM_Config:u4|                          ; 71 (26)       ; 47 (20)                   ; 0 (0)         ; 0           ; 0    ; 0            ; 0       ; 0         ; 0    ; 0            ; 24 (6)       ; 2 (1)             ; 45 (17)          ; |TOP_SOC_MMIO_TEST|ov7670_lcm_wall_core:u_ov7670_lcm_wall_core|I2S_LCM_Config:u4                                                                                         ; work         ;
;          |I2S_Controller:u0|                       ; 47 (47)       ; 27 (27)                   ; 0 (0)         ; 0           ; 0    ; 0            ; 0       ; 0         ; 0    ; 0            ; 18 (18)      ; 1 (1)             ; 28 (28)          ; |TOP_SOC_MMIO_TEST|ov7670_lcm_wall_core:u_ov7670_lcm_wall_core|I2S_LCM_Config:u4|I2S_Controller:u0                                                                       ; work         ;
;       |LCM_PLL:u0|                                 ; 0 (0)         ; 0 (0)                     ; 0 (0)         ; 0           ; 0    ; 0            ; 0       ; 0         ; 0    ; 0            ; 0 (0)        ; 0 (0)             ; 0 (0)            ; |TOP_SOC_MMIO_TEST|ov7670_lcm_wall_core:u_ov7670_lcm_wall_core|LCM_PLL:u0                                                                                                ; work         ;
;          |altpll:altpll_component|                 ; 0 (0)         ; 0 (0)                     ; 0 (0)         ; 0           ; 0    ; 0            ; 0       ; 0         ; 0    ; 0            ; 0 (0)        ; 0 (0)             ; 0 (0)            ; |TOP_SOC_MMIO_TEST|ov7670_lcm_wall_core:u_ov7670_lcm_wall_core|LCM_PLL:u0|altpll:altpll_component                                                                        ; work         ;
;       |altsyncram:frame_buf_rtl_0|                 ; 20 (0)        ; 3 (0)                     ; 0 (0)         ; 153600      ; 40   ; 0            ; 0       ; 0         ; 0    ; 0            ; 17 (0)       ; 0 (0)             ; 3 (0)            ; |TOP_SOC_MMIO_TEST|ov7670_lcm_wall_core:u_ov7670_lcm_wall_core|altsyncram:frame_buf_rtl_0                                                                                ; work         ;
;          |altsyncram_o4d1:auto_generated|          ; 20 (0)        ; 3 (0)                     ; 0 (0)         ; 153600      ; 40   ; 0            ; 0       ; 0         ; 0    ; 0            ; 17 (0)       ; 0 (0)             ; 3 (0)            ; |TOP_SOC_MMIO_TEST|ov7670_lcm_wall_core:u_ov7670_lcm_wall_core|altsyncram:frame_buf_rtl_0|altsyncram_o4d1:auto_generated                                                 ; work         ;
;             |altsyncram_rng1:altsyncram1|          ; 20 (3)        ; 3 (3)                     ; 0 (0)         ; 153600      ; 40   ; 0            ; 0       ; 0         ; 0    ; 0            ; 17 (0)       ; 0 (0)             ; 3 (3)            ; |TOP_SOC_MMIO_TEST|ov7670_lcm_wall_core:u_ov7670_lcm_wall_core|altsyncram:frame_buf_rtl_0|altsyncram_o4d1:auto_generated|altsyncram_rng1:altsyncram1                     ; work         ;
;                |decode_6oa:decode4|                ; 4 (4)         ; 0 (0)                     ; 0 (0)         ; 0           ; 0    ; 0            ; 0       ; 0         ; 0    ; 0            ; 4 (4)        ; 0 (0)             ; 0 (0)            ; |TOP_SOC_MMIO_TEST|ov7670_lcm_wall_core:u_ov7670_lcm_wall_core|altsyncram:frame_buf_rtl_0|altsyncram_o4d1:auto_generated|altsyncram_rng1:altsyncram1|decode_6oa:decode4  ; work         ;
;                |decode_6oa:decode_a|               ; 5 (5)         ; 0 (0)                     ; 0 (0)         ; 0           ; 0    ; 0            ; 0       ; 0         ; 0    ; 0            ; 5 (5)        ; 0 (0)             ; 0 (0)            ; |TOP_SOC_MMIO_TEST|ov7670_lcm_wall_core:u_ov7670_lcm_wall_core|altsyncram:frame_buf_rtl_0|altsyncram_o4d1:auto_generated|altsyncram_rng1:altsyncram1|decode_6oa:decode_a ; work         ;
;                |mux_mib:mux5|                      ; 8 (8)         ; 0 (0)                     ; 0 (0)         ; 0           ; 0    ; 0            ; 0       ; 0         ; 0    ; 0            ; 8 (8)        ; 0 (0)             ; 0 (0)            ; |TOP_SOC_MMIO_TEST|ov7670_lcm_wall_core:u_ov7670_lcm_wall_core|altsyncram:frame_buf_rtl_0|altsyncram_o4d1:auto_generated|altsyncram_rng1:altsyncram1|mux_mib:mux5        ; work         ;
;       |lpm_divide:Div0|                            ; 83 (0)        ; 0 (0)                     ; 0 (0)         ; 0           ; 0    ; 0            ; 0       ; 0         ; 0    ; 0            ; 83 (0)       ; 0 (0)             ; 0 (0)            ; |TOP_SOC_MMIO_TEST|ov7670_lcm_wall_core:u_ov7670_lcm_wall_core|lpm_divide:Div0                                                                                           ; work         ;
;          |lpm_divide_aem:auto_generated|           ; 83 (0)        ; 0 (0)                     ; 0 (0)         ; 0           ; 0    ; 0            ; 0       ; 0         ; 0    ; 0            ; 83 (0)       ; 0 (0)             ; 0 (0)            ; |TOP_SOC_MMIO_TEST|ov7670_lcm_wall_core:u_ov7670_lcm_wall_core|lpm_divide:Div0|lpm_divide_aem:auto_generated                                                             ; work         ;
;             |sign_div_unsign_klh:divider|          ; 83 (0)        ; 0 (0)                     ; 0 (0)         ; 0           ; 0    ; 0            ; 0       ; 0         ; 0    ; 0            ; 83 (0)       ; 0 (0)             ; 0 (0)            ; |TOP_SOC_MMIO_TEST|ov7670_lcm_wall_core:u_ov7670_lcm_wall_core|lpm_divide:Div0|lpm_divide_aem:auto_generated|sign_div_unsign_klh:divider                                 ; work         ;
;                |alt_u_div_a2f:divider|             ; 83 (83)       ; 0 (0)                     ; 0 (0)         ; 0           ; 0    ; 0            ; 0       ; 0         ; 0    ; 0            ; 83 (83)      ; 0 (0)             ; 0 (0)            ; |TOP_SOC_MMIO_TEST|ov7670_lcm_wall_core:u_ov7670_lcm_wall_core|lpm_divide:Div0|lpm_divide_aem:auto_generated|sign_div_unsign_klh:divider|alt_u_div_a2f:divider           ; work         ;
+----------------------------------------------------+---------------+---------------------------+---------------+-------------+------+--------------+---------+-----------+------+--------------+--------------+-------------------+------------------+--------------------------------------------------------------------------------------------------------------------------------------------------------------------------+--------------+
Note: For table entries with two numbers listed, the numbers in parentheses indicate the number of resources of the given type used by the specific entity alone. The numbers listed outside of parentheses indicate the total resources of the given type used by the specific entity and all of its sub-entities in the hierarchy.


+-------------------------------------------------------------------------------------+
; Delay Chain Summary                                                                 ;
+------------+----------+---------------+---------------+-----------------------+-----+
; Name       ; Pin Type ; Pad to Core 0 ; Pad to Core 1 ; Pad to Input Register ; TCO ;
+------------+----------+---------------+---------------+-----------------------+-----+
; GPIO_0[0]  ; Bidir    ; (0) 171 ps    ; (0) 171 ps    ; --                    ; --  ;
; GPIO_0[1]  ; Bidir    ; (0) 171 ps    ; (0) 171 ps    ; --                    ; --  ;
; GPIO_0[2]  ; Bidir    ; (0) 171 ps    ; (0) 171 ps    ; --                    ; --  ;
; GPIO_0[3]  ; Bidir    ; (0) 171 ps    ; (0) 171 ps    ; --                    ; --  ;
; GPIO_0[4]  ; Bidir    ; (0) 171 ps    ; (0) 171 ps    ; --                    ; --  ;
; GPIO_0[5]  ; Bidir    ; (0) 171 ps    ; (0) 171 ps    ; --                    ; --  ;
; GPIO_0[6]  ; Bidir    ; (0) 171 ps    ; (0) 171 ps    ; --                    ; --  ;
; GPIO_0[7]  ; Bidir    ; (0) 171 ps    ; (0) 171 ps    ; --                    ; --  ;
; GPIO_0[8]  ; Bidir    ; (0) 171 ps    ; (0) 171 ps    ; --                    ; --  ;
; GPIO_0[9]  ; Bidir    ; (0) 171 ps    ; (0) 171 ps    ; --                    ; --  ;
; GPIO_0[10] ; Bidir    ; (0) 171 ps    ; (0) 171 ps    ; --                    ; --  ;
; GPIO_0[11] ; Bidir    ; (0) 171 ps    ; (0) 171 ps    ; --                    ; --  ;
; GPIO_0[12] ; Bidir    ; (0) 171 ps    ; (0) 171 ps    ; --                    ; --  ;
; GPIO_0[13] ; Bidir    ; (0) 171 ps    ; (0) 171 ps    ; --                    ; --  ;
; GPIO_0[14] ; Bidir    ; (0) 171 ps    ; (0) 171 ps    ; --                    ; --  ;
; GPIO_0[15] ; Bidir    ; (0) 171 ps    ; (0) 171 ps    ; --                    ; --  ;
; GPIO_0[16] ; Bidir    ; (0) 171 ps    ; (0) 171 ps    ; --                    ; --  ;
; GPIO_0[17] ; Bidir    ; (0) 171 ps    ; (0) 171 ps    ; --                    ; --  ;
; GPIO_0[18] ; Bidir    ; (0) 171 ps    ; (0) 171 ps    ; --                    ; --  ;
; GPIO_0[19] ; Bidir    ; (0) 171 ps    ; (0) 171 ps    ; --                    ; --  ;
; GPIO_0[20] ; Bidir    ; (0) 171 ps    ; (0) 171 ps    ; --                    ; --  ;
; GPIO_0[21] ; Bidir    ; (0) 171 ps    ; (0) 171 ps    ; --                    ; --  ;
; GPIO_0[22] ; Bidir    ; (0) 171 ps    ; (0) 171 ps    ; --                    ; --  ;
; GPIO_0[23] ; Bidir    ; (0) 171 ps    ; (0) 171 ps    ; --                    ; --  ;
; GPIO_0[24] ; Bidir    ; (0) 171 ps    ; (0) 171 ps    ; --                    ; --  ;
; GPIO_0[25] ; Bidir    ; (0) 171 ps    ; (0) 171 ps    ; --                    ; --  ;
; GPIO_0[26] ; Bidir    ; (0) 171 ps    ; (0) 171 ps    ; --                    ; --  ;
; GPIO_0[27] ; Bidir    ; (0) 171 ps    ; (0) 171 ps    ; --                    ; --  ;
; GPIO_0[28] ; Bidir    ; (0) 171 ps    ; (0) 171 ps    ; --                    ; --  ;
; GPIO_0[29] ; Bidir    ; (0) 171 ps    ; (0) 171 ps    ; --                    ; --  ;
; GPIO_0[30] ; Bidir    ; (0) 171 ps    ; (0) 171 ps    ; --                    ; --  ;
; GPIO_0[31] ; Bidir    ; (0) 171 ps    ; (0) 171 ps    ; --                    ; --  ;
; GPIO_0[32] ; Bidir    ; (0) 171 ps    ; (0) 171 ps    ; --                    ; --  ;
; GPIO_0[33] ; Bidir    ; (0) 171 ps    ; (0) 171 ps    ; --                    ; --  ;
; GPIO_0[34] ; Bidir    ; (0) 171 ps    ; (0) 171 ps    ; --                    ; --  ;
; GPIO_0[35] ; Bidir    ; (0) 171 ps    ; (0) 171 ps    ; --                    ; --  ;
; GPIO_1[0]  ; Bidir    ; (6) 2523 ps   ; (6) 2523 ps   ; --                    ; --  ;
; GPIO_1[1]  ; Bidir    ; (0) 171 ps    ; (0) 171 ps    ; --                    ; --  ;
; GPIO_1[2]  ; Bidir    ; (0) 171 ps    ; (0) 171 ps    ; --                    ; --  ;
; GPIO_1[3]  ; Bidir    ; (0) 171 ps    ; (0) 171 ps    ; --                    ; --  ;
; GPIO_1[4]  ; Bidir    ; (0) 171 ps    ; (0) 171 ps    ; --                    ; --  ;
; GPIO_1[5]  ; Bidir    ; (0) 171 ps    ; (6) 2523 ps   ; --                    ; --  ;
; GPIO_1[6]  ; Bidir    ; (6) 2523 ps   ; (6) 2523 ps   ; --                    ; --  ;
; GPIO_1[7]  ; Bidir    ; (6) 2523 ps   ; (6) 2523 ps   ; --                    ; --  ;
; GPIO_1[8]  ; Bidir    ; (6) 2523 ps   ; (6) 2523 ps   ; --                    ; --  ;
; GPIO_1[9]  ; Bidir    ; (6) 2523 ps   ; (6) 2523 ps   ; --                    ; --  ;
; GPIO_1[10] ; Bidir    ; (6) 2523 ps   ; (6) 2523 ps   ; --                    ; --  ;
; GPIO_1[11] ; Bidir    ; (6) 2523 ps   ; (6) 2523 ps   ; --                    ; --  ;
; GPIO_1[12] ; Bidir    ; (6) 2523 ps   ; (6) 2523 ps   ; --                    ; --  ;
; GPIO_1[13] ; Bidir    ; (6) 2523 ps   ; (6) 2523 ps   ; --                    ; --  ;
; GPIO_1[14] ; Bidir    ; (6) 2523 ps   ; (6) 2523 ps   ; --                    ; --  ;
; GPIO_1[15] ; Bidir    ; (6) 2523 ps   ; (6) 2523 ps   ; --                    ; --  ;
; GPIO_1[16] ; Bidir    ; (0) 171 ps    ; (0) 171 ps    ; --                    ; --  ;
; GPIO_1[17] ; Bidir    ; (0) 171 ps    ; (0) 171 ps    ; --                    ; --  ;
; GPIO_1[18] ; Bidir    ; (0) 171 ps    ; (0) 171 ps    ; --                    ; --  ;
; GPIO_1[19] ; Bidir    ; (0) 171 ps    ; (0) 171 ps    ; --                    ; --  ;
; GPIO_1[20] ; Bidir    ; (0) 171 ps    ; (0) 171 ps    ; --                    ; --  ;
; GPIO_1[21] ; Bidir    ; (0) 171 ps    ; (0) 171 ps    ; --                    ; --  ;
; GPIO_1[22] ; Bidir    ; (0) 171 ps    ; (0) 171 ps    ; --                    ; --  ;
; GPIO_1[23] ; Bidir    ; (0) 171 ps    ; (0) 171 ps    ; --                    ; --  ;
; GPIO_1[24] ; Bidir    ; (0) 171 ps    ; (0) 171 ps    ; --                    ; --  ;
; GPIO_1[25] ; Bidir    ; (0) 171 ps    ; (0) 171 ps    ; --                    ; --  ;
; GPIO_1[26] ; Bidir    ; (0) 171 ps    ; (0) 171 ps    ; --                    ; --  ;
; GPIO_1[27] ; Bidir    ; (0) 171 ps    ; (0) 171 ps    ; --                    ; --  ;
; GPIO_1[28] ; Bidir    ; (0) 171 ps    ; (0) 171 ps    ; --                    ; --  ;
; GPIO_1[29] ; Bidir    ; (0) 171 ps    ; (0) 171 ps    ; --                    ; --  ;
; GPIO_1[30] ; Bidir    ; (0) 171 ps    ; (0) 171 ps    ; --                    ; --  ;
; GPIO_1[31] ; Bidir    ; (0) 171 ps    ; (0) 171 ps    ; --                    ; --  ;
; GPIO_1[32] ; Bidir    ; (0) 171 ps    ; (0) 171 ps    ; --                    ; --  ;
; GPIO_1[33] ; Bidir    ; (0) 171 ps    ; (0) 171 ps    ; --                    ; --  ;
; GPIO_1[34] ; Bidir    ; (0) 171 ps    ; (0) 171 ps    ; --                    ; --  ;
; GPIO_1[35] ; Bidir    ; (0) 171 ps    ; (0) 171 ps    ; --                    ; --  ;
; UART_TXD   ; Output   ; --            ; --            ; --                    ; --  ;
; HEX0[0]    ; Output   ; --            ; --            ; --                    ; --  ;
; HEX0[1]    ; Output   ; --            ; --            ; --                    ; --  ;
; HEX0[2]    ; Output   ; --            ; --            ; --                    ; --  ;
; HEX0[3]    ; Output   ; --            ; --            ; --                    ; --  ;
; HEX0[4]    ; Output   ; --            ; --            ; --                    ; --  ;
; HEX0[5]    ; Output   ; --            ; --            ; --                    ; --  ;
; HEX0[6]    ; Output   ; --            ; --            ; --                    ; --  ;
; HEX1[0]    ; Output   ; --            ; --            ; --                    ; --  ;
; HEX1[1]    ; Output   ; --            ; --            ; --                    ; --  ;
; HEX1[2]    ; Output   ; --            ; --            ; --                    ; --  ;
; HEX1[3]    ; Output   ; --            ; --            ; --                    ; --  ;
; HEX1[4]    ; Output   ; --            ; --            ; --                    ; --  ;
; HEX1[5]    ; Output   ; --            ; --            ; --                    ; --  ;
; HEX1[6]    ; Output   ; --            ; --            ; --                    ; --  ;
; HEX2[0]    ; Output   ; --            ; --            ; --                    ; --  ;
; HEX2[1]    ; Output   ; --            ; --            ; --                    ; --  ;
; HEX2[2]    ; Output   ; --            ; --            ; --                    ; --  ;
; HEX2[3]    ; Output   ; --            ; --            ; --                    ; --  ;
; HEX2[4]    ; Output   ; --            ; --            ; --                    ; --  ;
; HEX2[5]    ; Output   ; --            ; --            ; --                    ; --  ;
; HEX2[6]    ; Output   ; --            ; --            ; --                    ; --  ;
; HEX3[0]    ; Output   ; --            ; --            ; --                    ; --  ;
; HEX3[1]    ; Output   ; --            ; --            ; --                    ; --  ;
; HEX3[2]    ; Output   ; --            ; --            ; --                    ; --  ;
; HEX3[3]    ; Output   ; --            ; --            ; --                    ; --  ;
; HEX3[4]    ; Output   ; --            ; --            ; --                    ; --  ;
; HEX3[5]    ; Output   ; --            ; --            ; --                    ; --  ;
; HEX3[6]    ; Output   ; --            ; --            ; --                    ; --  ;
; HEX4[0]    ; Output   ; --            ; --            ; --                    ; --  ;
; HEX4[1]    ; Output   ; --            ; --            ; --                    ; --  ;
; HEX4[2]    ; Output   ; --            ; --            ; --                    ; --  ;
; HEX4[3]    ; Output   ; --            ; --            ; --                    ; --  ;
; HEX4[4]    ; Output   ; --            ; --            ; --                    ; --  ;
; HEX4[5]    ; Output   ; --            ; --            ; --                    ; --  ;
; HEX4[6]    ; Output   ; --            ; --            ; --                    ; --  ;
; HEX5[0]    ; Output   ; --            ; --            ; --                    ; --  ;
; HEX5[1]    ; Output   ; --            ; --            ; --                    ; --  ;
; HEX5[2]    ; Output   ; --            ; --            ; --                    ; --  ;
; HEX5[3]    ; Output   ; --            ; --            ; --                    ; --  ;
; HEX5[4]    ; Output   ; --            ; --            ; --                    ; --  ;
; HEX5[5]    ; Output   ; --            ; --            ; --                    ; --  ;
; HEX5[6]    ; Output   ; --            ; --            ; --                    ; --  ;
; HEX6[0]    ; Output   ; --            ; --            ; --                    ; --  ;
; HEX6[1]    ; Output   ; --            ; --            ; --                    ; --  ;
; HEX6[2]    ; Output   ; --            ; --            ; --                    ; --  ;
; HEX6[3]    ; Output   ; --            ; --            ; --                    ; --  ;
; HEX6[4]    ; Output   ; --            ; --            ; --                    ; --  ;
; HEX6[5]    ; Output   ; --            ; --            ; --                    ; --  ;
; HEX6[6]    ; Output   ; --            ; --            ; --                    ; --  ;
; HEX7[0]    ; Output   ; --            ; --            ; --                    ; --  ;
; HEX7[1]    ; Output   ; --            ; --            ; --                    ; --  ;
; HEX7[2]    ; Output   ; --            ; --            ; --                    ; --  ;
; HEX7[3]    ; Output   ; --            ; --            ; --                    ; --  ;
; HEX7[4]    ; Output   ; --            ; --            ; --                    ; --  ;
; HEX7[5]    ; Output   ; --            ; --            ; --                    ; --  ;
; HEX7[6]    ; Output   ; --            ; --            ; --                    ; --  ;
; LEDG[0]    ; Output   ; --            ; --            ; --                    ; --  ;
; LEDG[1]    ; Output   ; --            ; --            ; --                    ; --  ;
; LEDG[2]    ; Output   ; --            ; --            ; --                    ; --  ;
; LEDG[3]    ; Output   ; --            ; --            ; --                    ; --  ;
; LEDG[4]    ; Output   ; --            ; --            ; --                    ; --  ;
; LEDG[5]    ; Output   ; --            ; --            ; --                    ; --  ;
; LEDG[6]    ; Output   ; --            ; --            ; --                    ; --  ;
; LEDG[7]    ; Output   ; --            ; --            ; --                    ; --  ;
; LEDR[0]    ; Output   ; --            ; --            ; --                    ; --  ;
; LEDR[1]    ; Output   ; --            ; --            ; --                    ; --  ;
; LEDR[2]    ; Output   ; --            ; --            ; --                    ; --  ;
; LEDR[3]    ; Output   ; --            ; --            ; --                    ; --  ;
; LEDR[4]    ; Output   ; --            ; --            ; --                    ; --  ;
; LEDR[5]    ; Output   ; --            ; --            ; --                    ; --  ;
; LEDR[6]    ; Output   ; --            ; --            ; --                    ; --  ;
; LEDR[7]    ; Output   ; --            ; --            ; --                    ; --  ;
; LEDR[8]    ; Output   ; --            ; --            ; --                    ; --  ;
; LEDR[9]    ; Output   ; --            ; --            ; --                    ; --  ;
; LEDR[10]   ; Output   ; --            ; --            ; --                    ; --  ;
; LEDR[11]   ; Output   ; --            ; --            ; --                    ; --  ;
; LEDR[12]   ; Output   ; --            ; --            ; --                    ; --  ;
; LEDR[13]   ; Output   ; --            ; --            ; --                    ; --  ;
; LEDR[14]   ; Output   ; --            ; --            ; --                    ; --  ;
; LEDR[15]   ; Output   ; --            ; --            ; --                    ; --  ;
; LEDR[16]   ; Output   ; --            ; --            ; --                    ; --  ;
; LEDR[17]   ; Output   ; --            ; --            ; --                    ; --  ;
; SW[17]     ; Input    ; (6) 2523 ps   ; (6) 2523 ps   ; --                    ; --  ;
; KEY[0]     ; Input    ; (6) 2523 ps   ; (6) 2523 ps   ; --                    ; --  ;
; CLOCK_50   ; Input    ; --            ; --            ; --                    ; --  ;
; SW[0]      ; Input    ; (0) 171 ps    ; (0) 171 ps    ; --                    ; --  ;
; KEY[1]     ; Input    ; (6) 2523 ps   ; (6) 2523 ps   ; --                    ; --  ;
; SW[1]      ; Input    ; (0) 171 ps    ; (0) 171 ps    ; --                    ; --  ;
; SW[2]      ; Input    ; (0) 171 ps    ; (0) 171 ps    ; --                    ; --  ;
; KEY[2]     ; Input    ; (6) 2523 ps   ; (6) 2523 ps   ; --                    ; --  ;
; SW[3]      ; Input    ; (0) 170 ps    ; (0) 170 ps    ; --                    ; --  ;
; KEY[3]     ; Input    ; (6) 2523 ps   ; (6) 2523 ps   ; --                    ; --  ;
; SW[4]      ; Input    ; (0) 170 ps    ; (0) 170 ps    ; --                    ; --  ;
; SW[5]      ; Input    ; (0) 170 ps    ; (0) 170 ps    ; --                    ; --  ;
; SW[9]      ; Input    ; (0) 170 ps    ; (0) 170 ps    ; --                    ; --  ;
; SW[8]      ; Input    ; (0) 170 ps    ; (0) 170 ps    ; --                    ; --  ;
; SW[7]      ; Input    ; (0) 170 ps    ; (0) 170 ps    ; --                    ; --  ;
; SW[6]      ; Input    ; (0) 170 ps    ; (0) 170 ps    ; --                    ; --  ;
; SW[16]     ; Input    ; (6) 2523 ps   ; (6) 2523 ps   ; --                    ; --  ;
; SW[15]     ; Input    ; (6) 2523 ps   ; (6) 2523 ps   ; --                    ; --  ;
; SW[14]     ; Input    ; (6) 2523 ps   ; (6) 2523 ps   ; --                    ; --  ;
; SW[13]     ; Input    ; (6) 2523 ps   ; (6) 2523 ps   ; --                    ; --  ;
; SW[12]     ; Input    ; (0) 171 ps    ; (0) 171 ps    ; --                    ; --  ;
; SW[11]     ; Input    ; (0) 171 ps    ; (0) 171 ps    ; --                    ; --  ;
; SW[10]     ; Input    ; (0) 171 ps    ; (0) 171 ps    ; --                    ; --  ;
; UART_RXD   ; Input    ; (6) 2523 ps   ; (6) 2523 ps   ; --                    ; --  ;
+------------+----------+---------------+---------------+-----------------------+-----+


+--------------------------------------------------------------------------------------------------------------------------------------------------------------------------------------+
; Pad To Core Delay Chain Fanout                                                                                                                                                       ;
+--------------------------------------------------------------------------------------------------------------------------------------------------------+-------------------+---------+
; Source Pin / Fanout                                                                                                                                    ; Pad To Core Index ; Setting ;
+--------------------------------------------------------------------------------------------------------------------------------------------------------+-------------------+---------+
; GPIO_0[0]                                                                                                                                              ;                   ;         ;
; GPIO_0[1]                                                                                                                                              ;                   ;         ;
; GPIO_0[2]                                                                                                                                              ;                   ;         ;
; GPIO_0[3]                                                                                                                                              ;                   ;         ;
; GPIO_0[4]                                                                                                                                              ;                   ;         ;
; GPIO_0[5]                                                                                                                                              ;                   ;         ;
; GPIO_0[6]                                                                                                                                              ;                   ;         ;
; GPIO_0[7]                                                                                                                                              ;                   ;         ;
; GPIO_0[8]                                                                                                                                              ;                   ;         ;
; GPIO_0[9]                                                                                                                                              ;                   ;         ;
; GPIO_0[10]                                                                                                                                             ;                   ;         ;
; GPIO_0[11]                                                                                                                                             ;                   ;         ;
; GPIO_0[12]                                                                                                                                             ;                   ;         ;
; GPIO_0[13]                                                                                                                                             ;                   ;         ;
; GPIO_0[14]                                                                                                                                             ;                   ;         ;
; GPIO_0[15]                                                                                                                                             ;                   ;         ;
; GPIO_0[16]                                                                                                                                             ;                   ;         ;
; GPIO_0[17]                                                                                                                                             ;                   ;         ;
; GPIO_0[18]                                                                                                                                             ;                   ;         ;
; GPIO_0[19]                                                                                                                                             ;                   ;         ;
; GPIO_0[20]                                                                                                                                             ;                   ;         ;
; GPIO_0[21]                                                                                                                                             ;                   ;         ;
; GPIO_0[22]                                                                                                                                             ;                   ;         ;
; GPIO_0[23]                                                                                                                                             ;                   ;         ;
; GPIO_0[24]                                                                                                                                             ;                   ;         ;
; GPIO_0[25]                                                                                                                                             ;                   ;         ;
; GPIO_0[26]                                                                                                                                             ;                   ;         ;
; GPIO_0[27]                                                                                                                                             ;                   ;         ;
; GPIO_0[28]                                                                                                                                             ;                   ;         ;
; GPIO_0[29]                                                                                                                                             ;                   ;         ;
; GPIO_0[30]                                                                                                                                             ;                   ;         ;
; GPIO_0[31]                                                                                                                                             ;                   ;         ;
; GPIO_0[32]                                                                                                                                             ;                   ;         ;
; GPIO_0[33]                                                                                                                                             ;                   ;         ;
; GPIO_0[34]                                                                                                                                             ;                   ;         ;
; GPIO_0[35]                                                                                                                                             ;                   ;         ;
; GPIO_1[0]                                                                                                                                              ;                   ;         ;
;      - huskylens_sensor_core:u_huskylens_sensor_core|UART_RX:uart_hl_rx|rx_sync1~feeder                                                                ; 0                 ; 6       ;
; GPIO_1[1]                                                                                                                                              ;                   ;         ;
; GPIO_1[2]                                                                                                                                              ;                   ;         ;
; GPIO_1[3]                                                                                                                                              ;                   ;         ;
; GPIO_1[4]                                                                                                                                              ;                   ;         ;
; GPIO_1[5]                                                                                                                                              ;                   ;         ;
;      - ov7670_lcm_wall_core:u_ov7670_lcm_wall_core|cam_low_x[7]                                                                                        ; 0                 ; 0       ;
;      - ov7670_lcm_wall_core:u_ov7670_lcm_wall_core|cam_low_x[6]                                                                                        ; 0                 ; 0       ;
;      - ov7670_lcm_wall_core:u_ov7670_lcm_wall_core|cam_low_x[5]                                                                                        ; 0                 ; 0       ;
;      - ov7670_lcm_wall_core:u_ov7670_lcm_wall_core|cam_low_x[0]                                                                                        ; 0                 ; 0       ;
;      - ov7670_lcm_wall_core:u_ov7670_lcm_wall_core|cam_low_x[1]                                                                                        ; 0                 ; 0       ;
;      - ov7670_lcm_wall_core:u_ov7670_lcm_wall_core|cam_low_x[2]                                                                                        ; 0                 ; 0       ;
;      - ov7670_lcm_wall_core:u_ov7670_lcm_wall_core|cam_low_x[3]                                                                                        ; 0                 ; 0       ;
;      - ov7670_lcm_wall_core:u_ov7670_lcm_wall_core|cam_low_x[4]                                                                                        ; 0                 ; 0       ;
;      - ov7670_lcm_wall_core:u_ov7670_lcm_wall_core|byte_phase                                                                                          ; 0                 ; 0       ;
;      - ov7670_lcm_wall_core:u_ov7670_lcm_wall_core|cam_x_sample_count[0]                                                                               ; 0                 ; 0       ;
;      - ov7670_lcm_wall_core:u_ov7670_lcm_wall_core|cam_low_y[3]                                                                                        ; 0                 ; 0       ;
;      - ov7670_lcm_wall_core:u_ov7670_lcm_wall_core|cam_low_y[4]                                                                                        ; 0                 ; 0       ;
;      - ov7670_lcm_wall_core:u_ov7670_lcm_wall_core|cam_low_y[5]                                                                                        ; 0                 ; 0       ;
;      - ov7670_lcm_wall_core:u_ov7670_lcm_wall_core|cam_low_y[6]                                                                                        ; 0                 ; 0       ;
;      - ov7670_lcm_wall_core:u_ov7670_lcm_wall_core|cam_low_y[0]                                                                                        ; 0                 ; 0       ;
;      - ov7670_lcm_wall_core:u_ov7670_lcm_wall_core|cam_low_y[1]                                                                                        ; 0                 ; 0       ;
;      - ov7670_lcm_wall_core:u_ov7670_lcm_wall_core|cam_low_y[2]                                                                                        ; 0                 ; 0       ;
;      - ov7670_lcm_wall_core:u_ov7670_lcm_wall_core|front_sum[20]                                                                                       ; 0                 ; 0       ;
;      - ov7670_lcm_wall_core:u_ov7670_lcm_wall_core|front_sum[21]                                                                                       ; 0                 ; 0       ;
;      - ov7670_lcm_wall_core:u_ov7670_lcm_wall_core|front_sum[22]                                                                                       ; 0                 ; 0       ;
;      - ov7670_lcm_wall_core:u_ov7670_lcm_wall_core|front_sum[23]                                                                                       ; 0                 ; 0       ;
;      - ov7670_lcm_wall_core:u_ov7670_lcm_wall_core|front_sum[12]                                                                                       ; 0                 ; 0       ;
;      - ov7670_lcm_wall_core:u_ov7670_lcm_wall_core|front_sum[13]                                                                                       ; 0                 ; 0       ;
;      - ov7670_lcm_wall_core:u_ov7670_lcm_wall_core|front_sum[14]                                                                                       ; 0                 ; 0       ;
;      - ov7670_lcm_wall_core:u_ov7670_lcm_wall_core|front_sum[15]                                                                                       ; 0                 ; 0       ;
;      - ov7670_lcm_wall_core:u_ov7670_lcm_wall_core|front_sum[16]                                                                                       ; 0                 ; 0       ;
;      - ov7670_lcm_wall_core:u_ov7670_lcm_wall_core|front_sum[17]                                                                                       ; 0                 ; 0       ;
;      - ov7670_lcm_wall_core:u_ov7670_lcm_wall_core|front_sum[18]                                                                                       ; 0                 ; 0       ;
;      - ov7670_lcm_wall_core:u_ov7670_lcm_wall_core|front_sum[19]                                                                                       ; 0                 ; 0       ;
;      - ov7670_lcm_wall_core:u_ov7670_lcm_wall_core|floor_sum[19]                                                                                       ; 0                 ; 0       ;
;      - ov7670_lcm_wall_core:u_ov7670_lcm_wall_core|floor_sum[20]                                                                                       ; 0                 ; 0       ;
;      - ov7670_lcm_wall_core:u_ov7670_lcm_wall_core|floor_sum[21]                                                                                       ; 0                 ; 0       ;
;      - ov7670_lcm_wall_core:u_ov7670_lcm_wall_core|floor_sum[22]                                                                                       ; 0                 ; 0       ;
;      - ov7670_lcm_wall_core:u_ov7670_lcm_wall_core|floor_sum[23]                                                                                       ; 0                 ; 0       ;
;      - ov7670_lcm_wall_core:u_ov7670_lcm_wall_core|floor_sum[18]                                                                                       ; 0                 ; 0       ;
;      - ov7670_lcm_wall_core:u_ov7670_lcm_wall_core|floor_sum[16]                                                                                       ; 0                 ; 0       ;
;      - ov7670_lcm_wall_core:u_ov7670_lcm_wall_core|floor_sum[17]                                                                                       ; 0                 ; 0       ;
;      - ov7670_lcm_wall_core:u_ov7670_lcm_wall_core|floor_sum[14]                                                                                       ; 0                 ; 0       ;
;      - ov7670_lcm_wall_core:u_ov7670_lcm_wall_core|floor_sum[15]                                                                                       ; 0                 ; 0       ;
;      - ov7670_lcm_wall_core:u_ov7670_lcm_wall_core|floor_sum[12]                                                                                       ; 0                 ; 0       ;
;      - ov7670_lcm_wall_core:u_ov7670_lcm_wall_core|floor_sum[13]                                                                                       ; 0                 ; 0       ;
;      - ov7670_lcm_wall_core:u_ov7670_lcm_wall_core|floor_sum[11]                                                                                       ; 0                 ; 0       ;
;      - ov7670_lcm_wall_core:u_ov7670_lcm_wall_core|front_sum[11]                                                                                       ; 0                 ; 0       ;
;      - ov7670_lcm_wall_core:u_ov7670_lcm_wall_core|floor_sum[10]                                                                                       ; 0                 ; 0       ;
;      - ov7670_lcm_wall_core:u_ov7670_lcm_wall_core|front_sum[10]                                                                                       ; 0                 ; 0       ;
;      - ov7670_lcm_wall_core:u_ov7670_lcm_wall_core|floor_sum[9]                                                                                        ; 0                 ; 0       ;
;      - ov7670_lcm_wall_core:u_ov7670_lcm_wall_core|front_sum[9]                                                                                        ; 0                 ; 0       ;
;      - ov7670_lcm_wall_core:u_ov7670_lcm_wall_core|floor_sum[8]                                                                                        ; 0                 ; 0       ;
;      - ov7670_lcm_wall_core:u_ov7670_lcm_wall_core|front_sum[8]                                                                                        ; 0                 ; 0       ;
;      - ov7670_lcm_wall_core:u_ov7670_lcm_wall_core|floor_sum[7]                                                                                        ; 0                 ; 0       ;
;      - ov7670_lcm_wall_core:u_ov7670_lcm_wall_core|front_sum[7]                                                                                        ; 0                 ; 0       ;
;      - ov7670_lcm_wall_core:u_ov7670_lcm_wall_core|floor_sum[6]                                                                                        ; 0                 ; 0       ;
;      - ov7670_lcm_wall_core:u_ov7670_lcm_wall_core|front_sum[6]                                                                                        ; 0                 ; 0       ;
;      - ov7670_lcm_wall_core:u_ov7670_lcm_wall_core|floor_sum[5]                                                                                        ; 0                 ; 0       ;
;      - ov7670_lcm_wall_core:u_ov7670_lcm_wall_core|front_sum[5]                                                                                        ; 0                 ; 0       ;
;      - ov7670_lcm_wall_core:u_ov7670_lcm_wall_core|floor_sum[4]                                                                                        ; 0                 ; 0       ;
;      - ov7670_lcm_wall_core:u_ov7670_lcm_wall_core|front_sum[4]                                                                                        ; 0                 ; 0       ;
;      - ov7670_lcm_wall_core:u_ov7670_lcm_wall_core|floor_sum[3]                                                                                        ; 0                 ; 0       ;
;      - ov7670_lcm_wall_core:u_ov7670_lcm_wall_core|front_sum[3]                                                                                        ; 0                 ; 0       ;
;      - ov7670_lcm_wall_core:u_ov7670_lcm_wall_core|floor_sum[2]                                                                                        ; 0                 ; 0       ;
;      - ov7670_lcm_wall_core:u_ov7670_lcm_wall_core|front_sum[2]                                                                                        ; 0                 ; 0       ;
;      - ov7670_lcm_wall_core:u_ov7670_lcm_wall_core|floor_sum[1]                                                                                        ; 0                 ; 0       ;
;      - ov7670_lcm_wall_core:u_ov7670_lcm_wall_core|front_sum[1]                                                                                        ; 0                 ; 0       ;
;      - ov7670_lcm_wall_core:u_ov7670_lcm_wall_core|floor_sum[0]                                                                                        ; 0                 ; 0       ;
;      - ov7670_lcm_wall_core:u_ov7670_lcm_wall_core|front_sum[0]                                                                                        ; 0                 ; 0       ;
;      - ov7670_lcm_wall_core:u_ov7670_lcm_wall_core|altsyncram:frame_buf_rtl_0|altsyncram_o4d1:auto_generated|altsyncram_rng1:altsyncram1|ram_block2a0  ; 1                 ; 6       ;
;      - ov7670_lcm_wall_core:u_ov7670_lcm_wall_core|altsyncram:frame_buf_rtl_0|altsyncram_o4d1:auto_generated|altsyncram_rng1:altsyncram1|ram_block2a1  ; 1                 ; 6       ;
;      - ov7670_lcm_wall_core:u_ov7670_lcm_wall_core|altsyncram:frame_buf_rtl_0|altsyncram_o4d1:auto_generated|altsyncram_rng1:altsyncram1|ram_block2a2  ; 1                 ; 6       ;
;      - ov7670_lcm_wall_core:u_ov7670_lcm_wall_core|altsyncram:frame_buf_rtl_0|altsyncram_o4d1:auto_generated|altsyncram_rng1:altsyncram1|ram_block2a3  ; 1                 ; 6       ;
;      - ov7670_lcm_wall_core:u_ov7670_lcm_wall_core|altsyncram:frame_buf_rtl_0|altsyncram_o4d1:auto_generated|altsyncram_rng1:altsyncram1|ram_block2a4  ; 1                 ; 6       ;
;      - ov7670_lcm_wall_core:u_ov7670_lcm_wall_core|altsyncram:frame_buf_rtl_0|altsyncram_o4d1:auto_generated|altsyncram_rng1:altsyncram1|ram_block2a5  ; 1                 ; 6       ;
;      - ov7670_lcm_wall_core:u_ov7670_lcm_wall_core|altsyncram:frame_buf_rtl_0|altsyncram_o4d1:auto_generated|altsyncram_rng1:altsyncram1|ram_block2a6  ; 1                 ; 6       ;
;      - ov7670_lcm_wall_core:u_ov7670_lcm_wall_core|altsyncram:frame_buf_rtl_0|altsyncram_o4d1:auto_generated|altsyncram_rng1:altsyncram1|ram_block2a7  ; 1                 ; 6       ;
;      - ov7670_lcm_wall_core:u_ov7670_lcm_wall_core|altsyncram:frame_buf_rtl_0|altsyncram_o4d1:auto_generated|altsyncram_rng1:altsyncram1|ram_block2a8  ; 1                 ; 6       ;
;      - ov7670_lcm_wall_core:u_ov7670_lcm_wall_core|altsyncram:frame_buf_rtl_0|altsyncram_o4d1:auto_generated|altsyncram_rng1:altsyncram1|ram_block2a9  ; 1                 ; 6       ;
;      - ov7670_lcm_wall_core:u_ov7670_lcm_wall_core|altsyncram:frame_buf_rtl_0|altsyncram_o4d1:auto_generated|altsyncram_rng1:altsyncram1|ram_block2a10 ; 1                 ; 6       ;
;      - ov7670_lcm_wall_core:u_ov7670_lcm_wall_core|altsyncram:frame_buf_rtl_0|altsyncram_o4d1:auto_generated|altsyncram_rng1:altsyncram1|ram_block2a11 ; 1                 ; 6       ;
;      - ov7670_lcm_wall_core:u_ov7670_lcm_wall_core|altsyncram:frame_buf_rtl_0|altsyncram_o4d1:auto_generated|altsyncram_rng1:altsyncram1|ram_block2a12 ; 1                 ; 6       ;
;      - ov7670_lcm_wall_core:u_ov7670_lcm_wall_core|altsyncram:frame_buf_rtl_0|altsyncram_o4d1:auto_generated|altsyncram_rng1:altsyncram1|ram_block2a13 ; 1                 ; 6       ;
;      - ov7670_lcm_wall_core:u_ov7670_lcm_wall_core|altsyncram:frame_buf_rtl_0|altsyncram_o4d1:auto_generated|altsyncram_rng1:altsyncram1|ram_block2a14 ; 1                 ; 6       ;
;      - ov7670_lcm_wall_core:u_ov7670_lcm_wall_core|altsyncram:frame_buf_rtl_0|altsyncram_o4d1:auto_generated|altsyncram_rng1:altsyncram1|ram_block2a15 ; 1                 ; 6       ;
;      - ov7670_lcm_wall_core:u_ov7670_lcm_wall_core|altsyncram:frame_buf_rtl_0|altsyncram_o4d1:auto_generated|altsyncram_rng1:altsyncram1|ram_block2a16 ; 1                 ; 6       ;
;      - ov7670_lcm_wall_core:u_ov7670_lcm_wall_core|altsyncram:frame_buf_rtl_0|altsyncram_o4d1:auto_generated|altsyncram_rng1:altsyncram1|ram_block2a17 ; 1                 ; 6       ;
;      - ov7670_lcm_wall_core:u_ov7670_lcm_wall_core|altsyncram:frame_buf_rtl_0|altsyncram_o4d1:auto_generated|altsyncram_rng1:altsyncram1|ram_block2a18 ; 1                 ; 6       ;
;      - ov7670_lcm_wall_core:u_ov7670_lcm_wall_core|altsyncram:frame_buf_rtl_0|altsyncram_o4d1:auto_generated|altsyncram_rng1:altsyncram1|ram_block2a19 ; 1                 ; 6       ;
;      - ov7670_lcm_wall_core:u_ov7670_lcm_wall_core|altsyncram:frame_buf_rtl_0|altsyncram_o4d1:auto_generated|altsyncram_rng1:altsyncram1|ram_block2a20 ; 1                 ; 6       ;
;      - ov7670_lcm_wall_core:u_ov7670_lcm_wall_core|altsyncram:frame_buf_rtl_0|altsyncram_o4d1:auto_generated|altsyncram_rng1:altsyncram1|ram_block2a21 ; 1                 ; 6       ;
;      - ov7670_lcm_wall_core:u_ov7670_lcm_wall_core|altsyncram:frame_buf_rtl_0|altsyncram_o4d1:auto_generated|altsyncram_rng1:altsyncram1|ram_block2a22 ; 1                 ; 6       ;
;      - ov7670_lcm_wall_core:u_ov7670_lcm_wall_core|altsyncram:frame_buf_rtl_0|altsyncram_o4d1:auto_generated|altsyncram_rng1:altsyncram1|ram_block2a23 ; 1                 ; 6       ;
;      - ov7670_lcm_wall_core:u_ov7670_lcm_wall_core|altsyncram:frame_buf_rtl_0|altsyncram_o4d1:auto_generated|altsyncram_rng1:altsyncram1|ram_block2a24 ; 1                 ; 6       ;
;      - ov7670_lcm_wall_core:u_ov7670_lcm_wall_core|altsyncram:frame_buf_rtl_0|altsyncram_o4d1:auto_generated|altsyncram_rng1:altsyncram1|ram_block2a25 ; 1                 ; 6       ;
;      - ov7670_lcm_wall_core:u_ov7670_lcm_wall_core|altsyncram:frame_buf_rtl_0|altsyncram_o4d1:auto_generated|altsyncram_rng1:altsyncram1|ram_block2a26 ; 1                 ; 6       ;
;      - ov7670_lcm_wall_core:u_ov7670_lcm_wall_core|altsyncram:frame_buf_rtl_0|altsyncram_o4d1:auto_generated|altsyncram_rng1:altsyncram1|ram_block2a27 ; 1                 ; 6       ;
;      - ov7670_lcm_wall_core:u_ov7670_lcm_wall_core|altsyncram:frame_buf_rtl_0|altsyncram_o4d1:auto_generated|altsyncram_rng1:altsyncram1|ram_block2a28 ; 1                 ; 6       ;
;      - ov7670_lcm_wall_core:u_ov7670_lcm_wall_core|altsyncram:frame_buf_rtl_0|altsyncram_o4d1:auto_generated|altsyncram_rng1:altsyncram1|ram_block2a29 ; 1                 ; 6       ;
;      - ov7670_lcm_wall_core:u_ov7670_lcm_wall_core|altsyncram:frame_buf_rtl_0|altsyncram_o4d1:auto_generated|altsyncram_rng1:altsyncram1|ram_block2a30 ; 1                 ; 6       ;
;      - ov7670_lcm_wall_core:u_ov7670_lcm_wall_core|altsyncram:frame_buf_rtl_0|altsyncram_o4d1:auto_generated|altsyncram_rng1:altsyncram1|ram_block2a31 ; 1                 ; 6       ;
;      - ov7670_lcm_wall_core:u_ov7670_lcm_wall_core|altsyncram:frame_buf_rtl_0|altsyncram_o4d1:auto_generated|altsyncram_rng1:altsyncram1|ram_block2a32 ; 1                 ; 6       ;
;      - ov7670_lcm_wall_core:u_ov7670_lcm_wall_core|altsyncram:frame_buf_rtl_0|altsyncram_o4d1:auto_generated|altsyncram_rng1:altsyncram1|ram_block2a33 ; 1                 ; 6       ;
;      - ov7670_lcm_wall_core:u_ov7670_lcm_wall_core|altsyncram:frame_buf_rtl_0|altsyncram_o4d1:auto_generated|altsyncram_rng1:altsyncram1|ram_block2a34 ; 1                 ; 6       ;
;      - ov7670_lcm_wall_core:u_ov7670_lcm_wall_core|altsyncram:frame_buf_rtl_0|altsyncram_o4d1:auto_generated|altsyncram_rng1:altsyncram1|ram_block2a35 ; 1                 ; 6       ;
;      - ov7670_lcm_wall_core:u_ov7670_lcm_wall_core|altsyncram:frame_buf_rtl_0|altsyncram_o4d1:auto_generated|altsyncram_rng1:altsyncram1|ram_block2a36 ; 1                 ; 6       ;
;      - ov7670_lcm_wall_core:u_ov7670_lcm_wall_core|altsyncram:frame_buf_rtl_0|altsyncram_o4d1:auto_generated|altsyncram_rng1:altsyncram1|ram_block2a37 ; 1                 ; 6       ;
;      - ov7670_lcm_wall_core:u_ov7670_lcm_wall_core|altsyncram:frame_buf_rtl_0|altsyncram_o4d1:auto_generated|altsyncram_rng1:altsyncram1|ram_block2a38 ; 1                 ; 6       ;
;      - ov7670_lcm_wall_core:u_ov7670_lcm_wall_core|altsyncram:frame_buf_rtl_0|altsyncram_o4d1:auto_generated|altsyncram_rng1:altsyncram1|ram_block2a39 ; 1                 ; 6       ;
;      - ov7670_lcm_wall_core:u_ov7670_lcm_wall_core|pclk_alive                                                                                          ; 0                 ; 0       ;
;      - ov7670_lcm_wall_core:u_ov7670_lcm_wall_core|pclk_counter[22]                                                                                    ; 0                 ; 0       ;
;      - ov7670_lcm_wall_core:u_ov7670_lcm_wall_core|pclk_counter[23]                                                                                    ; 0                 ; 0       ;
;      - ov7670_lcm_wall_core:u_ov7670_lcm_wall_core|pclk_counter[21]                                                                                    ; 0                 ; 0       ;
;      - ov7670_lcm_wall_core:u_ov7670_lcm_wall_core|pclk_counter[20]                                                                                    ; 0                 ; 0       ;
;      - ov7670_lcm_wall_core:u_ov7670_lcm_wall_core|pclk_counter[19]                                                                                    ; 0                 ; 0       ;
;      - ov7670_lcm_wall_core:u_ov7670_lcm_wall_core|pclk_counter[18]                                                                                    ; 0                 ; 0       ;
;      - ov7670_lcm_wall_core:u_ov7670_lcm_wall_core|pclk_counter[17]                                                                                    ; 0                 ; 0       ;
;      - ov7670_lcm_wall_core:u_ov7670_lcm_wall_core|pclk_counter[16]                                                                                    ; 0                 ; 0       ;
;      - ov7670_lcm_wall_core:u_ov7670_lcm_wall_core|pclk_counter[14]                                                                                    ; 0                 ; 0       ;
;      - ov7670_lcm_wall_core:u_ov7670_lcm_wall_core|pclk_counter[15]                                                                                    ; 0                 ; 0       ;
;      - ov7670_lcm_wall_core:u_ov7670_lcm_wall_core|pclk_counter[13]                                                                                    ; 0                 ; 0       ;
;      - ov7670_lcm_wall_core:u_ov7670_lcm_wall_core|pclk_counter[12]                                                                                    ; 0                 ; 0       ;
;      - ov7670_lcm_wall_core:u_ov7670_lcm_wall_core|pclk_counter[11]                                                                                    ; 0                 ; 0       ;
;      - ov7670_lcm_wall_core:u_ov7670_lcm_wall_core|pclk_counter[9]                                                                                     ; 0                 ; 0       ;
;      - ov7670_lcm_wall_core:u_ov7670_lcm_wall_core|pclk_counter[8]                                                                                     ; 0                 ; 0       ;
;      - ov7670_lcm_wall_core:u_ov7670_lcm_wall_core|pclk_counter[10]                                                                                    ; 0                 ; 0       ;
;      - ov7670_lcm_wall_core:u_ov7670_lcm_wall_core|pclk_counter[6]                                                                                     ; 0                 ; 0       ;
;      - ov7670_lcm_wall_core:u_ov7670_lcm_wall_core|pclk_counter[7]                                                                                     ; 0                 ; 0       ;
;      - ov7670_lcm_wall_core:u_ov7670_lcm_wall_core|pclk_counter[5]                                                                                     ; 0                 ; 0       ;
;      - ov7670_lcm_wall_core:u_ov7670_lcm_wall_core|pclk_counter[4]                                                                                     ; 0                 ; 0       ;
;      - ov7670_lcm_wall_core:u_ov7670_lcm_wall_core|pclk_counter[3]                                                                                     ; 0                 ; 0       ;
;      - ov7670_lcm_wall_core:u_ov7670_lcm_wall_core|pclk_counter[2]                                                                                     ; 0                 ; 0       ;
;      - ov7670_lcm_wall_core:u_ov7670_lcm_wall_core|pclk_counter[1]                                                                                     ; 0                 ; 0       ;
;      - ov7670_lcm_wall_core:u_ov7670_lcm_wall_core|pclk_counter[0]                                                                                     ; 0                 ; 0       ;
;      - ov7670_lcm_wall_core:u_ov7670_lcm_wall_core|wall_detect_reg                                                                                     ; 0                 ; 0       ;
;      - ov7670_lcm_wall_core:u_ov7670_lcm_wall_core|floor_avg_reg[7]                                                                                    ; 0                 ; 0       ;
;      - ov7670_lcm_wall_core:u_ov7670_lcm_wall_core|floor_avg_reg[6]                                                                                    ; 0                 ; 0       ;
;      - ov7670_lcm_wall_core:u_ov7670_lcm_wall_core|floor_avg_reg[5]                                                                                    ; 0                 ; 0       ;
;      - ov7670_lcm_wall_core:u_ov7670_lcm_wall_core|floor_avg_reg[4]                                                                                    ; 0                 ; 0       ;
;      - ov7670_lcm_wall_core:u_ov7670_lcm_wall_core|floor_avg_reg[3]                                                                                    ; 0                 ; 0       ;
;      - ov7670_lcm_wall_core:u_ov7670_lcm_wall_core|floor_avg_reg[2]                                                                                    ; 0                 ; 0       ;
;      - ov7670_lcm_wall_core:u_ov7670_lcm_wall_core|front_avg_reg[1]                                                                                    ; 0                 ; 0       ;
;      - ov7670_lcm_wall_core:u_ov7670_lcm_wall_core|front_avg_reg[0]                                                                                    ; 0                 ; 0       ;
;      - ov7670_lcm_wall_core:u_ov7670_lcm_wall_core|floor_avg_reg[1]                                                                                    ; 0                 ; 0       ;
;      - ov7670_lcm_wall_core:u_ov7670_lcm_wall_core|floor_avg_reg[0]                                                                                    ; 0                 ; 0       ;
;      - ov7670_lcm_wall_core:u_ov7670_lcm_wall_core|front_avg_reg[7]                                                                                    ; 0                 ; 0       ;
;      - ov7670_lcm_wall_core:u_ov7670_lcm_wall_core|front_avg_reg[6]                                                                                    ; 0                 ; 0       ;
;      - ov7670_lcm_wall_core:u_ov7670_lcm_wall_core|front_avg_reg[5]                                                                                    ; 0                 ; 0       ;
;      - ov7670_lcm_wall_core:u_ov7670_lcm_wall_core|front_avg_reg[4]                                                                                    ; 0                 ; 0       ;
;      - ov7670_lcm_wall_core:u_ov7670_lcm_wall_core|front_avg_reg[3]                                                                                    ; 0                 ; 0       ;
;      - ov7670_lcm_wall_core:u_ov7670_lcm_wall_core|front_avg_reg[2]                                                                                    ; 0                 ; 0       ;
;      - ov7670_lcm_wall_core:u_ov7670_lcm_wall_core|wall_off_cnt[1]                                                                                     ; 0                 ; 0       ;
;      - ov7670_lcm_wall_core:u_ov7670_lcm_wall_core|wall_on_cnt[1]                                                                                      ; 0                 ; 0       ;
;      - ov7670_lcm_wall_core:u_ov7670_lcm_wall_core|cam_vsync_d                                                                                         ; 0                 ; 0       ;
;      - ov7670_lcm_wall_core:u_ov7670_lcm_wall_core|cam_x_sample_count[2]                                                                               ; 0                 ; 0       ;
;      - ov7670_lcm_wall_core:u_ov7670_lcm_wall_core|cam_x_sample_count[1]                                                                               ; 0                 ; 0       ;
;      - ov7670_lcm_wall_core:u_ov7670_lcm_wall_core|cam_y_sample_count[2]                                                                               ; 0                 ; 0       ;
;      - ov7670_lcm_wall_core:u_ov7670_lcm_wall_core|cam_y_sample_count[1]                                                                               ; 0                 ; 0       ;
;      - ov7670_lcm_wall_core:u_ov7670_lcm_wall_core|cam_y_sample_count[0]                                                                               ; 0                 ; 0       ;
;      - ov7670_lcm_wall_core:u_ov7670_lcm_wall_core|wall_off_cnt[0]                                                                                     ; 0                 ; 0       ;
;      - ov7670_lcm_wall_core:u_ov7670_lcm_wall_core|wall_on_cnt[0]                                                                                      ; 0                 ; 0       ;
;      - ov7670_lcm_wall_core:u_ov7670_lcm_wall_core|frame_buf~7                                                                                         ; 0                 ; 0       ;
;      - ov7670_lcm_wall_core:u_ov7670_lcm_wall_core|frame_buf~8                                                                                         ; 0                 ; 0       ;
;      - ov7670_lcm_wall_core:u_ov7670_lcm_wall_core|frame_buf~5                                                                                         ; 0                 ; 0       ;
;      - ov7670_lcm_wall_core:u_ov7670_lcm_wall_core|frame_buf~6                                                                                         ; 0                 ; 0       ;
;      - ov7670_lcm_wall_core:u_ov7670_lcm_wall_core|frame_buf~3                                                                                         ; 0                 ; 0       ;
;      - ov7670_lcm_wall_core:u_ov7670_lcm_wall_core|frame_buf~4                                                                                         ; 0                 ; 0       ;
;      - ov7670_lcm_wall_core:u_ov7670_lcm_wall_core|frame_buf~1                                                                                         ; 0                 ; 0       ;
;      - ov7670_lcm_wall_core:u_ov7670_lcm_wall_core|frame_buf~2                                                                                         ; 0                 ; 0       ;
;      - ov7670_lcm_wall_core:u_ov7670_lcm_wall_core|cam_href_d                                                                                          ; 0                 ; 0       ;
; GPIO_1[6]                                                                                                                                              ;                   ;         ;
;      - ov7670_lcm_wall_core:u_ov7670_lcm_wall_core|comb~1                                                                                              ; 0                 ; 6       ;
;      - ov7670_lcm_wall_core:u_ov7670_lcm_wall_core|cam_href_d                                                                                          ; 0                 ; 6       ;
;      - ov7670_lcm_wall_core:u_ov7670_lcm_wall_core|always1~0                                                                                           ; 0                 ; 6       ;
;      - ov7670_lcm_wall_core:u_ov7670_lcm_wall_core|byte_phase~0                                                                                        ; 0                 ; 6       ;
;      - ov7670_lcm_wall_core:u_ov7670_lcm_wall_core|cam_x_sample_count[1]~0                                                                             ; 0                 ; 6       ;
;      - ov7670_lcm_wall_core:u_ov7670_lcm_wall_core|cam_x_sample_count~3                                                                                ; 0                 ; 6       ;
;      - ov7670_lcm_wall_core:u_ov7670_lcm_wall_core|cam_low_x[4]~6                                                                                      ; 0                 ; 6       ;
;      - ov7670_lcm_wall_core:u_ov7670_lcm_wall_core|cam_low_x~7                                                                                         ; 0                 ; 6       ;
;      - ov7670_lcm_wall_core:u_ov7670_lcm_wall_core|cam_y_sample_count[0]~1                                                                             ; 0                 ; 6       ;
;      - ov7670_lcm_wall_core:u_ov7670_lcm_wall_core|cam_x_sample_count~7                                                                                ; 0                 ; 6       ;
;      - ov7670_lcm_wall_core:u_ov7670_lcm_wall_core|cam_low_x~8                                                                                         ; 0                 ; 6       ;
;      - LEDG[1]                                                                                                                                         ; 0                 ; 6       ;
; GPIO_1[7]                                                                                                                                              ;                   ;         ;
;      - ov7670_lcm_wall_core:u_ov7670_lcm_wall_core|cam_low_x[7]                                                                                        ; 0                 ; 6       ;
;      - ov7670_lcm_wall_core:u_ov7670_lcm_wall_core|cam_low_x[6]                                                                                        ; 0                 ; 6       ;
;      - ov7670_lcm_wall_core:u_ov7670_lcm_wall_core|cam_low_x[5]                                                                                        ; 0                 ; 6       ;
;      - ov7670_lcm_wall_core:u_ov7670_lcm_wall_core|cam_low_x[0]                                                                                        ; 0                 ; 6       ;
;      - ov7670_lcm_wall_core:u_ov7670_lcm_wall_core|cam_low_x[1]                                                                                        ; 0                 ; 6       ;
;      - ov7670_lcm_wall_core:u_ov7670_lcm_wall_core|cam_low_x[2]                                                                                        ; 0                 ; 6       ;
;      - ov7670_lcm_wall_core:u_ov7670_lcm_wall_core|cam_low_x[3]                                                                                        ; 0                 ; 6       ;
;      - ov7670_lcm_wall_core:u_ov7670_lcm_wall_core|cam_low_x[4]                                                                                        ; 0                 ; 6       ;
;      - ov7670_lcm_wall_core:u_ov7670_lcm_wall_core|byte_phase                                                                                          ; 0                 ; 6       ;
;      - ov7670_lcm_wall_core:u_ov7670_lcm_wall_core|cam_x_sample_count[0]                                                                               ; 0                 ; 6       ;
;      - ov7670_lcm_wall_core:u_ov7670_lcm_wall_core|cam_low_y[3]                                                                                        ; 0                 ; 6       ;
;      - ov7670_lcm_wall_core:u_ov7670_lcm_wall_core|cam_low_y[4]                                                                                        ; 0                 ; 6       ;
;      - ov7670_lcm_wall_core:u_ov7670_lcm_wall_core|cam_low_y[5]                                                                                        ; 0                 ; 6       ;
;      - ov7670_lcm_wall_core:u_ov7670_lcm_wall_core|cam_low_y[6]                                                                                        ; 0                 ; 6       ;
;      - ov7670_lcm_wall_core:u_ov7670_lcm_wall_core|cam_low_y[0]                                                                                        ; 0                 ; 6       ;
;      - ov7670_lcm_wall_core:u_ov7670_lcm_wall_core|cam_low_y[1]                                                                                        ; 0                 ; 6       ;
;      - ov7670_lcm_wall_core:u_ov7670_lcm_wall_core|cam_low_y[2]                                                                                        ; 0                 ; 6       ;
;      - ov7670_lcm_wall_core:u_ov7670_lcm_wall_core|cam_vsync_d                                                                                         ; 0                 ; 6       ;
;      - ov7670_lcm_wall_core:u_ov7670_lcm_wall_core|wall_detect_reg~2                                                                                   ; 0                 ; 6       ;
;      - ov7670_lcm_wall_core:u_ov7670_lcm_wall_core|front_sum[19]~66                                                                                    ; 0                 ; 6       ;
;      - ov7670_lcm_wall_core:u_ov7670_lcm_wall_core|front_sum[19]~67                                                                                    ; 0                 ; 6       ;
;      - ov7670_lcm_wall_core:u_ov7670_lcm_wall_core|floor_sum[12]~72                                                                                    ; 0                 ; 6       ;
;      - ov7670_lcm_wall_core:u_ov7670_lcm_wall_core|floor_sum[12]~73                                                                                    ; 0                 ; 6       ;
;      - ov7670_lcm_wall_core:u_ov7670_lcm_wall_core|cam_low_y[3]~17                                                                                     ; 0                 ; 6       ;
;      - ov7670_lcm_wall_core:u_ov7670_lcm_wall_core|cam_x_sample_count[1]~0                                                                             ; 0                 ; 6       ;
;      - ov7670_lcm_wall_core:u_ov7670_lcm_wall_core|cam_x_sample_count~1                                                                                ; 0                 ; 6       ;
;      - ov7670_lcm_wall_core:u_ov7670_lcm_wall_core|cam_low_x[4]~6                                                                                      ; 0                 ; 6       ;
;      - ov7670_lcm_wall_core:u_ov7670_lcm_wall_core|cam_y_sample_count~0                                                                                ; 0                 ; 6       ;
;      - ov7670_lcm_wall_core:u_ov7670_lcm_wall_core|cam_y_sample_count[0]~1                                                                             ; 0                 ; 6       ;
;      - ov7670_lcm_wall_core:u_ov7670_lcm_wall_core|cam_y_sample_count~2                                                                                ; 0                 ; 6       ;
;      - ov7670_lcm_wall_core:u_ov7670_lcm_wall_core|cam_y_sample_count~3                                                                                ; 0                 ; 6       ;
;      - ov7670_lcm_wall_core:u_ov7670_lcm_wall_core|comb~4                                                                                              ; 0                 ; 6       ;
;      - ov7670_lcm_wall_core:u_ov7670_lcm_wall_core|cam_low_x~8                                                                                         ; 0                 ; 6       ;
;      - LEDG[0]                                                                                                                                         ; 0                 ; 6       ;
; GPIO_1[8]                                                                                                                                              ;                   ;         ;
;      - ov7670_lcm_wall_core:u_ov7670_lcm_wall_core|floor_sum[0]~24                                                                                     ; 0                 ; 6       ;
;      - ov7670_lcm_wall_core:u_ov7670_lcm_wall_core|front_sum[0]~24                                                                                     ; 0                 ; 6       ;
;      - ov7670_lcm_wall_core:u_ov7670_lcm_wall_core|altsyncram:frame_buf_rtl_0|altsyncram_o4d1:auto_generated|altsyncram_rng1:altsyncram1|ram_block2a0  ; 0                 ; 6       ;
;      - ov7670_lcm_wall_core:u_ov7670_lcm_wall_core|altsyncram:frame_buf_rtl_0|altsyncram_o4d1:auto_generated|altsyncram_rng1:altsyncram1|ram_block2a8  ; 0                 ; 6       ;
;      - ov7670_lcm_wall_core:u_ov7670_lcm_wall_core|altsyncram:frame_buf_rtl_0|altsyncram_o4d1:auto_generated|altsyncram_rng1:altsyncram1|ram_block2a16 ; 0                 ; 6       ;
;      - ov7670_lcm_wall_core:u_ov7670_lcm_wall_core|altsyncram:frame_buf_rtl_0|altsyncram_o4d1:auto_generated|altsyncram_rng1:altsyncram1|ram_block2a24 ; 0                 ; 6       ;
;      - ov7670_lcm_wall_core:u_ov7670_lcm_wall_core|altsyncram:frame_buf_rtl_0|altsyncram_o4d1:auto_generated|altsyncram_rng1:altsyncram1|ram_block2a32 ; 0                 ; 6       ;
;      - ov7670_lcm_wall_core:u_ov7670_lcm_wall_core|frame_buf~1                                                                                         ; 0                 ; 6       ;
; GPIO_1[9]                                                                                                                                              ;                   ;         ;
;      - ov7670_lcm_wall_core:u_ov7670_lcm_wall_core|floor_sum[1]~26                                                                                     ; 1                 ; 6       ;
;      - ov7670_lcm_wall_core:u_ov7670_lcm_wall_core|front_sum[1]~26                                                                                     ; 1                 ; 6       ;
;      - ov7670_lcm_wall_core:u_ov7670_lcm_wall_core|altsyncram:frame_buf_rtl_0|altsyncram_o4d1:auto_generated|altsyncram_rng1:altsyncram1|ram_block2a1  ; 1                 ; 6       ;
;      - ov7670_lcm_wall_core:u_ov7670_lcm_wall_core|altsyncram:frame_buf_rtl_0|altsyncram_o4d1:auto_generated|altsyncram_rng1:altsyncram1|ram_block2a9  ; 1                 ; 6       ;
;      - ov7670_lcm_wall_core:u_ov7670_lcm_wall_core|altsyncram:frame_buf_rtl_0|altsyncram_o4d1:auto_generated|altsyncram_rng1:altsyncram1|ram_block2a17 ; 1                 ; 6       ;
;      - ov7670_lcm_wall_core:u_ov7670_lcm_wall_core|altsyncram:frame_buf_rtl_0|altsyncram_o4d1:auto_generated|altsyncram_rng1:altsyncram1|ram_block2a25 ; 1                 ; 6       ;
;      - ov7670_lcm_wall_core:u_ov7670_lcm_wall_core|altsyncram:frame_buf_rtl_0|altsyncram_o4d1:auto_generated|altsyncram_rng1:altsyncram1|ram_block2a33 ; 1                 ; 6       ;
;      - ov7670_lcm_wall_core:u_ov7670_lcm_wall_core|frame_buf~2                                                                                         ; 1                 ; 6       ;
; GPIO_1[10]                                                                                                                                             ;                   ;         ;
;      - ov7670_lcm_wall_core:u_ov7670_lcm_wall_core|floor_sum[2]~28                                                                                     ; 0                 ; 6       ;
;      - ov7670_lcm_wall_core:u_ov7670_lcm_wall_core|front_sum[2]~28                                                                                     ; 0                 ; 6       ;
;      - ov7670_lcm_wall_core:u_ov7670_lcm_wall_core|altsyncram:frame_buf_rtl_0|altsyncram_o4d1:auto_generated|altsyncram_rng1:altsyncram1|ram_block2a2  ; 0                 ; 6       ;
;      - ov7670_lcm_wall_core:u_ov7670_lcm_wall_core|altsyncram:frame_buf_rtl_0|altsyncram_o4d1:auto_generated|altsyncram_rng1:altsyncram1|ram_block2a10 ; 0                 ; 6       ;
;      - ov7670_lcm_wall_core:u_ov7670_lcm_wall_core|altsyncram:frame_buf_rtl_0|altsyncram_o4d1:auto_generated|altsyncram_rng1:altsyncram1|ram_block2a18 ; 0                 ; 6       ;
;      - ov7670_lcm_wall_core:u_ov7670_lcm_wall_core|altsyncram:frame_buf_rtl_0|altsyncram_o4d1:auto_generated|altsyncram_rng1:altsyncram1|ram_block2a26 ; 0                 ; 6       ;
;      - ov7670_lcm_wall_core:u_ov7670_lcm_wall_core|altsyncram:frame_buf_rtl_0|altsyncram_o4d1:auto_generated|altsyncram_rng1:altsyncram1|ram_block2a34 ; 0                 ; 6       ;
;      - ov7670_lcm_wall_core:u_ov7670_lcm_wall_core|frame_buf~3feeder                                                                                   ; 0                 ; 6       ;
; GPIO_1[11]                                                                                                                                             ;                   ;         ;
;      - ov7670_lcm_wall_core:u_ov7670_lcm_wall_core|floor_sum[3]~30                                                                                     ; 1                 ; 6       ;
;      - ov7670_lcm_wall_core:u_ov7670_lcm_wall_core|front_sum[3]~30                                                                                     ; 1                 ; 6       ;
;      - ov7670_lcm_wall_core:u_ov7670_lcm_wall_core|altsyncram:frame_buf_rtl_0|altsyncram_o4d1:auto_generated|altsyncram_rng1:altsyncram1|ram_block2a3  ; 1                 ; 6       ;
;      - ov7670_lcm_wall_core:u_ov7670_lcm_wall_core|altsyncram:frame_buf_rtl_0|altsyncram_o4d1:auto_generated|altsyncram_rng1:altsyncram1|ram_block2a11 ; 1                 ; 6       ;
;      - ov7670_lcm_wall_core:u_ov7670_lcm_wall_core|altsyncram:frame_buf_rtl_0|altsyncram_o4d1:auto_generated|altsyncram_rng1:altsyncram1|ram_block2a19 ; 1                 ; 6       ;
;      - ov7670_lcm_wall_core:u_ov7670_lcm_wall_core|altsyncram:frame_buf_rtl_0|altsyncram_o4d1:auto_generated|altsyncram_rng1:altsyncram1|ram_block2a27 ; 1                 ; 6       ;
;      - ov7670_lcm_wall_core:u_ov7670_lcm_wall_core|altsyncram:frame_buf_rtl_0|altsyncram_o4d1:auto_generated|altsyncram_rng1:altsyncram1|ram_block2a35 ; 1                 ; 6       ;
;      - ov7670_lcm_wall_core:u_ov7670_lcm_wall_core|frame_buf~4feeder                                                                                   ; 1                 ; 6       ;
; GPIO_1[12]                                                                                                                                             ;                   ;         ;
;      - ov7670_lcm_wall_core:u_ov7670_lcm_wall_core|floor_sum[4]~32                                                                                     ; 0                 ; 6       ;
;      - ov7670_lcm_wall_core:u_ov7670_lcm_wall_core|front_sum[4]~32                                                                                     ; 0                 ; 6       ;
;      - ov7670_lcm_wall_core:u_ov7670_lcm_wall_core|altsyncram:frame_buf_rtl_0|altsyncram_o4d1:auto_generated|altsyncram_rng1:altsyncram1|ram_block2a4  ; 0                 ; 6       ;
;      - ov7670_lcm_wall_core:u_ov7670_lcm_wall_core|altsyncram:frame_buf_rtl_0|altsyncram_o4d1:auto_generated|altsyncram_rng1:altsyncram1|ram_block2a12 ; 0                 ; 6       ;
;      - ov7670_lcm_wall_core:u_ov7670_lcm_wall_core|altsyncram:frame_buf_rtl_0|altsyncram_o4d1:auto_generated|altsyncram_rng1:altsyncram1|ram_block2a20 ; 0                 ; 6       ;
;      - ov7670_lcm_wall_core:u_ov7670_lcm_wall_core|altsyncram:frame_buf_rtl_0|altsyncram_o4d1:auto_generated|altsyncram_rng1:altsyncram1|ram_block2a28 ; 0                 ; 6       ;
;      - ov7670_lcm_wall_core:u_ov7670_lcm_wall_core|altsyncram:frame_buf_rtl_0|altsyncram_o4d1:auto_generated|altsyncram_rng1:altsyncram1|ram_block2a36 ; 0                 ; 6       ;
;      - ov7670_lcm_wall_core:u_ov7670_lcm_wall_core|frame_buf~5feeder                                                                                   ; 0                 ; 6       ;
; GPIO_1[13]                                                                                                                                             ;                   ;         ;
;      - ov7670_lcm_wall_core:u_ov7670_lcm_wall_core|floor_sum[5]~34                                                                                     ; 1                 ; 6       ;
;      - ov7670_lcm_wall_core:u_ov7670_lcm_wall_core|front_sum[5]~34                                                                                     ; 1                 ; 6       ;
;      - ov7670_lcm_wall_core:u_ov7670_lcm_wall_core|altsyncram:frame_buf_rtl_0|altsyncram_o4d1:auto_generated|altsyncram_rng1:altsyncram1|ram_block2a5  ; 1                 ; 6       ;
;      - ov7670_lcm_wall_core:u_ov7670_lcm_wall_core|altsyncram:frame_buf_rtl_0|altsyncram_o4d1:auto_generated|altsyncram_rng1:altsyncram1|ram_block2a13 ; 1                 ; 6       ;
;      - ov7670_lcm_wall_core:u_ov7670_lcm_wall_core|altsyncram:frame_buf_rtl_0|altsyncram_o4d1:auto_generated|altsyncram_rng1:altsyncram1|ram_block2a21 ; 1                 ; 6       ;
;      - ov7670_lcm_wall_core:u_ov7670_lcm_wall_core|altsyncram:frame_buf_rtl_0|altsyncram_o4d1:auto_generated|altsyncram_rng1:altsyncram1|ram_block2a29 ; 1                 ; 6       ;
;      - ov7670_lcm_wall_core:u_ov7670_lcm_wall_core|altsyncram:frame_buf_rtl_0|altsyncram_o4d1:auto_generated|altsyncram_rng1:altsyncram1|ram_block2a37 ; 1                 ; 6       ;
;      - ov7670_lcm_wall_core:u_ov7670_lcm_wall_core|frame_buf~6feeder                                                                                   ; 1                 ; 6       ;
; GPIO_1[14]                                                                                                                                             ;                   ;         ;
;      - ov7670_lcm_wall_core:u_ov7670_lcm_wall_core|floor_sum[6]~36                                                                                     ; 1                 ; 6       ;
;      - ov7670_lcm_wall_core:u_ov7670_lcm_wall_core|front_sum[6]~36                                                                                     ; 1                 ; 6       ;
;      - ov7670_lcm_wall_core:u_ov7670_lcm_wall_core|altsyncram:frame_buf_rtl_0|altsyncram_o4d1:auto_generated|altsyncram_rng1:altsyncram1|ram_block2a6  ; 1                 ; 6       ;
;      - ov7670_lcm_wall_core:u_ov7670_lcm_wall_core|altsyncram:frame_buf_rtl_0|altsyncram_o4d1:auto_generated|altsyncram_rng1:altsyncram1|ram_block2a14 ; 1                 ; 6       ;
;      - ov7670_lcm_wall_core:u_ov7670_lcm_wall_core|altsyncram:frame_buf_rtl_0|altsyncram_o4d1:auto_generated|altsyncram_rng1:altsyncram1|ram_block2a22 ; 1                 ; 6       ;
;      - ov7670_lcm_wall_core:u_ov7670_lcm_wall_core|altsyncram:frame_buf_rtl_0|altsyncram_o4d1:auto_generated|altsyncram_rng1:altsyncram1|ram_block2a30 ; 1                 ; 6       ;
;      - ov7670_lcm_wall_core:u_ov7670_lcm_wall_core|altsyncram:frame_buf_rtl_0|altsyncram_o4d1:auto_generated|altsyncram_rng1:altsyncram1|ram_block2a38 ; 1                 ; 6       ;
;      - ov7670_lcm_wall_core:u_ov7670_lcm_wall_core|frame_buf~7                                                                                         ; 1                 ; 6       ;
; GPIO_1[15]                                                                                                                                             ;                   ;         ;
;      - ov7670_lcm_wall_core:u_ov7670_lcm_wall_core|floor_sum[7]~38                                                                                     ; 0                 ; 6       ;
;      - ov7670_lcm_wall_core:u_ov7670_lcm_wall_core|front_sum[7]~38                                                                                     ; 0                 ; 6       ;
;      - ov7670_lcm_wall_core:u_ov7670_lcm_wall_core|altsyncram:frame_buf_rtl_0|altsyncram_o4d1:auto_generated|altsyncram_rng1:altsyncram1|ram_block2a7  ; 0                 ; 6       ;
;      - ov7670_lcm_wall_core:u_ov7670_lcm_wall_core|altsyncram:frame_buf_rtl_0|altsyncram_o4d1:auto_generated|altsyncram_rng1:altsyncram1|ram_block2a15 ; 0                 ; 6       ;
;      - ov7670_lcm_wall_core:u_ov7670_lcm_wall_core|altsyncram:frame_buf_rtl_0|altsyncram_o4d1:auto_generated|altsyncram_rng1:altsyncram1|ram_block2a23 ; 0                 ; 6       ;
;      - ov7670_lcm_wall_core:u_ov7670_lcm_wall_core|altsyncram:frame_buf_rtl_0|altsyncram_o4d1:auto_generated|altsyncram_rng1:altsyncram1|ram_block2a31 ; 0                 ; 6       ;
;      - ov7670_lcm_wall_core:u_ov7670_lcm_wall_core|altsyncram:frame_buf_rtl_0|altsyncram_o4d1:auto_generated|altsyncram_rng1:altsyncram1|ram_block2a39 ; 0                 ; 6       ;
;      - ov7670_lcm_wall_core:u_ov7670_lcm_wall_core|frame_buf~8feeder                                                                                   ; 0                 ; 6       ;
; GPIO_1[16]                                                                                                                                             ;                   ;         ;
; GPIO_1[17]                                                                                                                                             ;                   ;         ;
; GPIO_1[18]                                                                                                                                             ;                   ;         ;
; GPIO_1[19]                                                                                                                                             ;                   ;         ;
; GPIO_1[20]                                                                                                                                             ;                   ;         ;
; GPIO_1[21]                                                                                                                                             ;                   ;         ;
; GPIO_1[22]                                                                                                                                             ;                   ;         ;
; GPIO_1[23]                                                                                                                                             ;                   ;         ;
; GPIO_1[24]                                                                                                                                             ;                   ;         ;
; GPIO_1[25]                                                                                                                                             ;                   ;         ;
; GPIO_1[26]                                                                                                                                             ;                   ;         ;
; GPIO_1[27]                                                                                                                                             ;                   ;         ;
; GPIO_1[28]                                                                                                                                             ;                   ;         ;
; GPIO_1[29]                                                                                                                                             ;                   ;         ;
; GPIO_1[30]                                                                                                                                             ;                   ;         ;
; GPIO_1[31]                                                                                                                                             ;                   ;         ;
; GPIO_1[32]                                                                                                                                             ;                   ;         ;
; GPIO_1[33]                                                                                                                                             ;                   ;         ;
; GPIO_1[34]                                                                                                                                             ;                   ;         ;
; GPIO_1[35]                                                                                                                                             ;                   ;         ;
; SW[17]                                                                                                                                                 ;                   ;         ;
;      - huskylens_sensor_core:u_huskylens_sensor_core|mode_tick~0                                                                                       ; 1                 ; 6       ;
;      - huskylens_sensor_core:u_huskylens_sensor_core|slow_mode_tick~0                                                                                  ; 1                 ; 6       ;
;      - RV32I:u_rv32i|DATAPATH:DP|result[17]~129                                                                                                        ; 1                 ; 6       ;
;      - huskylens_sensor_core:u_huskylens_sensor_core|slow_tick_count[0]~35                                                                             ; 1                 ; 6       ;
; KEY[0]                                                                                                                                                 ;                   ;         ;
;      - ov7670_lcm_wall_core:u_ov7670_lcm_wall_core|pclk_alive                                                                                          ; 1                 ; 6       ;
;      - UART_TX:u_cpu_pc_tx|TX                                                                                                                          ; 1                 ; 6       ;
;      - huskylens_sensor_core:u_huskylens_sensor_core|TIMER:timer_inst|FLAG                                                                             ; 1                 ; 6       ;
;      - huskylens_sensor_core:u_huskylens_sensor_core|slow_mode_tick                                                                                    ; 1                 ; 6       ;
;      - DMEM_MMIO:u_dmem_mmio|PC_TX_SEND                                                                                                                ; 1                 ; 6       ;
;      - ov7670_lcm_wall_core:u_ov7670_lcm_wall_core|I2S_LCM_Config:u4|I2S_Controller:u0|mACK                                                            ; 1                 ; 6       ;
;      - huskylens_sensor_core:u_huskylens_sensor_core|UART_RX:uart_hl_rx|VALID                                                                          ; 1                 ; 6       ;
;      - huskylens_sensor_core:u_huskylens_sensor_core|HL_PARSER:hl_parser|data_idx[4]                                                                   ; 1                 ; 6       ;
;      - huskylens_sensor_core:u_huskylens_sensor_core|HL_PARSER:hl_parser|data_idx[3]                                                                   ; 1                 ; 6       ;
;      - huskylens_sensor_core:u_huskylens_sensor_core|HL_PARSER:hl_parser|data_idx[2]                                                                   ; 1                 ; 6       ;
;      - huskylens_sensor_core:u_huskylens_sensor_core|HL_PARSER:hl_parser|data_idx[1]                                                                   ; 1                 ; 6       ;
;      - huskylens_sensor_core:u_huskylens_sensor_core|HL_PARSER:hl_parser|data_idx[0]                                                                   ; 1                 ; 6       ;
;      - ov7670_lcm_wall_core:u_ov7670_lcm_wall_core|cam_low_x[7]                                                                                        ; 1                 ; 6       ;
;      - ov7670_lcm_wall_core:u_ov7670_lcm_wall_core|cam_low_x[6]                                                                                        ; 1                 ; 6       ;
;      - ov7670_lcm_wall_core:u_ov7670_lcm_wall_core|cam_low_x[5]                                                                                        ; 1                 ; 6       ;
;      - ov7670_lcm_wall_core:u_ov7670_lcm_wall_core|cam_low_x[0]                                                                                        ; 1                 ; 6       ;
;      - ov7670_lcm_wall_core:u_ov7670_lcm_wall_core|cam_low_x[1]                                                                                        ; 1                 ; 6       ;
;      - ov7670_lcm_wall_core:u_ov7670_lcm_wall_core|cam_low_x[2]                                                                                        ; 1                 ; 6       ;
;      - ov7670_lcm_wall_core:u_ov7670_lcm_wall_core|cam_low_x[3]                                                                                        ; 1                 ; 6       ;
;      - ov7670_lcm_wall_core:u_ov7670_lcm_wall_core|cam_low_x[4]                                                                                        ; 1                 ; 6       ;
;      - huskylens_sensor_core:u_huskylens_sensor_core|UART_TX:uart_hl_tx|BUSY                                                                           ; 1                 ; 6       ;
;      - DMEM_MMIO:u_dmem_mmio|hl_valid_latch                                                                                                            ; 1                 ; 6       ;
;      - DMEM_MMIO:u_dmem_mmio|pc_rx_valid_latch                                                                                                         ; 1                 ; 6       ;
;      - UART_TX:u_cpu_pc_tx|BUSY                                                                                                                        ; 1                 ; 6       ;
;      - DMEM_MMIO:u_dmem_mmio|hl_no_result_latch                                                                                                        ; 1                 ; 6       ;
;      - huskylens_sensor_core:u_huskylens_sensor_core|algo[1]                                                                                           ; 1                 ; 6       ;
;      - huskylens_sensor_core:u_huskylens_sensor_core|UART_TX:uart_hl_tx|TX                                                                             ; 1                 ; 6       ;
;      - huskylens_sensor_core:u_huskylens_sensor_core|packet_kind                                                                                       ; 1                 ; 6       ;
;      - huskylens_sensor_core:u_huskylens_sensor_core|packet_len[3]                                                                                     ; 1                 ; 6       ;
;      - huskylens_sensor_core:u_huskylens_sensor_core|HL_PARSER:hl_parser|DATA_VALID                                                                    ; 1                 ; 6       ;
;      - huskylens_sensor_core:u_huskylens_sensor_core|HL_PARSER:hl_parser|NO_RESULT                                                                     ; 1                 ; 6       ;
;      - UART_RX:u_cpu_pc_rx|VALID                                                                                                                       ; 1                 ; 6       ;
;      - huskylens_sensor_core:u_huskylens_sensor_core|HL_PARSER:hl_parser|chksum_calc[0]                                                                ; 1                 ; 6       ;
;      - huskylens_sensor_core:u_huskylens_sensor_core|hl_tx_data[6]                                                                                     ; 1                 ; 6       ;
;      - huskylens_sensor_core:u_huskylens_sensor_core|hl_tx_data[5]                                                                                     ; 1                 ; 6       ;
;      - huskylens_sensor_core:u_huskylens_sensor_core|hl_tx_data[4]                                                                                     ; 1                 ; 6       ;
;      - huskylens_sensor_core:u_huskylens_sensor_core|hl_tx_data[3]                                                                                     ; 1                 ; 6       ;
;      - huskylens_sensor_core:u_huskylens_sensor_core|hl_tx_data[2]                                                                                     ; 1                 ; 6       ;
;      - huskylens_sensor_core:u_huskylens_sensor_core|hl_tx_data[1]                                                                                     ; 1                 ; 6       ;
;      - huskylens_sensor_core:u_huskylens_sensor_core|hl_tx_data[0]                                                                                     ; 1                 ; 6       ;
;      - ov7670_lcm_wall_core:u_ov7670_lcm_wall_core|byte_phase                                                                                          ; 1                 ; 6       ;
;      - ov7670_lcm_wall_core:u_ov7670_lcm_wall_core|cam_x_sample_count[0]                                                                               ; 1                 ; 6       ;
;      - huskylens_sensor_core:u_huskylens_sensor_core|cycle_slot[2]                                                                                     ; 1                 ; 6       ;
;      - huskylens_sensor_core:u_huskylens_sensor_core|tx_state[0]                                                                                       ; 1                 ; 6       ;
;      - huskylens_sensor_core:u_huskylens_sensor_core|tx_state[1]                                                                                       ; 1                 ; 6       ;
;      - huskylens_sensor_core:u_huskylens_sensor_core|algo_configured                                                                                   ; 1                 ; 6       ;
;      - huskylens_sensor_core:u_huskylens_sensor_core|request_after_set                                                                                 ; 1                 ; 6       ;
;      - huskylens_sensor_core:u_huskylens_sensor_core|HL_PARSER:hl_parser|state.S_CHKSUM                                                                ; 1                 ; 6       ;
;      - UART_RX:u_cpu_pc_rx|rx_shift[0]                                                                                                                 ; 1                 ; 6       ;
;      - UART_RX:u_cpu_pc_rx|rx_shift[1]                                                                                                                 ; 1                 ; 6       ;
;      - UART_RX:u_cpu_pc_rx|rx_shift[2]                                                                                                                 ; 1                 ; 6       ;
;      - UART_RX:u_cpu_pc_rx|rx_shift[3]                                                                                                                 ; 1                 ; 6       ;
;      - UART_RX:u_cpu_pc_rx|rx_shift[4]                                                                                                                 ; 1                 ; 6       ;
;      - UART_RX:u_cpu_pc_rx|rx_shift[7]                                                                                                                 ; 1                 ; 6       ;
;      - UART_RX:u_cpu_pc_rx|rx_shift[5]                                                                                                                 ; 1                 ; 6       ;
;      - UART_RX:u_cpu_pc_rx|rx_shift[6]                                                                                                                 ; 1                 ; 6       ;
;      - huskylens_sensor_core:u_huskylens_sensor_core|HL_PARSER:hl_parser|state.S_DATA                                                                  ; 1                 ; 6       ;
;      - huskylens_sensor_core:u_huskylens_sensor_core|HL_PARSER:hl_parser|state.S_H1                                                                    ; 1                 ; 6       ;
;      - huskylens_sensor_core:u_huskylens_sensor_core|UART_RX:uart_hl_rx|rx_shift[0]                                                                    ; 1                 ; 6       ;
;      - huskylens_sensor_core:u_huskylens_sensor_core|HL_PARSER:hl_parser|state.S_LEN                                                                   ; 1                 ; 6       ;
;      - huskylens_sensor_core:u_huskylens_sensor_core|HL_PARSER:hl_parser|state.S_H3                                                                    ; 1                 ; 6       ;
;      - huskylens_sensor_core:u_huskylens_sensor_core|HL_PARSER:hl_parser|state.S_H2                                                                    ; 1                 ; 6       ;
;      - huskylens_sensor_core:u_huskylens_sensor_core|UART_RX:uart_hl_rx|rx_shift[1]                                                                    ; 1                 ; 6       ;
;      - huskylens_sensor_core:u_huskylens_sensor_core|UART_RX:uart_hl_rx|rx_shift[2]                                                                    ; 1                 ; 6       ;
;      - huskylens_sensor_core:u_huskylens_sensor_core|UART_RX:uart_hl_rx|rx_shift[3]                                                                    ; 1                 ; 6       ;
;      - huskylens_sensor_core:u_huskylens_sensor_core|UART_RX:uart_hl_rx|rx_shift[4]                                                                    ; 1                 ; 6       ;
;      - huskylens_sensor_core:u_huskylens_sensor_core|UART_RX:uart_hl_rx|rx_shift[5]                                                                    ; 1                 ; 6       ;
;      - huskylens_sensor_core:u_huskylens_sensor_core|UART_RX:uart_hl_rx|rx_shift[6]                                                                    ; 1                 ; 6       ;
;      - huskylens_sensor_core:u_huskylens_sensor_core|UART_RX:uart_hl_rx|rx_shift[7]                                                                    ; 1                 ; 6       ;
;      - DMEM_MMIO:u_dmem_mmio|cpu_mmio_activity_count[7]                                                                                                ; 1                 ; 6       ;
;      - DMEM_MMIO:u_dmem_mmio|cpu_mmio_activity_count[9]                                                                                                ; 1                 ; 6       ;
;      - DMEM_MMIO:u_dmem_mmio|cpu_mmio_activity_count[10]                                                                                               ; 1                 ; 6       ;
;      - DMEM_MMIO:u_dmem_mmio|cpu_mmio_activity_count[12]                                                                                               ; 1                 ; 6       ;
;      - DMEM_MMIO:u_dmem_mmio|cpu_mmio_activity_count[15]                                                                                               ; 1                 ; 6       ;
;      - DMEM_MMIO:u_dmem_mmio|cpu_mmio_activity_count[19]                                                                                               ; 1                 ; 6       ;
;      - DMEM_MMIO:u_dmem_mmio|cpu_mmio_activity_count[20]                                                                                               ; 1                 ; 6       ;
;      - DMEM_MMIO:u_dmem_mmio|cpu_mmio_activity_count[23]                                                                                               ; 1                 ; 6       ;
;      - ov7670_lcm_wall_core:u_ov7670_lcm_wall_core|cam_low_y[3]                                                                                        ; 1                 ; 6       ;
;      - ov7670_lcm_wall_core:u_ov7670_lcm_wall_core|cam_low_y[4]                                                                                        ; 1                 ; 6       ;
;      - ov7670_lcm_wall_core:u_ov7670_lcm_wall_core|cam_low_y[5]                                                                                        ; 1                 ; 6       ;
;      - ov7670_lcm_wall_core:u_ov7670_lcm_wall_core|cam_low_y[6]                                                                                        ; 1                 ; 6       ;
;      - ov7670_lcm_wall_core:u_ov7670_lcm_wall_core|H_Cont[3]                                                                                           ; 1                 ; 6       ;
;      - ov7670_lcm_wall_core:u_ov7670_lcm_wall_core|H_Cont[4]                                                                                           ; 1                 ; 6       ;
;      - ov7670_lcm_wall_core:u_ov7670_lcm_wall_core|H_Cont[5]                                                                                           ; 1                 ; 6       ;
;      - ov7670_lcm_wall_core:u_ov7670_lcm_wall_core|H_Cont[6]                                                                                           ; 1                 ; 6       ;
;      - ov7670_lcm_wall_core:u_ov7670_lcm_wall_core|H_Cont[7]                                                                                           ; 1                 ; 6       ;
;      - ov7670_lcm_wall_core:u_ov7670_lcm_wall_core|H_Cont[8]                                                                                           ; 1                 ; 6       ;
;      - ov7670_lcm_wall_core:u_ov7670_lcm_wall_core|H_Cont[9]                                                                                           ; 1                 ; 6       ;
;      - ov7670_lcm_wall_core:u_ov7670_lcm_wall_core|H_Cont[10]                                                                                          ; 1                 ; 6       ;
;      - ov7670_lcm_wall_core:u_ov7670_lcm_wall_core|H_Cont[0]                                                                                           ; 1                 ; 6       ;
;      - ov7670_lcm_wall_core:u_ov7670_lcm_wall_core|H_Cont[1]                                                                                           ; 1                 ; 6       ;
;      - ov7670_lcm_wall_core:u_ov7670_lcm_wall_core|H_Cont[2]                                                                                           ; 1                 ; 6       ;
;      - ov7670_lcm_wall_core:u_ov7670_lcm_wall_core|V_Cont[0]                                                                                           ; 1                 ; 6       ;
;      - ov7670_lcm_wall_core:u_ov7670_lcm_wall_core|V_Cont[1]                                                                                           ; 1                 ; 6       ;
;      - ov7670_lcm_wall_core:u_ov7670_lcm_wall_core|V_Cont[2]                                                                                           ; 1                 ; 6       ;
;      - ov7670_lcm_wall_core:u_ov7670_lcm_wall_core|V_Cont[3]                                                                                           ; 1                 ; 6       ;
;      - ov7670_lcm_wall_core:u_ov7670_lcm_wall_core|V_Cont[4]                                                                                           ; 1                 ; 6       ;
;      - ov7670_lcm_wall_core:u_ov7670_lcm_wall_core|V_Cont[5]                                                                                           ; 1                 ; 6       ;
;      - ov7670_lcm_wall_core:u_ov7670_lcm_wall_core|V_Cont[6]                                                                                           ; 1                 ; 6       ;
;      - ov7670_lcm_wall_core:u_ov7670_lcm_wall_core|V_Cont[7]                                                                                           ; 1                 ; 6       ;
;      - ov7670_lcm_wall_core:u_ov7670_lcm_wall_core|V_Cont[8]                                                                                           ; 1                 ; 6       ;
;      - ov7670_lcm_wall_core:u_ov7670_lcm_wall_core|V_Cont[9]                                                                                           ; 1                 ; 6       ;
;      - ov7670_lcm_wall_core:u_ov7670_lcm_wall_core|V_Cont[10]                                                                                          ; 1                 ; 6       ;
;      - ov7670_lcm_wall_core:u_ov7670_lcm_wall_core|cam_low_y[0]                                                                                        ; 1                 ; 6       ;
;      - ov7670_lcm_wall_core:u_ov7670_lcm_wall_core|cam_low_y[1]                                                                                        ; 1                 ; 6       ;
;      - ov7670_lcm_wall_core:u_ov7670_lcm_wall_core|cam_low_y[2]                                                                                        ; 1                 ; 6       ;
;      - ov7670_lcm_wall_core:u_ov7670_lcm_wall_core|Tmp_DATA[6]                                                                                         ; 1                 ; 6       ;
;      - ov7670_lcm_wall_core:u_ov7670_lcm_wall_core|Tmp_DATA[7]                                                                                         ; 1                 ; 6       ;
;      - ov7670_lcm_wall_core:u_ov7670_lcm_wall_core|Tmp_DATA[4]                                                                                         ; 1                 ; 6       ;
;      - ov7670_lcm_wall_core:u_ov7670_lcm_wall_core|Tmp_DATA[5]                                                                                         ; 1                 ; 6       ;
;      - ov7670_lcm_wall_core:u_ov7670_lcm_wall_core|Tmp_DATA[2]                                                                                         ; 1                 ; 6       ;
;      - ov7670_lcm_wall_core:u_ov7670_lcm_wall_core|Tmp_DATA[3]                                                                                         ; 1                 ; 6       ;
;      - ov7670_lcm_wall_core:u_ov7670_lcm_wall_core|Tmp_DATA[0]                                                                                         ; 1                 ; 6       ;
;      - ov7670_lcm_wall_core:u_ov7670_lcm_wall_core|Tmp_DATA[1]                                                                                         ; 1                 ; 6       ;
;      - ov7670_lcm_wall_core:u_ov7670_lcm_wall_core|front_sum[20]                                                                                       ; 1                 ; 6       ;
;      - ov7670_lcm_wall_core:u_ov7670_lcm_wall_core|front_sum[21]                                                                                       ; 1                 ; 6       ;
;      - ov7670_lcm_wall_core:u_ov7670_lcm_wall_core|front_sum[22]                                                                                       ; 1                 ; 6       ;
;      - ov7670_lcm_wall_core:u_ov7670_lcm_wall_core|front_sum[23]                                                                                       ; 1                 ; 6       ;
;      - ov7670_lcm_wall_core:u_ov7670_lcm_wall_core|front_sum[12]                                                                                       ; 1                 ; 6       ;
;      - ov7670_lcm_wall_core:u_ov7670_lcm_wall_core|front_sum[13]                                                                                       ; 1                 ; 6       ;
;      - ov7670_lcm_wall_core:u_ov7670_lcm_wall_core|front_sum[14]                                                                                       ; 1                 ; 6       ;
;      - ov7670_lcm_wall_core:u_ov7670_lcm_wall_core|front_sum[15]                                                                                       ; 1                 ; 6       ;
;      - ov7670_lcm_wall_core:u_ov7670_lcm_wall_core|front_sum[16]                                                                                       ; 1                 ; 6       ;
;      - ov7670_lcm_wall_core:u_ov7670_lcm_wall_core|front_sum[17]                                                                                       ; 1                 ; 6       ;
;      - ov7670_lcm_wall_core:u_ov7670_lcm_wall_core|front_sum[18]                                                                                       ; 1                 ; 6       ;
;      - ov7670_lcm_wall_core:u_ov7670_lcm_wall_core|front_sum[19]                                                                                       ; 1                 ; 6       ;
;      - ov7670_lcm_wall_core:u_ov7670_lcm_wall_core|floor_sum[19]                                                                                       ; 1                 ; 6       ;
;      - ov7670_lcm_wall_core:u_ov7670_lcm_wall_core|floor_sum[20]                                                                                       ; 1                 ; 6       ;
;      - ov7670_lcm_wall_core:u_ov7670_lcm_wall_core|floor_sum[21]                                                                                       ; 1                 ; 6       ;
;      - ov7670_lcm_wall_core:u_ov7670_lcm_wall_core|floor_sum[22]                                                                                       ; 1                 ; 6       ;
;      - ov7670_lcm_wall_core:u_ov7670_lcm_wall_core|floor_sum[23]                                                                                       ; 1                 ; 6       ;
;      - ov7670_lcm_wall_core:u_ov7670_lcm_wall_core|floor_sum[18]                                                                                       ; 1                 ; 6       ;
;      - ov7670_lcm_wall_core:u_ov7670_lcm_wall_core|floor_sum[16]                                                                                       ; 1                 ; 6       ;
;      - ov7670_lcm_wall_core:u_ov7670_lcm_wall_core|floor_sum[17]                                                                                       ; 1                 ; 6       ;
;      - ov7670_lcm_wall_core:u_ov7670_lcm_wall_core|floor_sum[14]                                                                                       ; 1                 ; 6       ;
;      - ov7670_lcm_wall_core:u_ov7670_lcm_wall_core|floor_sum[15]                                                                                       ; 1                 ; 6       ;
;      - ov7670_lcm_wall_core:u_ov7670_lcm_wall_core|floor_sum[12]                                                                                       ; 1                 ; 6       ;
;      - ov7670_lcm_wall_core:u_ov7670_lcm_wall_core|floor_sum[13]                                                                                       ; 1                 ; 6       ;
;      - ov7670_lcm_wall_core:u_ov7670_lcm_wall_core|floor_sum[11]                                                                                       ; 1                 ; 6       ;
;      - ov7670_lcm_wall_core:u_ov7670_lcm_wall_core|I2S_LCM_Config:u4|I2S_Controller:u0|mI2S_CLK_DIV[2]                                                 ; 1                 ; 6       ;
;      - ov7670_lcm_wall_core:u_ov7670_lcm_wall_core|I2S_LCM_Config:u4|I2S_Controller:u0|mI2S_CLK_DIV[3]                                                 ; 1                 ; 6       ;
;      - ov7670_lcm_wall_core:u_ov7670_lcm_wall_core|I2S_LCM_Config:u4|I2S_Controller:u0|mI2S_CLK_DIV[4]                                                 ; 1                 ; 6       ;
;      - ov7670_lcm_wall_core:u_ov7670_lcm_wall_core|I2S_LCM_Config:u4|I2S_Controller:u0|mI2S_CLK_DIV[5]                                                 ; 1                 ; 6       ;
;      - ov7670_lcm_wall_core:u_ov7670_lcm_wall_core|I2S_LCM_Config:u4|I2S_Controller:u0|mI2S_CLK_DIV[6]                                                 ; 1                 ; 6       ;
;      - ov7670_lcm_wall_core:u_ov7670_lcm_wall_core|I2S_LCM_Config:u4|I2S_Controller:u0|mI2S_CLK_DIV[7]                                                 ; 1                 ; 6       ;
;      - ov7670_lcm_wall_core:u_ov7670_lcm_wall_core|I2S_LCM_Config:u4|I2S_Controller:u0|mI2S_CLK_DIV[8]                                                 ; 1                 ; 6       ;
;      - ov7670_lcm_wall_core:u_ov7670_lcm_wall_core|I2S_LCM_Config:u4|I2S_Controller:u0|mI2S_CLK_DIV[9]                                                 ; 1                 ; 6       ;
;      - ov7670_lcm_wall_core:u_ov7670_lcm_wall_core|I2S_LCM_Config:u4|I2S_Controller:u0|mI2S_CLK_DIV[10]                                                ; 1                 ; 6       ;
;      - ov7670_lcm_wall_core:u_ov7670_lcm_wall_core|I2S_LCM_Config:u4|I2S_Controller:u0|mI2S_CLK_DIV[11]                                                ; 1                 ; 6       ;
;      - ov7670_lcm_wall_core:u_ov7670_lcm_wall_core|I2S_LCM_Config:u4|I2S_Controller:u0|mI2S_CLK_DIV[12]                                                ; 1                 ; 6       ;
;      - ov7670_lcm_wall_core:u_ov7670_lcm_wall_core|I2S_LCM_Config:u4|I2S_Controller:u0|mI2S_CLK_DIV[13]                                                ; 1                 ; 6       ;
;      - ov7670_lcm_wall_core:u_ov7670_lcm_wall_core|I2S_LCM_Config:u4|I2S_Controller:u0|mI2S_CLK_DIV[14]                                                ; 1                 ; 6       ;
;      - ov7670_lcm_wall_core:u_ov7670_lcm_wall_core|I2S_LCM_Config:u4|I2S_Controller:u0|mI2S_CLK_DIV[15]                                                ; 1                 ; 6       ;
;      - ov7670_lcm_wall_core:u_ov7670_lcm_wall_core|I2S_LCM_Config:u4|I2S_Controller:u0|mST[0]                                                          ; 1                 ; 6       ;
;      - ov7670_lcm_wall_core:u_ov7670_lcm_wall_core|I2S_LCM_Config:u4|I2S_Controller:u0|mST[1]                                                          ; 1                 ; 6       ;
;      - ov7670_lcm_wall_core:u_ov7670_lcm_wall_core|I2S_LCM_Config:u4|I2S_Controller:u0|mST[2]                                                          ; 1                 ; 6       ;
;      - ov7670_lcm_wall_core:u_ov7670_lcm_wall_core|I2S_LCM_Config:u4|I2S_Controller:u0|mST[3]                                                          ; 1                 ; 6       ;
;      - ov7670_lcm_wall_core:u_ov7670_lcm_wall_core|I2S_LCM_Config:u4|I2S_Controller:u0|mST[4]                                                          ; 1                 ; 6       ;
;      - ov7670_lcm_wall_core:u_ov7670_lcm_wall_core|front_sum[11]                                                                                       ; 1                 ; 6       ;
;      - ov7670_lcm_wall_core:u_ov7670_lcm_wall_core|floor_sum[10]                                                                                       ; 1                 ; 6       ;
;      - ov7670_lcm_wall_core:u_ov7670_lcm_wall_core|I2S_LCM_Config:u4|I2S_Controller:u0|mI2S_CLK_DIV[1]                                                 ; 1                 ; 6       ;
;      - ov7670_lcm_wall_core:u_ov7670_lcm_wall_core|front_sum[10]                                                                                       ; 1                 ; 6       ;
;      - ov7670_lcm_wall_core:u_ov7670_lcm_wall_core|floor_sum[9]                                                                                        ; 1                 ; 6       ;
;      - ov7670_lcm_wall_core:u_ov7670_lcm_wall_core|I2S_LCM_Config:u4|I2S_Controller:u0|mI2S_CLK_DIV[0]                                                 ; 1                 ; 6       ;
;      - ov7670_lcm_wall_core:u_ov7670_lcm_wall_core|front_sum[9]                                                                                        ; 1                 ; 6       ;
;      - ov7670_lcm_wall_core:u_ov7670_lcm_wall_core|floor_sum[8]                                                                                        ; 1                 ; 6       ;
;      - ov7670_lcm_wall_core:u_ov7670_lcm_wall_core|front_sum[8]                                                                                        ; 1                 ; 6       ;
;      - ov7670_lcm_wall_core:u_ov7670_lcm_wall_core|floor_sum[7]                                                                                        ; 1                 ; 6       ;
;      - ov7670_lcm_wall_core:u_ov7670_lcm_wall_core|front_sum[7]                                                                                        ; 1                 ; 6       ;
;      - ov7670_lcm_wall_core:u_ov7670_lcm_wall_core|floor_sum[6]                                                                                        ; 1                 ; 6       ;
;      - ov7670_lcm_wall_core:u_ov7670_lcm_wall_core|front_sum[6]                                                                                        ; 1                 ; 6       ;
;      - ov7670_lcm_wall_core:u_ov7670_lcm_wall_core|floor_sum[5]                                                                                        ; 1                 ; 6       ;
;      - ov7670_lcm_wall_core:u_ov7670_lcm_wall_core|front_sum[5]                                                                                        ; 1                 ; 6       ;
;      - ov7670_lcm_wall_core:u_ov7670_lcm_wall_core|floor_sum[4]                                                                                        ; 1                 ; 6       ;
;      - ov7670_lcm_wall_core:u_ov7670_lcm_wall_core|front_sum[4]                                                                                        ; 1                 ; 6       ;
;      - ov7670_lcm_wall_core:u_ov7670_lcm_wall_core|floor_sum[3]                                                                                        ; 1                 ; 6       ;
;      - ov7670_lcm_wall_core:u_ov7670_lcm_wall_core|front_sum[3]                                                                                        ; 1                 ; 6       ;
;      - ov7670_lcm_wall_core:u_ov7670_lcm_wall_core|floor_sum[2]                                                                                        ; 1                 ; 6       ;
;      - ov7670_lcm_wall_core:u_ov7670_lcm_wall_core|front_sum[2]                                                                                        ; 1                 ; 6       ;
;      - ov7670_lcm_wall_core:u_ov7670_lcm_wall_core|floor_sum[1]                                                                                        ; 1                 ; 6       ;
;      - ov7670_lcm_wall_core:u_ov7670_lcm_wall_core|front_sum[1]                                                                                        ; 1                 ; 6       ;
;      - ov7670_lcm_wall_core:u_ov7670_lcm_wall_core|floor_sum[0]                                                                                        ; 1                 ; 6       ;
;      - ov7670_lcm_wall_core:u_ov7670_lcm_wall_core|front_sum[0]                                                                                        ; 1                 ; 6       ;
;      - RV32I:u_rv32i|DATAPATH:DP|PC:pc|PC[10]                                                                                                          ; 1                 ; 6       ;
;      - RV32I:u_rv32i|DATAPATH:DP|PC:pc|PC[6]                                                                                                           ; 1                 ; 6       ;
;      - RV32I:u_rv32i|DATAPATH:DP|PC:pc|PC[3]                                                                                                           ; 1                 ; 6       ;
;      - RV32I:u_rv32i|DATAPATH:DP|PC:pc|PC[4]                                                                                                           ; 1                 ; 6       ;
;      - RV32I:u_rv32i|DATAPATH:DP|PC:pc|PC[5]                                                                                                           ; 1                 ; 6       ;
;      - RV32I:u_rv32i|DATAPATH:DP|PC:pc|PC[2]                                                                                                           ; 1                 ; 6       ;
;      - RV32I:u_rv32i|DATAPATH:DP|PC:pc|PC[8]                                                                                                           ; 1                 ; 6       ;
;      - RV32I:u_rv32i|DATAPATH:DP|PC:pc|PC[9]                                                                                                           ; 1                 ; 6       ;
;      - RV32I:u_rv32i|DATAPATH:DP|PC:pc|PC[7]                                                                                                           ; 1                 ; 6       ;
;      - RV32I:u_rv32i|DATAPATH:DP|PC:pc|PC[11]                                                                                                          ; 1                 ; 6       ;
;      - RV32I:u_rv32i|DATAPATH:DP|PC:pc|PC[12]                                                                                                          ; 1                 ; 6       ;
;      - RV32I:u_rv32i|DATAPATH:DP|PC:pc|PC[13]                                                                                                          ; 1                 ; 6       ;
;      - RV32I:u_rv32i|DATAPATH:DP|PC:pc|PC[14]                                                                                                          ; 1                 ; 6       ;
;      - RV32I:u_rv32i|DATAPATH:DP|PC:pc|PC[15]                                                                                                          ; 1                 ; 6       ;
;      - RV32I:u_rv32i|DATAPATH:DP|PC:pc|PC[16]                                                                                                          ; 1                 ; 6       ;
;      - RV32I:u_rv32i|DATAPATH:DP|PC:pc|PC[17]                                                                                                          ; 1                 ; 6       ;
;      - RV32I:u_rv32i|DATAPATH:DP|PC:pc|PC[18]                                                                                                          ; 1                 ; 6       ;
;      - RV32I:u_rv32i|DATAPATH:DP|PC:pc|PC[19]                                                                                                          ; 1                 ; 6       ;
;      - RV32I:u_rv32i|DATAPATH:DP|PC:pc|PC[20]                                                                                                          ; 1                 ; 6       ;
;      - RV32I:u_rv32i|DATAPATH:DP|PC:pc|PC[21]                                                                                                          ; 1                 ; 6       ;
;      - RV32I:u_rv32i|DATAPATH:DP|PC:pc|PC[22]                                                                                                          ; 1                 ; 6       ;
;      - RV32I:u_rv32i|DATAPATH:DP|PC:pc|PC[23]                                                                                                          ; 1                 ; 6       ;
;      - RV32I:u_rv32i|DATAPATH:DP|PC:pc|PC[24]                                                                                                          ; 1                 ; 6       ;
;      - RV32I:u_rv32i|DATAPATH:DP|PC:pc|PC[25]                                                                                                          ; 1                 ; 6       ;
;      - RV32I:u_rv32i|DATAPATH:DP|PC:pc|PC[26]                                                                                                          ; 1                 ; 6       ;
;      - RV32I:u_rv32i|DATAPATH:DP|PC:pc|PC[27]                                                                                                          ; 1                 ; 6       ;
;      - RV32I:u_rv32i|DATAPATH:DP|PC:pc|PC[28]                                                                                                          ; 1                 ; 6       ;
;      - RV32I:u_rv32i|DATAPATH:DP|PC:pc|PC[29]                                                                                                          ; 1                 ; 6       ;
;      - RV32I:u_rv32i|DATAPATH:DP|PC:pc|PC[30]                                                                                                          ; 1                 ; 6       ;
;      - RV32I:u_rv32i|DATAPATH:DP|PC:pc|PC[31]                                                                                                          ; 1                 ; 6       ;
;      - GPIO_0[30]                                                                                                                                      ; 1                 ; 6       ;
;      - cpu_pc_activity_toggle                                                                                                                          ; 1                 ; 6       ;
;      - DMEM_MMIO:u_dmem_mmio|HEX_OUT~0                                                                                                                 ; 1                 ; 6       ;
;      - DMEM_MMIO:u_dmem_mmio|HEX_OUT[1]~3                                                                                                              ; 1                 ; 6       ;
;      - ov7670_lcm_wall_core:u_ov7670_lcm_wall_core|pclk_counter[22]                                                                                    ; 1                 ; 6       ;
;      - ov7670_lcm_wall_core:u_ov7670_lcm_wall_core|pclk_counter[23]                                                                                    ; 1                 ; 6       ;
;      - ov7670_lcm_wall_core:u_ov7670_lcm_wall_core|pclk_counter[21]                                                                                    ; 1                 ; 6       ;
;      - ov7670_lcm_wall_core:u_ov7670_lcm_wall_core|pclk_counter[20]                                                                                    ; 1                 ; 6       ;
;      - ov7670_lcm_wall_core:u_ov7670_lcm_wall_core|pclk_counter[19]                                                                                    ; 1                 ; 6       ;
;      - ov7670_lcm_wall_core:u_ov7670_lcm_wall_core|pclk_counter[18]                                                                                    ; 1                 ; 6       ;
;      - ov7670_lcm_wall_core:u_ov7670_lcm_wall_core|pclk_counter[17]                                                                                    ; 1                 ; 6       ;
;      - ov7670_lcm_wall_core:u_ov7670_lcm_wall_core|pclk_counter[16]                                                                                    ; 1                 ; 6       ;
;      - ov7670_lcm_wall_core:u_ov7670_lcm_wall_core|pclk_counter[14]                                                                                    ; 1                 ; 6       ;
;      - ov7670_lcm_wall_core:u_ov7670_lcm_wall_core|pclk_counter[15]                                                                                    ; 1                 ; 6       ;
;      - ov7670_lcm_wall_core:u_ov7670_lcm_wall_core|pclk_counter[13]                                                                                    ; 1                 ; 6       ;
;      - ov7670_lcm_wall_core:u_ov7670_lcm_wall_core|pclk_counter[12]                                                                                    ; 1                 ; 6       ;
;      - ov7670_lcm_wall_core:u_ov7670_lcm_wall_core|pclk_counter[11]                                                                                    ; 1                 ; 6       ;
;      - ov7670_lcm_wall_core:u_ov7670_lcm_wall_core|pclk_counter[9]                                                                                     ; 1                 ; 6       ;
;      - ov7670_lcm_wall_core:u_ov7670_lcm_wall_core|pclk_counter[8]                                                                                     ; 1                 ; 6       ;
;      - ov7670_lcm_wall_core:u_ov7670_lcm_wall_core|pclk_counter[10]                                                                                    ; 1                 ; 6       ;
;      - ov7670_lcm_wall_core:u_ov7670_lcm_wall_core|pclk_counter[6]                                                                                     ; 1                 ; 6       ;
;      - ov7670_lcm_wall_core:u_ov7670_lcm_wall_core|pclk_counter[7]                                                                                     ; 1                 ; 6       ;
;      - ov7670_lcm_wall_core:u_ov7670_lcm_wall_core|pclk_counter[5]                                                                                     ; 1                 ; 6       ;
;      - ov7670_lcm_wall_core:u_ov7670_lcm_wall_core|pclk_counter[4]                                                                                     ; 1                 ; 6       ;
;      - ov7670_lcm_wall_core:u_ov7670_lcm_wall_core|pclk_counter[3]                                                                                     ; 1                 ; 6       ;
;      - ov7670_lcm_wall_core:u_ov7670_lcm_wall_core|pclk_counter[2]                                                                                     ; 1                 ; 6       ;
;      - ov7670_lcm_wall_core:u_ov7670_lcm_wall_core|pclk_counter[1]                                                                                     ; 1                 ; 6       ;
;      - ov7670_lcm_wall_core:u_ov7670_lcm_wall_core|pclk_counter[0]                                                                                     ; 1                 ; 6       ;
;      - huskylens_sensor_core:u_huskylens_sensor_core|byte_seen_reg~0                                                                                   ; 1                 ; 6       ;
;      - huskylens_sensor_core:u_huskylens_sensor_core|timer_flag_d~0                                                                                    ; 1                 ; 6       ;
;      - pc_prev[0]                                                                                                                                      ; 1                 ; 6       ;
;      - pc_prev[1]                                                                                                                                      ; 1                 ; 6       ;
;      - RV32I:u_rv32i|DATAPATH:DP|PC:pc|PC[1]                                                                                                           ; 1                 ; 6       ;
;      - RV32I:u_rv32i|DATAPATH:DP|PC:pc|PC[0]                                                                                                           ; 1                 ; 6       ;
;      - pc_prev[2]                                                                                                                                      ; 1                 ; 6       ;
;      - pc_prev[3]                                                                                                                                      ; 1                 ; 6       ;
;      - pc_prev[5]                                                                                                                                      ; 1                 ; 6       ;
;      - pc_prev[4]                                                                                                                                      ; 1                 ; 6       ;
;      - pc_prev[7]                                                                                                                                      ; 1                 ; 6       ;
;      - pc_prev[6]                                                                                                                                      ; 1                 ; 6       ;
;      - pc_prev[9]                                                                                                                                      ; 1                 ; 6       ;
;      - pc_prev[8]                                                                                                                                      ; 1                 ; 6       ;
;      - pc_prev[11]                                                                                                                                     ; 1                 ; 6       ;
;      - pc_prev[10]                                                                                                                                     ; 1                 ; 6       ;
;      - pc_prev[12]                                                                                                                                     ; 1                 ; 6       ;
;      - pc_prev[13]                                                                                                                                     ; 1                 ; 6       ;
;      - pc_prev[14]                                                                                                                                     ; 1                 ; 6       ;
;      - pc_prev[15]                                                                                                                                     ; 1                 ; 6       ;
;      - pc_prev[16]                                                                                                                                     ; 1                 ; 6       ;
;      - pc_prev[17]                                                                                                                                     ; 1                 ; 6       ;
;      - pc_prev[18]                                                                                                                                     ; 1                 ; 6       ;
;      - pc_prev[19]                                                                                                                                     ; 1                 ; 6       ;
;      - pc_prev[20]                                                                                                                                     ; 1                 ; 6       ;
;      - pc_prev[21]                                                                                                                                     ; 1                 ; 6       ;
;      - pc_prev[22]                                                                                                                                     ; 1                 ; 6       ;
;      - pc_prev[23]                                                                                                                                     ; 1                 ; 6       ;
;      - pc_prev[24]                                                                                                                                     ; 1                 ; 6       ;
;      - pc_prev[25]                                                                                                                                     ; 1                 ; 6       ;
;      - pc_prev[26]                                                                                                                                     ; 1                 ; 6       ;
;      - pc_prev[27]                                                                                                                                     ; 1                 ; 6       ;
;      - pc_prev[28]                                                                                                                                     ; 1                 ; 6       ;
;      - pc_prev[29]                                                                                                                                     ; 1                 ; 6       ;
;      - pc_prev[30]                                                                                                                                     ; 1                 ; 6       ;
;      - pc_prev[31]                                                                                                                                     ; 1                 ; 6       ;
;      - pc_activity_count[22]                                                                                                                           ; 1                 ; 6       ;
;      - pc_activity_count[19]                                                                                                                           ; 1                 ; 6       ;
;      - pc_activity_count[21]                                                                                                                           ; 1                 ; 6       ;
;      - pc_activity_count[20]                                                                                                                           ; 1                 ; 6       ;
;      - pc_activity_count[18]                                                                                                                           ; 1                 ; 6       ;
;      - pc_activity_count[17]                                                                                                                           ; 1                 ; 6       ;
;      - pc_activity_count[16]                                                                                                                           ; 1                 ; 6       ;
;      - pc_activity_count[15]                                                                                                                           ; 1                 ; 6       ;
;      - pc_activity_count[14]                                                                                                                           ; 1                 ; 6       ;
;      - pc_activity_count[11]                                                                                                                           ; 1                 ; 6       ;
;      - pc_activity_count[13]                                                                                                                           ; 1                 ; 6       ;
;      - pc_activity_count[12]                                                                                                                           ; 1                 ; 6       ;
;      - pc_activity_count[9]                                                                                                                            ; 1                 ; 6       ;
;      - pc_activity_count[8]                                                                                                                            ; 1                 ; 6       ;
;      - pc_activity_count[10]                                                                                                                           ; 1                 ; 6       ;
;      - pc_activity_count[7]                                                                                                                            ; 1                 ; 6       ;
;      - pc_activity_count[5]                                                                                                                            ; 1                 ; 6       ;
;      - pc_activity_count[4]                                                                                                                            ; 1                 ; 6       ;
;      - pc_activity_count[3]                                                                                                                            ; 1                 ; 6       ;
;      - pc_activity_count[6]                                                                                                                            ; 1                 ; 6       ;
;      - pc_activity_count[2]                                                                                                                            ; 1                 ; 6       ;
;      - pc_activity_count[1]                                                                                                                            ; 1                 ; 6       ;
;      - pc_activity_count[0]                                                                                                                            ; 1                 ; 6       ;
;      - DMEM_MMIO:u_dmem_mmio|cpu_mmio_activity_count[14]~26                                                                                            ; 1                 ; 6       ;
;      - DMEM_MMIO:u_dmem_mmio|cpu_mmio_activity_count[14]~27                                                                                            ; 1                 ; 6       ;
;      - DMEM_MMIO:u_dmem_mmio|LED_OUT[14]~1                                                                                                             ; 1                 ; 6       ;
;      - UART_TX:u_cpu_pc_tx|state~17                                                                                                                    ; 1                 ; 6       ;
;      - UART_TX:u_cpu_pc_tx|tx_shift~0                                                                                                                  ; 1                 ; 6       ;
;      - UART_TX:u_cpu_pc_tx|tx_shift[4]~1                                                                                                               ; 1                 ; 6       ;
;      - UART_TX:u_cpu_pc_tx|bit_idx[0]~1                                                                                                                ; 1                 ; 6       ;
;      - UART_TX:u_cpu_pc_tx|bit_idx[0]~2                                                                                                                ; 1                 ; 6       ;
;      - UART_TX:u_cpu_pc_tx|tx_shift~2                                                                                                                  ; 1                 ; 6       ;
;      - UART_TX:u_cpu_pc_tx|bit_idx[1]~3                                                                                                                ; 1                 ; 6       ;
;      - UART_TX:u_cpu_pc_tx|tx_shift~3                                                                                                                  ; 1                 ; 6       ;
;      - UART_TX:u_cpu_pc_tx|tx_shift~4                                                                                                                  ; 1                 ; 6       ;
;      - UART_TX:u_cpu_pc_tx|tx_shift~5                                                                                                                  ; 1                 ; 6       ;
;      - UART_TX:u_cpu_pc_tx|tx_shift~6                                                                                                                  ; 1                 ; 6       ;
;      - UART_TX:u_cpu_pc_tx|tx_shift~7                                                                                                                  ; 1                 ; 6       ;
;      - UART_TX:u_cpu_pc_tx|tx_shift~8                                                                                                                  ; 1                 ; 6       ;
;      - UART_TX:u_cpu_pc_tx|state~20                                                                                                                    ; 1                 ; 6       ;
;      - UART_TX:u_cpu_pc_tx|state~22                                                                                                                    ; 1                 ; 6       ;
;      - DMEM_MMIO:u_dmem_mmio|Selector31~1                                                                                                              ; 1                 ; 6       ;
;      - ov7670_lcm_wall_core:u_ov7670_lcm_wall_core|wall_detect_reg                                                                                     ; 1                 ; 6       ;
;      - ov7670_lcm_wall_core:u_ov7670_lcm_wall_core|floor_avg_reg[7]                                                                                    ; 1                 ; 6       ;
;      - ov7670_lcm_wall_core:u_ov7670_lcm_wall_core|floor_avg_reg[6]                                                                                    ; 1                 ; 6       ;
;      - ov7670_lcm_wall_core:u_ov7670_lcm_wall_core|floor_avg_reg[5]                                                                                    ; 1                 ; 6       ;
;      - ov7670_lcm_wall_core:u_ov7670_lcm_wall_core|floor_avg_reg[4]                                                                                    ; 1                 ; 6       ;
;      - ov7670_lcm_wall_core:u_ov7670_lcm_wall_core|floor_avg_reg[3]                                                                                    ; 1                 ; 6       ;
;      - ov7670_lcm_wall_core:u_ov7670_lcm_wall_core|floor_avg_reg[2]                                                                                    ; 1                 ; 6       ;
;      - ov7670_lcm_wall_core:u_ov7670_lcm_wall_core|front_avg_reg[1]                                                                                    ; 1                 ; 6       ;
;      - ov7670_lcm_wall_core:u_ov7670_lcm_wall_core|front_avg_reg[0]                                                                                    ; 1                 ; 6       ;
;      - ov7670_lcm_wall_core:u_ov7670_lcm_wall_core|floor_avg_reg[1]                                                                                    ; 1                 ; 6       ;
;      - ov7670_lcm_wall_core:u_ov7670_lcm_wall_core|floor_avg_reg[0]                                                                                    ; 1                 ; 6       ;
;      - ov7670_lcm_wall_core:u_ov7670_lcm_wall_core|front_avg_reg[7]                                                                                    ; 1                 ; 6       ;
;      - ov7670_lcm_wall_core:u_ov7670_lcm_wall_core|front_avg_reg[6]                                                                                    ; 1                 ; 6       ;
;      - ov7670_lcm_wall_core:u_ov7670_lcm_wall_core|front_avg_reg[5]                                                                                    ; 1                 ; 6       ;
;      - ov7670_lcm_wall_core:u_ov7670_lcm_wall_core|front_avg_reg[4]                                                                                    ; 1                 ; 6       ;
;      - ov7670_lcm_wall_core:u_ov7670_lcm_wall_core|front_avg_reg[3]                                                                                    ; 1                 ; 6       ;
;      - ov7670_lcm_wall_core:u_ov7670_lcm_wall_core|front_avg_reg[2]                                                                                    ; 1                 ; 6       ;
;      - huskylens_sensor_core:u_huskylens_sensor_core|slow_tick_count[0]~34                                                                             ; 1                 ; 6       ;
;      - huskylens_sensor_core:u_huskylens_sensor_core|slow_tick_count[0]~35                                                                             ; 1                 ; 6       ;
;      - huskylens_sensor_core:u_huskylens_sensor_core|TIMER:timer_inst|counter[4]~24                                                                    ; 1                 ; 6       ;
;      - ov7670_lcm_wall_core:u_ov7670_lcm_wall_core|ov7670_spatial_pixel[6]                                                                             ; 1                 ; 6       ;
;      - ov7670_lcm_wall_core:u_ov7670_lcm_wall_core|ov7670_spatial_pixel[7]                                                                             ; 1                 ; 6       ;
;      - ov7670_lcm_wall_core:u_ov7670_lcm_wall_core|ov7670_spatial_pixel[4]                                                                             ; 1                 ; 6       ;
;      - ov7670_lcm_wall_core:u_ov7670_lcm_wall_core|ov7670_spatial_pixel[5]                                                                             ; 1                 ; 6       ;
;      - ov7670_lcm_wall_core:u_ov7670_lcm_wall_core|ov7670_spatial_pixel[2]                                                                             ; 1                 ; 6       ;
;      - ov7670_lcm_wall_core:u_ov7670_lcm_wall_core|ov7670_spatial_pixel[3]                                                                             ; 1                 ; 6       ;
;      - ov7670_lcm_wall_core:u_ov7670_lcm_wall_core|ov7670_spatial_pixel[0]                                                                             ; 1                 ; 6       ;
;      - ov7670_lcm_wall_core:u_ov7670_lcm_wall_core|ov7670_spatial_pixel[1]                                                                             ; 1                 ; 6       ;
;      - ov7670_lcm_wall_core:u_ov7670_lcm_wall_core|oVGA_V_SYNC                                                                                         ; 1                 ; 6       ;
;      - ov7670_lcm_wall_core:u_ov7670_lcm_wall_core|I2S_LCM_Config:u4|I2S_Controller:u0|mI2S_CLK                                                        ; 1                 ; 6       ;
;      - ov7670_lcm_wall_core:u_ov7670_lcm_wall_core|I2S_LCM_Config:u4|I2S_Controller:u0|mSCLK                                                           ; 1                 ; 6       ;
;      - ov7670_lcm_wall_core:u_ov7670_lcm_wall_core|I2S_LCM_Config:u4|I2S_Controller:u0|mSEN                                                            ; 1                 ; 6       ;
;      - ov7670_lcm_wall_core:u_ov7670_lcm_wall_core|I2S_LCM_Config:u4|I2S_Controller:u0|mSDATA~en                                                       ; 1                 ; 6       ;
;      - ov7670_lcm_wall_core:u_ov7670_lcm_wall_core|oVGA_H_SYNC                                                                                         ; 1                 ; 6       ;
;      - ov7670_lcm_wall_core:u_ov7670_lcm_wall_core|OV7670_XCLK                                                                                         ; 1                 ; 6       ;
;      - UART_TX:u_cpu_pc_tx|state~23                                                                                                                    ; 1                 ; 6       ;
;      - UART_TX:u_cpu_pc_tx|baud_cnt[8]~24                                                                                                              ; 1                 ; 6       ;
;      - UART_TX:u_cpu_pc_tx|baud_cnt[8]~25                                                                                                              ; 1                 ; 6       ;
;      - DMEM_MMIO:u_dmem_mmio|PC_TX_DATA[1]~0                                                                                                           ; 1                 ; 6       ;
;      - DMEM_MMIO:u_dmem_mmio|RAM~13634                                                                                                                 ; 1                 ; 6       ;
;      - huskylens_sensor_core:u_huskylens_sensor_core|packet_mode~0                                                                                     ; 1                 ; 6       ;
;      - huskylens_sensor_core:u_huskylens_sensor_core|packet_mode[0]~1                                                                                  ; 1                 ; 6       ;
;      - huskylens_sensor_core:u_huskylens_sensor_core|obj_count~0                                                                                       ; 1                 ; 6       ;
;      - huskylens_sensor_core:u_huskylens_sensor_core|obj_count[4]~1                                                                                    ; 1                 ; 6       ;
;      - huskylens_sensor_core:u_huskylens_sensor_core|h~0                                                                                               ; 1                 ; 6       ;
;      - huskylens_sensor_core:u_huskylens_sensor_core|w[1]~0                                                                                            ; 1                 ; 6       ;
;      - huskylens_sensor_core:u_huskylens_sensor_core|y~0                                                                                               ; 1                 ; 6       ;
;      - ov7670_lcm_wall_core:u_ov7670_lcm_wall_core|wall_off_cnt[1]                                                                                     ; 1                 ; 6       ;
;      - ov7670_lcm_wall_core:u_ov7670_lcm_wall_core|wall_on_cnt[1]                                                                                      ; 1                 ; 6       ;
;      - ov7670_lcm_wall_core:u_ov7670_lcm_wall_core|cam_vsync_d                                                                                         ; 1                 ; 6       ;
;      - DMEM_MMIO:u_dmem_mmio|pc_rx_latch~0                                                                                                             ; 1                 ; 6       ;
;      - DMEM_MMIO:u_dmem_mmio|pc_rx_latch[1]~1                                                                                                          ; 1                 ; 6       ;
;      - DMEM_MMIO:u_dmem_mmio|pc_rx_latch~2                                                                                                             ; 1                 ; 6       ;
;      - huskylens_sensor_core:u_huskylens_sensor_core|h~1                                                                                               ; 1                 ; 6       ;
;      - huskylens_sensor_core:u_huskylens_sensor_core|obj_count~2                                                                                       ; 1                 ; 6       ;
;      - huskylens_sensor_core:u_huskylens_sensor_core|y~1                                                                                               ; 1                 ; 6       ;
;      - huskylens_sensor_core:u_huskylens_sensor_core|packet_mode~2                                                                                     ; 1                 ; 6       ;
;      - huskylens_sensor_core:u_huskylens_sensor_core|h~2                                                                                               ; 1                 ; 6       ;
;      - huskylens_sensor_core:u_huskylens_sensor_core|y~2                                                                                               ; 1                 ; 6       ;
;      - huskylens_sensor_core:u_huskylens_sensor_core|obj_count~3                                                                                       ; 1                 ; 6       ;
;      - DMEM_MMIO:u_dmem_mmio|pc_rx_latch~3                                                                                                             ; 1                 ; 6       ;
;      - huskylens_sensor_core:u_huskylens_sensor_core|h~3                                                                                               ; 1                 ; 6       ;
;      - huskylens_sensor_core:u_huskylens_sensor_core|y~3                                                                                               ; 1                 ; 6       ;
;      - huskylens_sensor_core:u_huskylens_sensor_core|obj_count~4                                                                                       ; 1                 ; 6       ;
;      - DMEM_MMIO:u_dmem_mmio|pc_rx_latch~4                                                                                                             ; 1                 ; 6       ;
;      - DMEM_MMIO:u_dmem_mmio|pc_rx_latch~5                                                                                                             ; 1                 ; 6       ;
;      - huskylens_sensor_core:u_huskylens_sensor_core|h~4                                                                                               ; 1                 ; 6       ;
;      - huskylens_sensor_core:u_huskylens_sensor_core|y~4                                                                                               ; 1                 ; 6       ;
;      - huskylens_sensor_core:u_huskylens_sensor_core|obj_count~5                                                                                       ; 1                 ; 6       ;
;      - huskylens_sensor_core:u_huskylens_sensor_core|w~1                                                                                               ; 1                 ; 6       ;
;      - huskylens_sensor_core:u_huskylens_sensor_core|w~2                                                                                               ; 1                 ; 6       ;
;      - huskylens_sensor_core:u_huskylens_sensor_core|w~3                                                                                               ; 1                 ; 6       ;
;      - huskylens_sensor_core:u_huskylens_sensor_core|w~4                                                                                               ; 1                 ; 6       ;
;      - huskylens_sensor_core:u_huskylens_sensor_core|w~5                                                                                               ; 1                 ; 6       ;
;      - huskylens_sensor_core:u_huskylens_sensor_core|w~6                                                                                               ; 1                 ; 6       ;
;      - huskylens_sensor_core:u_huskylens_sensor_core|w~7                                                                                               ; 1                 ; 6       ;
;      - huskylens_sensor_core:u_huskylens_sensor_core|w~8                                                                                               ; 1                 ; 6       ;
;      - huskylens_sensor_core:u_huskylens_sensor_core|algo~1                                                                                            ; 1                 ; 6       ;
;      - huskylens_sensor_core:u_huskylens_sensor_core|w~9                                                                                               ; 1                 ; 6       ;
;      - huskylens_sensor_core:u_huskylens_sensor_core|id~0                                                                                              ; 1                 ; 6       ;
;      - huskylens_sensor_core:u_huskylens_sensor_core|w~10                                                                                              ; 1                 ; 6       ;
;      - huskylens_sensor_core:u_huskylens_sensor_core|id~1                                                                                              ; 1                 ; 6       ;
;      - huskylens_sensor_core:u_huskylens_sensor_core|w~11                                                                                              ; 1                 ; 6       ;
;      - huskylens_sensor_core:u_huskylens_sensor_core|id~2                                                                                              ; 1                 ; 6       ;
;      - huskylens_sensor_core:u_huskylens_sensor_core|w~12                                                                                              ; 1                 ; 6       ;
;      - huskylens_sensor_core:u_huskylens_sensor_core|id~3                                                                                              ; 1                 ; 6       ;
;      - huskylens_sensor_core:u_huskylens_sensor_core|w~13                                                                                              ; 1                 ; 6       ;
;      - huskylens_sensor_core:u_huskylens_sensor_core|id~4                                                                                              ; 1                 ; 6       ;
;      - huskylens_sensor_core:u_huskylens_sensor_core|w~14                                                                                              ; 1                 ; 6       ;
;      - huskylens_sensor_core:u_huskylens_sensor_core|id~5                                                                                              ; 1                 ; 6       ;
;      - DMEM_MMIO:u_dmem_mmio|pc_rx_latch~6                                                                                                             ; 1                 ; 6       ;
;      - huskylens_sensor_core:u_huskylens_sensor_core|h~5                                                                                               ; 1                 ; 6       ;
;      - huskylens_sensor_core:u_huskylens_sensor_core|y~5                                                                                               ; 1                 ; 6       ;
;      - huskylens_sensor_core:u_huskylens_sensor_core|obj_count~6                                                                                       ; 1                 ; 6       ;
;      - huskylens_sensor_core:u_huskylens_sensor_core|h~6                                                                                               ; 1                 ; 6       ;
;      - huskylens_sensor_core:u_huskylens_sensor_core|x~0                                                                                               ; 1                 ; 6       ;
;      - huskylens_sensor_core:u_huskylens_sensor_core|h~7                                                                                               ; 1                 ; 6       ;
;      - huskylens_sensor_core:u_huskylens_sensor_core|x~1                                                                                               ; 1                 ; 6       ;
;      - DMEM_MMIO:u_dmem_mmio|pc_rx_latch~7                                                                                                             ; 1                 ; 6       ;
;      - huskylens_sensor_core:u_huskylens_sensor_core|h~8                                                                                               ; 1                 ; 6       ;
;      - huskylens_sensor_core:u_huskylens_sensor_core|y~6                                                                                               ; 1                 ; 6       ;
;      - huskylens_sensor_core:u_huskylens_sensor_core|obj_count~7                                                                                       ; 1                 ; 6       ;
;      - DMEM_MMIO:u_dmem_mmio|pc_rx_latch~8                                                                                                             ; 1                 ; 6       ;
;      - huskylens_sensor_core:u_huskylens_sensor_core|h~9                                                                                               ; 1                 ; 6       ;
;      - huskylens_sensor_core:u_huskylens_sensor_core|y~7                                                                                               ; 1                 ; 6       ;
;      - huskylens_sensor_core:u_huskylens_sensor_core|obj_count~8                                                                                       ; 1                 ; 6       ;
;      - huskylens_sensor_core:u_huskylens_sensor_core|w~15                                                                                              ; 1                 ; 6       ;
;      - huskylens_sensor_core:u_huskylens_sensor_core|id~6                                                                                              ; 1                 ; 6       ;
;      - huskylens_sensor_core:u_huskylens_sensor_core|w~16                                                                                              ; 1                 ; 6       ;
;      - huskylens_sensor_core:u_huskylens_sensor_core|id~7                                                                                              ; 1                 ; 6       ;
;      - huskylens_sensor_core:u_huskylens_sensor_core|h~10                                                                                              ; 1                 ; 6       ;
;      - huskylens_sensor_core:u_huskylens_sensor_core|x~2                                                                                               ; 1                 ; 6       ;
;      - huskylens_sensor_core:u_huskylens_sensor_core|h~11                                                                                              ; 1                 ; 6       ;
;      - huskylens_sensor_core:u_huskylens_sensor_core|x~3                                                                                               ; 1                 ; 6       ;
;      - huskylens_sensor_core:u_huskylens_sensor_core|h~12                                                                                              ; 1                 ; 6       ;
;      - huskylens_sensor_core:u_huskylens_sensor_core|x~4                                                                                               ; 1                 ; 6       ;
;      - huskylens_sensor_core:u_huskylens_sensor_core|h~13                                                                                              ; 1                 ; 6       ;
;      - huskylens_sensor_core:u_huskylens_sensor_core|x~5                                                                                               ; 1                 ; 6       ;
;      - huskylens_sensor_core:u_huskylens_sensor_core|h~14                                                                                              ; 1                 ; 6       ;
;      - huskylens_sensor_core:u_huskylens_sensor_core|x~6                                                                                               ; 1                 ; 6       ;
;      - huskylens_sensor_core:u_huskylens_sensor_core|h~15                                                                                              ; 1                 ; 6       ;
;      - huskylens_sensor_core:u_huskylens_sensor_core|x~7                                                                                               ; 1                 ; 6       ;
;      - huskylens_sensor_core:u_huskylens_sensor_core|UART_RX:uart_hl_rx|state~20                                                                       ; 1                 ; 6       ;
;      - huskylens_sensor_core:u_huskylens_sensor_core|UART_RX:uart_hl_rx|baud_cnt[8]~42                                                                 ; 1                 ; 6       ;
;      - huskylens_sensor_core:u_huskylens_sensor_core|UART_RX:uart_hl_rx|baud_cnt[8]~44                                                                 ; 1                 ; 6       ;
;      - ov7670_lcm_wall_core:u_ov7670_lcm_wall_core|frame_rd_data[6]                                                                                    ; 1                 ; 6       ;
;      - ov7670_lcm_wall_core:u_ov7670_lcm_wall_core|frame_rd_data[7]                                                                                    ; 1                 ; 6       ;
;      - ov7670_lcm_wall_core:u_ov7670_lcm_wall_core|frame_rd_data[4]                                                                                    ; 1                 ; 6       ;
;      - ov7670_lcm_wall_core:u_ov7670_lcm_wall_core|frame_rd_data[5]                                                                                    ; 1                 ; 6       ;
;      - ov7670_lcm_wall_core:u_ov7670_lcm_wall_core|frame_rd_data[2]                                                                                    ; 1                 ; 6       ;
;      - ov7670_lcm_wall_core:u_ov7670_lcm_wall_core|frame_rd_data[3]                                                                                    ; 1                 ; 6       ;
;      - ov7670_lcm_wall_core:u_ov7670_lcm_wall_core|frame_rd_data[0]                                                                                    ; 1                 ; 6       ;
;      - ov7670_lcm_wall_core:u_ov7670_lcm_wall_core|frame_rd_data[1]                                                                                    ; 1                 ; 6       ;
;      - ov7670_lcm_wall_core:u_ov7670_lcm_wall_core|I2S_LCM_Config:u4|mI2S_STR                                                                          ; 1                 ; 6       ;
;      - huskylens_sensor_core:u_huskylens_sensor_core|cycle_slot~0                                                                                      ; 1                 ; 6       ;
;      - huskylens_sensor_core:u_huskylens_sensor_core|cycle_slot~1                                                                                      ; 1                 ; 6       ;
;      - huskylens_sensor_core:u_huskylens_sensor_core|tx_state[2]~4                                                                                     ; 1                 ; 6       ;
;      - huskylens_sensor_core:u_huskylens_sensor_core|start_scan_d~0                                                                                    ; 1                 ; 6       ;
;      - huskylens_sensor_core:u_huskylens_sensor_core|data_valid~0                                                                                      ; 1                 ; 6       ;
;      - huskylens_sensor_core:u_huskylens_sensor_core|HL_PARSER:hl_parser|OBJ_COUNT~0                                                                   ; 1                 ; 6       ;
;      - huskylens_sensor_core:u_huskylens_sensor_core|HL_PARSER:hl_parser|OBJ_COUNT[6]~1                                                                ; 1                 ; 6       ;
;      - huskylens_sensor_core:u_huskylens_sensor_core|HL_PARSER:hl_parser|OBJ_Y[0]~0                                                                    ; 1                 ; 6       ;
;      - ov7670_lcm_wall_core:u_ov7670_lcm_wall_core|cam_x_sample_count[2]                                                                               ; 1                 ; 6       ;
;      - ov7670_lcm_wall_core:u_ov7670_lcm_wall_core|cam_x_sample_count[1]                                                                               ; 1                 ; 6       ;
;      - ov7670_lcm_wall_core:u_ov7670_lcm_wall_core|cam_y_sample_count[2]                                                                               ; 1                 ; 6       ;
;      - ov7670_lcm_wall_core:u_ov7670_lcm_wall_core|cam_y_sample_count[1]                                                                               ; 1                 ; 6       ;
;      - ov7670_lcm_wall_core:u_ov7670_lcm_wall_core|cam_y_sample_count[0]                                                                               ; 1                 ; 6       ;
;      - ov7670_lcm_wall_core:u_ov7670_lcm_wall_core|wall_off_cnt[0]                                                                                     ; 1                 ; 6       ;
;      - ov7670_lcm_wall_core:u_ov7670_lcm_wall_core|wall_on_cnt[0]                                                                                      ; 1                 ; 6       ;
;      - UART_RX:u_cpu_pc_rx|DATA~1                                                                                                                      ; 1                 ; 6       ;
;      - UART_RX:u_cpu_pc_rx|DATA[7]~2                                                                                                                   ; 1                 ; 6       ;
;      - UART_RX:u_cpu_pc_rx|DATA~3                                                                                                                      ; 1                 ; 6       ;
;      - huskylens_sensor_core:u_huskylens_sensor_core|no_result~0                                                                                       ; 1                 ; 6       ;
;      - huskylens_sensor_core:u_huskylens_sensor_core|HL_PARSER:hl_parser|OBJ_COUNT~2                                                                   ; 1                 ; 6       ;
;      - huskylens_sensor_core:u_huskylens_sensor_core|HL_PARSER:hl_parser|OBJ_COUNT~3                                                                   ; 1                 ; 6       ;
;      - UART_RX:u_cpu_pc_rx|DATA~4                                                                                                                      ; 1                 ; 6       ;
;      - huskylens_sensor_core:u_huskylens_sensor_core|HL_PARSER:hl_parser|OBJ_COUNT~4                                                                   ; 1                 ; 6       ;
;      - UART_RX:u_cpu_pc_rx|DATA~5                                                                                                                      ; 1                 ; 6       ;
;      - UART_RX:u_cpu_pc_rx|DATA~6                                                                                                                      ; 1                 ; 6       ;
;      - huskylens_sensor_core:u_huskylens_sensor_core|HL_PARSER:hl_parser|OBJ_COUNT~5                                                                   ; 1                 ; 6       ;
;      - UART_RX:u_cpu_pc_rx|DATA~7                                                                                                                      ; 1                 ; 6       ;
;      - huskylens_sensor_core:u_huskylens_sensor_core|HL_PARSER:hl_parser|OBJ_COUNT~6                                                                   ; 1                 ; 6       ;
;      - UART_RX:u_cpu_pc_rx|DATA~8                                                                                                                      ; 1                 ; 6       ;
;      - huskylens_sensor_core:u_huskylens_sensor_core|HL_PARSER:hl_parser|OBJ_COUNT~7                                                                   ; 1                 ; 6       ;
;      - UART_RX:u_cpu_pc_rx|DATA~9                                                                                                                      ; 1                 ; 6       ;
;      - huskylens_sensor_core:u_huskylens_sensor_core|HL_PARSER:hl_parser|OBJ_COUNT~8                                                                   ; 1                 ; 6       ;
;      - huskylens_sensor_core:u_huskylens_sensor_core|UART_RX:uart_hl_rx|bit_idx[2]~1                                                                   ; 1                 ; 6       ;
;      - huskylens_sensor_core:u_huskylens_sensor_core|UART_RX:uart_hl_rx|bit_idx[2]~2                                                                   ; 1                 ; 6       ;
;      - huskylens_sensor_core:u_huskylens_sensor_core|UART_RX:uart_hl_rx|bit_idx[0]~4                                                                   ; 1                 ; 6       ;
;      - huskylens_sensor_core:u_huskylens_sensor_core|UART_RX:uart_hl_rx|state~21                                                                       ; 1                 ; 6       ;
;      - huskylens_sensor_core:u_huskylens_sensor_core|UART_RX:uart_hl_rx|state~26                                                                       ; 1                 ; 6       ;
;      - ov7670_lcm_wall_core:u_ov7670_lcm_wall_core|frame_buf~0                                                                                         ; 1                 ; 6       ;
;      - ov7670_lcm_wall_core:u_ov7670_lcm_wall_core|I2S_LCM_Config:u4|mSetup_ST.0010                                                                    ; 1                 ; 6       ;
;      - ov7670_lcm_wall_core:u_ov7670_lcm_wall_core|I2S_LCM_Config:u4|mSetup_ST.0001                                                                    ; 1                 ; 6       ;
;      - ov7670_lcm_wall_core:u_ov7670_lcm_wall_core|I2S_LCM_Config:u4|LUT_INDEX[5]                                                                      ; 1                 ; 6       ;
;      - ov7670_lcm_wall_core:u_ov7670_lcm_wall_core|I2S_LCM_Config:u4|LUT_INDEX[4]                                                                      ; 1                 ; 6       ;
;      - ov7670_lcm_wall_core:u_ov7670_lcm_wall_core|I2S_LCM_Config:u4|LUT_INDEX[3]                                                                      ; 1                 ; 6       ;
;      - ov7670_lcm_wall_core:u_ov7670_lcm_wall_core|I2S_LCM_Config:u4|LUT_INDEX[2]                                                                      ; 1                 ; 6       ;
;      - ov7670_lcm_wall_core:u_ov7670_lcm_wall_core|I2S_LCM_Config:u4|LUT_INDEX[0]                                                                      ; 1                 ; 6       ;
;      - ov7670_lcm_wall_core:u_ov7670_lcm_wall_core|I2S_LCM_Config:u4|LUT_INDEX[1]                                                                      ; 1                 ; 6       ;
;      - ov7670_lcm_wall_core:u_ov7670_lcm_wall_core|I2S_LCM_Config:u4|mSetup_ST.0000                                                                    ; 1                 ; 6       ;
;      - ov7670_lcm_wall_core:u_ov7670_lcm_wall_core|I2S_LCM_Config:u4|mI2S_DATA[0]~0                                                                    ; 1                 ; 6       ;
;      - huskylens_sensor_core:u_huskylens_sensor_core|UART_TX:uart_hl_tx|state~17                                                                       ; 1                 ; 6       ;
;      - huskylens_sensor_core:u_huskylens_sensor_core|UART_TX:uart_hl_tx|tx_shift~0                                                                     ; 1                 ; 6       ;
;      - huskylens_sensor_core:u_huskylens_sensor_core|UART_TX:uart_hl_tx|tx_shift[7]~1                                                                  ; 1                 ; 6       ;
;      - huskylens_sensor_core:u_huskylens_sensor_core|UART_TX:uart_hl_tx|bit_idx[1]~1                                                                   ; 1                 ; 6       ;
;      - huskylens_sensor_core:u_huskylens_sensor_core|UART_TX:uart_hl_tx|bit_idx[0]~2                                                                   ; 1                 ; 6       ;
;      - huskylens_sensor_core:u_huskylens_sensor_core|UART_TX:uart_hl_tx|tx_shift~2                                                                     ; 1                 ; 6       ;
;      - huskylens_sensor_core:u_huskylens_sensor_core|UART_TX:uart_hl_tx|bit_idx[1]~3                                                                   ; 1                 ; 6       ;
;      - huskylens_sensor_core:u_huskylens_sensor_core|UART_TX:uart_hl_tx|tx_shift~3                                                                     ; 1                 ; 6       ;
;      - huskylens_sensor_core:u_huskylens_sensor_core|UART_TX:uart_hl_tx|tx_shift~4                                                                     ; 1                 ; 6       ;
;      - huskylens_sensor_core:u_huskylens_sensor_core|UART_TX:uart_hl_tx|tx_shift~5                                                                     ; 1                 ; 6       ;
;      - huskylens_sensor_core:u_huskylens_sensor_core|UART_TX:uart_hl_tx|tx_shift~6                                                                     ; 1                 ; 6       ;
;      - huskylens_sensor_core:u_huskylens_sensor_core|UART_TX:uart_hl_tx|tx_shift~7                                                                     ; 1                 ; 6       ;
;      - huskylens_sensor_core:u_huskylens_sensor_core|UART_TX:uart_hl_tx|tx_shift~8                                                                     ; 1                 ; 6       ;
;      - huskylens_sensor_core:u_huskylens_sensor_core|UART_TX:uart_hl_tx|state~20                                                                       ; 1                 ; 6       ;
;      - huskylens_sensor_core:u_huskylens_sensor_core|UART_TX:uart_hl_tx|state~22                                                                       ; 1                 ; 6       ;
;      - huskylens_sensor_core:u_huskylens_sensor_core|byte_index[2]~3                                                                                   ; 1                 ; 6       ;
;      - huskylens_sensor_core:u_huskylens_sensor_core|byte_index~4                                                                                      ; 1                 ; 6       ;
;      - huskylens_sensor_core:u_huskylens_sensor_core|packet_kind~0                                                                                     ; 1                 ; 6       ;
;      - huskylens_sensor_core:u_huskylens_sensor_core|byte_index~6                                                                                      ; 1                 ; 6       ;
;      - huskylens_sensor_core:u_huskylens_sensor_core|HL_PARSER:hl_parser|Decoder0~0                                                                    ; 1                 ; 6       ;
;      - huskylens_sensor_core:u_huskylens_sensor_core|UART_RX:uart_hl_rx|DATA~0                                                                         ; 1                 ; 6       ;
;      - huskylens_sensor_core:u_huskylens_sensor_core|UART_RX:uart_hl_rx|DATA[3]~1                                                                      ; 1                 ; 6       ;
;      - huskylens_sensor_core:u_huskylens_sensor_core|UART_RX:uart_hl_rx|DATA~2                                                                         ; 1                 ; 6       ;
;      - huskylens_sensor_core:u_huskylens_sensor_core|HL_PARSER:hl_parser|Add0~8                                                                        ; 1                 ; 6       ;
;      - huskylens_sensor_core:u_huskylens_sensor_core|HL_PARSER:hl_parser|chksum_calc[3]~3                                                              ; 1                 ; 6       ;
;      - huskylens_sensor_core:u_huskylens_sensor_core|byte_seen_reg~1                                                                                   ; 1                 ; 6       ;
;      - huskylens_sensor_core:u_huskylens_sensor_core|UART_RX:uart_hl_rx|DATA~3                                                                         ; 1                 ; 6       ;
;      - huskylens_sensor_core:u_huskylens_sensor_core|UART_RX:uart_hl_rx|DATA~4                                                                         ; 1                 ; 6       ;
;      - huskylens_sensor_core:u_huskylens_sensor_core|UART_RX:uart_hl_rx|DATA~5                                                                         ; 1                 ; 6       ;
;      - huskylens_sensor_core:u_huskylens_sensor_core|UART_RX:uart_hl_rx|DATA~6                                                                         ; 1                 ; 6       ;
;      - huskylens_sensor_core:u_huskylens_sensor_core|UART_RX:uart_hl_rx|DATA~7                                                                         ; 1                 ; 6       ;
;      - huskylens_sensor_core:u_huskylens_sensor_core|UART_RX:uart_hl_rx|DATA~8                                                                         ; 1                 ; 6       ;
;      - huskylens_sensor_core:u_huskylens_sensor_core|HL_PARSER:hl_parser|cmd_reg[1]~0                                                                  ; 1                 ; 6       ;
;      - huskylens_sensor_core:u_huskylens_sensor_core|HL_PARSER:hl_parser|state~22                                                                      ; 1                 ; 6       ;
;      - ov7670_lcm_wall_core:u_ov7670_lcm_wall_core|cam_href_d                                                                                          ; 1                 ; 6       ;
;      - UART_RX:u_cpu_pc_rx|state~20                                                                                                                    ; 1                 ; 6       ;
;      - UART_RX:u_cpu_pc_rx|baud_cnt[12]~42                                                                                                             ; 1                 ; 6       ;
;      - UART_RX:u_cpu_pc_rx|baud_cnt[12]~44                                                                                                             ; 1                 ; 6       ;
;      - ov7670_lcm_wall_core:u_ov7670_lcm_wall_core|comb~4                                                                                              ; 1                 ; 6       ;
;      - huskylens_sensor_core:u_huskylens_sensor_core|UART_TX:uart_hl_tx|state~23                                                                       ; 1                 ; 6       ;
;      - huskylens_sensor_core:u_huskylens_sensor_core|UART_TX:uart_hl_tx|baud_cnt[7]~24                                                                 ; 1                 ; 6       ;
;      - huskylens_sensor_core:u_huskylens_sensor_core|UART_TX:uart_hl_tx|baud_cnt[7]~25                                                                 ; 1                 ; 6       ;
;      - huskylens_sensor_core:u_huskylens_sensor_core|hl_tx_send~0                                                                                      ; 1                 ; 6       ;
;      - huskylens_sensor_core:u_huskylens_sensor_core|hl_tx_data~1                                                                                      ; 1                 ; 6       ;
;      - huskylens_sensor_core:u_huskylens_sensor_core|hl_tx_data[7]~5                                                                                   ; 1                 ; 6       ;
;      - huskylens_sensor_core:u_huskylens_sensor_core|HL_PARSER:hl_parser|state~24                                                                      ; 1                 ; 6       ;
;      - huskylens_sensor_core:u_huskylens_sensor_core|HL_PARSER:hl_parser|len_reg[0]~0                                                                  ; 1                 ; 6       ;
;      - UART_RX:u_cpu_pc_rx|bit_idx[1]~1                                                                                                                ; 1                 ; 6       ;
;      - UART_RX:u_cpu_pc_rx|bit_idx[2]~2                                                                                                                ; 1                 ; 6       ;
;      - UART_RX:u_cpu_pc_rx|bit_idx[0]~4                                                                                                                ; 1                 ; 6       ;
;      - UART_RX:u_cpu_pc_rx|state~21                                                                                                                    ; 1                 ; 6       ;
;      - UART_RX:u_cpu_pc_rx|state~26                                                                                                                    ; 1                 ; 6       ;
;      - huskylens_sensor_core:u_huskylens_sensor_core|byte_index[0]~8                                                                                   ; 1                 ; 6       ;
;      - LEDG[5]                                                                                                                                         ; 1                 ; 6       ;
; CLOCK_50                                                                                                                                               ;                   ;         ;
; SW[0]                                                                                                                                                  ;                   ;         ;
; KEY[1]                                                                                                                                                 ;                   ;         ;
;      - DMEM_MMIO:u_dmem_mmio|Selector30~0                                                                                                              ; 0                 ; 6       ;
;      - huskylens_sensor_core:u_huskylens_sensor_core|always0~0                                                                                         ; 0                 ; 6       ;
;      - huskylens_sensor_core:u_huskylens_sensor_core|always0~2                                                                                         ; 0                 ; 6       ;
;      - huskylens_sensor_core:u_huskylens_sensor_core|start_scan_d~0                                                                                    ; 0                 ; 6       ;
;      - huskylens_sensor_core:u_huskylens_sensor_core|tx_state~5                                                                                        ; 0                 ; 6       ;
; SW[1]                                                                                                                                                  ;                   ;         ;
; SW[2]                                                                                                                                                  ;                   ;         ;
; KEY[2]                                                                                                                                                 ;                   ;         ;
;      - RV32I:u_rv32i|DATAPATH:DP|result[2]~7                                                                                                           ; 1                 ; 6       ;
; SW[3]                                                                                                                                                  ;                   ;         ;
; KEY[3]                                                                                                                                                 ;                   ;         ;
;      - RV32I:u_rv32i|DATAPATH:DP|result[3]~19                                                                                                          ; 0                 ; 6       ;
; SW[4]                                                                                                                                                  ;                   ;         ;
; SW[5]                                                                                                                                                  ;                   ;         ;
; SW[9]                                                                                                                                                  ;                   ;         ;
; SW[8]                                                                                                                                                  ;                   ;         ;
; SW[7]                                                                                                                                                  ;                   ;         ;
; SW[6]                                                                                                                                                  ;                   ;         ;
; SW[16]                                                                                                                                                 ;                   ;         ;
;      - RV32I:u_rv32i|DATAPATH:DP|result[16]~135                                                                                                        ; 1                 ; 6       ;
; SW[15]                                                                                                                                                 ;                   ;         ;
;      - RV32I:u_rv32i|DATAPATH:DP|result[15]~141                                                                                                        ; 1                 ; 6       ;
; SW[14]                                                                                                                                                 ;                   ;         ;
;      - RV32I:u_rv32i|DATAPATH:DP|result[14]~147                                                                                                        ; 1                 ; 6       ;
; SW[13]                                                                                                                                                 ;                   ;         ;
;      - RV32I:u_rv32i|DATAPATH:DP|result[13]~153                                                                                                        ; 0                 ; 6       ;
; SW[12]                                                                                                                                                 ;                   ;         ;
; SW[11]                                                                                                                                                 ;                   ;         ;
; SW[10]                                                                                                                                                 ;                   ;         ;
; UART_RXD                                                                                                                                               ;                   ;         ;
;      - UART_RX:u_cpu_pc_rx|rx_sync1~feeder                                                                                                             ; 1                 ; 6       ;
+--------------------------------------------------------------------------------------------------------------------------------------------------------+-------------------+---------+


+------------------------------------------------------------------------------------------------------------------------------------------------------------------------------------------------------------------------------------------------------------------------------------------------------------------------------+
; Control Signals                                                                                                                                                                                                                                                                                                              ;
+------------------------------------------------------------------------------------------------------------------------------------------------------------------------+--------------------+---------+---------------------------------------+--------+----------------------+------------------+---------------------------+
; Name                                                                                                                                                                   ; Location           ; Fan-Out ; Usage                                 ; Global ; Global Resource Used ; Global Line Name ; Enable Signal Source Name ;
+------------------------------------------------------------------------------------------------------------------------------------------------------------------------+--------------------+---------+---------------------------------------+--------+----------------------+------------------+---------------------------+
; CLOCK_50                                                                                                                                                               ; PIN_N2             ; 9884    ; Clock                                 ; yes    ; Global Clock         ; GCLK2            ; --                        ;
; CLOCK_50                                                                                                                                                               ; PIN_N2             ; 3       ; Clock                                 ; no     ; --                   ; --               ; --                        ;
; DMEM_MMIO:u_dmem_mmio|HEX_OUT[1]~3                                                                                                                                     ; LCCOMB_X56_Y13_N6  ; 32      ; Clock enable                          ; no     ; --                   ; --               ; --                        ;
; DMEM_MMIO:u_dmem_mmio|LED_OUT[14]~1                                                                                                                                    ; LCCOMB_X56_Y13_N4  ; 18      ; Clock enable                          ; no     ; --                   ; --               ; --                        ;
; DMEM_MMIO:u_dmem_mmio|PC_TX_DATA[1]~0                                                                                                                                  ; LCCOMB_X56_Y17_N30 ; 8       ; Clock enable                          ; no     ; --                   ; --               ; --                        ;
; DMEM_MMIO:u_dmem_mmio|RAM~13635                                                                                                                                        ; LCCOMB_X41_Y16_N4  ; 32      ; Clock enable                          ; no     ; --                   ; --               ; --                        ;
; DMEM_MMIO:u_dmem_mmio|RAM~13638                                                                                                                                        ; LCCOMB_X43_Y15_N0  ; 32      ; Clock enable                          ; no     ; --                   ; --               ; --                        ;
; DMEM_MMIO:u_dmem_mmio|RAM~13639                                                                                                                                        ; LCCOMB_X42_Y15_N14 ; 32      ; Clock enable                          ; no     ; --                   ; --               ; --                        ;
; DMEM_MMIO:u_dmem_mmio|RAM~13640                                                                                                                                        ; LCCOMB_X34_Y8_N18  ; 32      ; Clock enable                          ; no     ; --                   ; --               ; --                        ;
; DMEM_MMIO:u_dmem_mmio|RAM~13642                                                                                                                                        ; LCCOMB_X40_Y13_N22 ; 32      ; Clock enable                          ; no     ; --                   ; --               ; --                        ;
; DMEM_MMIO:u_dmem_mmio|RAM~13644                                                                                                                                        ; LCCOMB_X42_Y15_N16 ; 32      ; Clock enable                          ; no     ; --                   ; --               ; --                        ;
; DMEM_MMIO:u_dmem_mmio|RAM~13645                                                                                                                                        ; LCCOMB_X23_Y16_N22 ; 32      ; Clock enable                          ; no     ; --                   ; --               ; --                        ;
; DMEM_MMIO:u_dmem_mmio|RAM~13646                                                                                                                                        ; LCCOMB_X38_Y16_N20 ; 32      ; Clock enable                          ; no     ; --                   ; --               ; --                        ;
; DMEM_MMIO:u_dmem_mmio|RAM~13648                                                                                                                                        ; LCCOMB_X41_Y16_N22 ; 32      ; Clock enable                          ; no     ; --                   ; --               ; --                        ;
; DMEM_MMIO:u_dmem_mmio|RAM~13650                                                                                                                                        ; LCCOMB_X43_Y15_N26 ; 32      ; Clock enable                          ; no     ; --                   ; --               ; --                        ;
; DMEM_MMIO:u_dmem_mmio|RAM~13651                                                                                                                                        ; LCCOMB_X42_Y15_N10 ; 32      ; Clock enable                          ; no     ; --                   ; --               ; --                        ;
; DMEM_MMIO:u_dmem_mmio|RAM~13652                                                                                                                                        ; LCCOMB_X41_Y16_N16 ; 32      ; Clock enable                          ; no     ; --                   ; --               ; --                        ;
; DMEM_MMIO:u_dmem_mmio|RAM~13654                                                                                                                                        ; LCCOMB_X36_Y17_N18 ; 32      ; Clock enable                          ; no     ; --                   ; --               ; --                        ;
; DMEM_MMIO:u_dmem_mmio|RAM~13656                                                                                                                                        ; LCCOMB_X40_Y12_N6  ; 32      ; Clock enable                          ; no     ; --                   ; --               ; --                        ;
; DMEM_MMIO:u_dmem_mmio|RAM~13657                                                                                                                                        ; LCCOMB_X38_Y16_N30 ; 32      ; Clock enable                          ; no     ; --                   ; --               ; --                        ;
; DMEM_MMIO:u_dmem_mmio|RAM~13658                                                                                                                                        ; LCCOMB_X38_Y16_N28 ; 32      ; Clock enable                          ; no     ; --                   ; --               ; --                        ;
; DMEM_MMIO:u_dmem_mmio|RAM~13661                                                                                                                                        ; LCCOMB_X28_Y16_N6  ; 32      ; Clock enable                          ; no     ; --                   ; --               ; --                        ;
; DMEM_MMIO:u_dmem_mmio|RAM~13664                                                                                                                                        ; LCCOMB_X42_Y11_N20 ; 32      ; Clock enable                          ; no     ; --                   ; --               ; --                        ;
; DMEM_MMIO:u_dmem_mmio|RAM~13665                                                                                                                                        ; LCCOMB_X42_Y11_N26 ; 32      ; Clock enable                          ; no     ; --                   ; --               ; --                        ;
; DMEM_MMIO:u_dmem_mmio|RAM~13666                                                                                                                                        ; LCCOMB_X36_Y12_N6  ; 32      ; Clock enable                          ; no     ; --                   ; --               ; --                        ;
; DMEM_MMIO:u_dmem_mmio|RAM~13668                                                                                                                                        ; LCCOMB_X43_Y10_N6  ; 32      ; Clock enable                          ; no     ; --                   ; --               ; --                        ;
; DMEM_MMIO:u_dmem_mmio|RAM~13670                                                                                                                                        ; LCCOMB_X40_Y13_N14 ; 32      ; Clock enable                          ; no     ; --                   ; --               ; --                        ;
; DMEM_MMIO:u_dmem_mmio|RAM~13671                                                                                                                                        ; LCCOMB_X43_Y11_N10 ; 32      ; Clock enable                          ; no     ; --                   ; --               ; --                        ;
; DMEM_MMIO:u_dmem_mmio|RAM~13672                                                                                                                                        ; LCCOMB_X37_Y10_N20 ; 32      ; Clock enable                          ; no     ; --                   ; --               ; --                        ;
; DMEM_MMIO:u_dmem_mmio|RAM~13674                                                                                                                                        ; LCCOMB_X40_Y13_N28 ; 32      ; Clock enable                          ; no     ; --                   ; --               ; --                        ;
; DMEM_MMIO:u_dmem_mmio|RAM~13676                                                                                                                                        ; LCCOMB_X43_Y11_N0  ; 32      ; Clock enable                          ; no     ; --                   ; --               ; --                        ;
; DMEM_MMIO:u_dmem_mmio|RAM~13677                                                                                                                                        ; LCCOMB_X42_Y11_N8  ; 32      ; Clock enable                          ; no     ; --                   ; --               ; --                        ;
; DMEM_MMIO:u_dmem_mmio|RAM~13678                                                                                                                                        ; LCCOMB_X40_Y13_N2  ; 32      ; Clock enable                          ; no     ; --                   ; --               ; --                        ;
; DMEM_MMIO:u_dmem_mmio|RAM~13680                                                                                                                                        ; LCCOMB_X40_Y13_N16 ; 32      ; Clock enable                          ; no     ; --                   ; --               ; --                        ;
; DMEM_MMIO:u_dmem_mmio|RAM~13682                                                                                                                                        ; LCCOMB_X24_Y13_N18 ; 32      ; Clock enable                          ; no     ; --                   ; --               ; --                        ;
; DMEM_MMIO:u_dmem_mmio|RAM~13683                                                                                                                                        ; LCCOMB_X42_Y11_N18 ; 32      ; Clock enable                          ; no     ; --                   ; --               ; --                        ;
; DMEM_MMIO:u_dmem_mmio|RAM~13684                                                                                                                                        ; LCCOMB_X31_Y7_N16  ; 32      ; Clock enable                          ; no     ; --                   ; --               ; --                        ;
; DMEM_MMIO:u_dmem_mmio|RAM~13685                                                                                                                                        ; LCCOMB_X40_Y13_N6  ; 32      ; Clock enable                          ; no     ; --                   ; --               ; --                        ;
; DMEM_MMIO:u_dmem_mmio|RAM~13686                                                                                                                                        ; LCCOMB_X42_Y11_N0  ; 32      ; Clock enable                          ; no     ; --                   ; --               ; --                        ;
; DMEM_MMIO:u_dmem_mmio|RAM~13687                                                                                                                                        ; LCCOMB_X42_Y11_N2  ; 32      ; Clock enable                          ; no     ; --                   ; --               ; --                        ;
; DMEM_MMIO:u_dmem_mmio|RAM~13688                                                                                                                                        ; LCCOMB_X40_Y11_N22 ; 32      ; Clock enable                          ; no     ; --                   ; --               ; --                        ;
; DMEM_MMIO:u_dmem_mmio|RAM~13689                                                                                                                                        ; LCCOMB_X41_Y13_N10 ; 32      ; Clock enable                          ; no     ; --                   ; --               ; --                        ;
; DMEM_MMIO:u_dmem_mmio|RAM~13690                                                                                                                                        ; LCCOMB_X42_Y11_N16 ; 32      ; Clock enable                          ; no     ; --                   ; --               ; --                        ;
; DMEM_MMIO:u_dmem_mmio|RAM~13691                                                                                                                                        ; LCCOMB_X43_Y11_N18 ; 32      ; Clock enable                          ; no     ; --                   ; --               ; --                        ;
; DMEM_MMIO:u_dmem_mmio|RAM~13692                                                                                                                                        ; LCCOMB_X41_Y13_N24 ; 32      ; Clock enable                          ; no     ; --                   ; --               ; --                        ;
; DMEM_MMIO:u_dmem_mmio|RAM~13693                                                                                                                                        ; LCCOMB_X41_Y13_N30 ; 32      ; Clock enable                          ; no     ; --                   ; --               ; --                        ;
; DMEM_MMIO:u_dmem_mmio|RAM~13694                                                                                                                                        ; LCCOMB_X43_Y10_N4  ; 32      ; Clock enable                          ; no     ; --                   ; --               ; --                        ;
; DMEM_MMIO:u_dmem_mmio|RAM~13695                                                                                                                                        ; LCCOMB_X43_Y16_N10 ; 32      ; Clock enable                          ; no     ; --                   ; --               ; --                        ;
; DMEM_MMIO:u_dmem_mmio|RAM~13696                                                                                                                                        ; LCCOMB_X40_Y8_N30  ; 32      ; Clock enable                          ; no     ; --                   ; --               ; --                        ;
; DMEM_MMIO:u_dmem_mmio|RAM~13697                                                                                                                                        ; LCCOMB_X38_Y16_N14 ; 32      ; Clock enable                          ; no     ; --                   ; --               ; --                        ;
; DMEM_MMIO:u_dmem_mmio|RAM~13698                                                                                                                                        ; LCCOMB_X37_Y10_N2  ; 32      ; Clock enable                          ; no     ; --                   ; --               ; --                        ;
; DMEM_MMIO:u_dmem_mmio|RAM~13699                                                                                                                                        ; LCCOMB_X38_Y16_N4  ; 32      ; Clock enable                          ; no     ; --                   ; --               ; --                        ;
; DMEM_MMIO:u_dmem_mmio|RAM~13700                                                                                                                                        ; LCCOMB_X40_Y9_N4   ; 32      ; Clock enable                          ; no     ; --                   ; --               ; --                        ;
; DMEM_MMIO:u_dmem_mmio|RAM~13701                                                                                                                                        ; LCCOMB_X20_Y8_N22  ; 32      ; Clock enable                          ; no     ; --                   ; --               ; --                        ;
; DMEM_MMIO:u_dmem_mmio|RAM~13702                                                                                                                                        ; LCCOMB_X24_Y13_N12 ; 32      ; Clock enable                          ; no     ; --                   ; --               ; --                        ;
; DMEM_MMIO:u_dmem_mmio|RAM~13703                                                                                                                                        ; LCCOMB_X41_Y16_N8  ; 32      ; Clock enable                          ; no     ; --                   ; --               ; --                        ;
; DMEM_MMIO:u_dmem_mmio|RAM~13704                                                                                                                                        ; LCCOMB_X19_Y16_N6  ; 32      ; Clock enable                          ; no     ; --                   ; --               ; --                        ;
; DMEM_MMIO:u_dmem_mmio|RAM~13705                                                                                                                                        ; LCCOMB_X41_Y15_N28 ; 32      ; Clock enable                          ; no     ; --                   ; --               ; --                        ;
; DMEM_MMIO:u_dmem_mmio|RAM~13706                                                                                                                                        ; LCCOMB_X38_Y16_N26 ; 32      ; Clock enable                          ; no     ; --                   ; --               ; --                        ;
; DMEM_MMIO:u_dmem_mmio|RAM~13707                                                                                                                                        ; LCCOMB_X43_Y10_N18 ; 32      ; Clock enable                          ; no     ; --                   ; --               ; --                        ;
; DMEM_MMIO:u_dmem_mmio|RAM~13708                                                                                                                                        ; LCCOMB_X19_Y14_N18 ; 32      ; Clock enable                          ; no     ; --                   ; --               ; --                        ;
; DMEM_MMIO:u_dmem_mmio|RAM~13709                                                                                                                                        ; LCCOMB_X42_Y15_N12 ; 32      ; Clock enable                          ; no     ; --                   ; --               ; --                        ;
; DMEM_MMIO:u_dmem_mmio|RAM~13710                                                                                                                                        ; LCCOMB_X23_Y16_N18 ; 32      ; Clock enable                          ; no     ; --                   ; --               ; --                        ;
; DMEM_MMIO:u_dmem_mmio|RAM~13711                                                                                                                                        ; LCCOMB_X42_Y14_N2  ; 32      ; Clock enable                          ; no     ; --                   ; --               ; --                        ;
; DMEM_MMIO:u_dmem_mmio|RAM~13712                                                                                                                                        ; LCCOMB_X19_Y16_N12 ; 32      ; Clock enable                          ; no     ; --                   ; --               ; --                        ;
; DMEM_MMIO:u_dmem_mmio|RAM~13713                                                                                                                                        ; LCCOMB_X23_Y9_N22  ; 32      ; Clock enable                          ; no     ; --                   ; --               ; --                        ;
; DMEM_MMIO:u_dmem_mmio|RAM~13714                                                                                                                                        ; LCCOMB_X34_Y16_N0  ; 32      ; Clock enable                          ; no     ; --                   ; --               ; --                        ;
; DMEM_MMIO:u_dmem_mmio|RAM~13715                                                                                                                                        ; LCCOMB_X34_Y16_N18 ; 32      ; Clock enable                          ; no     ; --                   ; --               ; --                        ;
; DMEM_MMIO:u_dmem_mmio|RAM~13716                                                                                                                                        ; LCCOMB_X34_Y16_N8  ; 32      ; Clock enable                          ; no     ; --                   ; --               ; --                        ;
; DMEM_MMIO:u_dmem_mmio|RAM~13718                                                                                                                                        ; LCCOMB_X34_Y15_N10 ; 32      ; Clock enable                          ; no     ; --                   ; --               ; --                        ;
; DMEM_MMIO:u_dmem_mmio|RAM~13720                                                                                                                                        ; LCCOMB_X28_Y16_N4  ; 32      ; Clock enable                          ; no     ; --                   ; --               ; --                        ;
; DMEM_MMIO:u_dmem_mmio|RAM~13721                                                                                                                                        ; LCCOMB_X35_Y19_N14 ; 32      ; Clock enable                          ; no     ; --                   ; --               ; --                        ;
; DMEM_MMIO:u_dmem_mmio|RAM~13722                                                                                                                                        ; LCCOMB_X30_Y20_N16 ; 32      ; Clock enable                          ; no     ; --                   ; --               ; --                        ;
; DMEM_MMIO:u_dmem_mmio|RAM~13724                                                                                                                                        ; LCCOMB_X23_Y18_N22 ; 32      ; Clock enable                          ; no     ; --                   ; --               ; --                        ;
; DMEM_MMIO:u_dmem_mmio|RAM~13726                                                                                                                                        ; LCCOMB_X35_Y20_N10 ; 32      ; Clock enable                          ; no     ; --                   ; --               ; --                        ;
; DMEM_MMIO:u_dmem_mmio|RAM~13727                                                                                                                                        ; LCCOMB_X35_Y24_N12 ; 32      ; Clock enable                          ; no     ; --                   ; --               ; --                        ;
; DMEM_MMIO:u_dmem_mmio|RAM~13728                                                                                                                                        ; LCCOMB_X24_Y18_N4  ; 32      ; Clock enable                          ; no     ; --                   ; --               ; --                        ;
; DMEM_MMIO:u_dmem_mmio|RAM~13729                                                                                                                                        ; LCCOMB_X42_Y15_N26 ; 32      ; Clock enable                          ; no     ; --                   ; --               ; --                        ;
; DMEM_MMIO:u_dmem_mmio|RAM~13730                                                                                                                                        ; LCCOMB_X24_Y19_N0  ; 32      ; Clock enable                          ; no     ; --                   ; --               ; --                        ;
; DMEM_MMIO:u_dmem_mmio|RAM~13731                                                                                                                                        ; LCCOMB_X37_Y19_N4  ; 32      ; Clock enable                          ; no     ; --                   ; --               ; --                        ;
; DMEM_MMIO:u_dmem_mmio|RAM~13732                                                                                                                                        ; LCCOMB_X22_Y19_N16 ; 32      ; Clock enable                          ; no     ; --                   ; --               ; --                        ;
; DMEM_MMIO:u_dmem_mmio|RAM~13733                                                                                                                                        ; LCCOMB_X23_Y18_N4  ; 32      ; Clock enable                          ; no     ; --                   ; --               ; --                        ;
; DMEM_MMIO:u_dmem_mmio|RAM~13734                                                                                                                                        ; LCCOMB_X34_Y24_N10 ; 32      ; Clock enable                          ; no     ; --                   ; --               ; --                        ;
; DMEM_MMIO:u_dmem_mmio|RAM~13735                                                                                                                                        ; LCCOMB_X40_Y24_N30 ; 32      ; Clock enable                          ; no     ; --                   ; --               ; --                        ;
; DMEM_MMIO:u_dmem_mmio|RAM~13736                                                                                                                                        ; LCCOMB_X24_Y18_N22 ; 32      ; Clock enable                          ; no     ; --                   ; --               ; --                        ;
; DMEM_MMIO:u_dmem_mmio|RAM~13737                                                                                                                                        ; LCCOMB_X24_Y18_N12 ; 32      ; Clock enable                          ; no     ; --                   ; --               ; --                        ;
; DMEM_MMIO:u_dmem_mmio|RAM~13738                                                                                                                                        ; LCCOMB_X24_Y18_N26 ; 32      ; Clock enable                          ; no     ; --                   ; --               ; --                        ;
; DMEM_MMIO:u_dmem_mmio|RAM~13739                                                                                                                                        ; LCCOMB_X30_Y20_N26 ; 32      ; Clock enable                          ; no     ; --                   ; --               ; --                        ;
; DMEM_MMIO:u_dmem_mmio|RAM~13740                                                                                                                                        ; LCCOMB_X23_Y18_N6  ; 32      ; Clock enable                          ; no     ; --                   ; --               ; --                        ;
; DMEM_MMIO:u_dmem_mmio|RAM~13741                                                                                                                                        ; LCCOMB_X35_Y24_N18 ; 32      ; Clock enable                          ; no     ; --                   ; --               ; --                        ;
; DMEM_MMIO:u_dmem_mmio|RAM~13742                                                                                                                                        ; LCCOMB_X35_Y19_N8  ; 32      ; Clock enable                          ; no     ; --                   ; --               ; --                        ;
; DMEM_MMIO:u_dmem_mmio|RAM~13743                                                                                                                                        ; LCCOMB_X36_Y27_N30 ; 32      ; Clock enable                          ; no     ; --                   ; --               ; --                        ;
; DMEM_MMIO:u_dmem_mmio|RAM~13744                                                                                                                                        ; LCCOMB_X35_Y24_N28 ; 32      ; Clock enable                          ; no     ; --                   ; --               ; --                        ;
; DMEM_MMIO:u_dmem_mmio|RAM~13745                                                                                                                                        ; LCCOMB_X37_Y19_N6  ; 32      ; Clock enable                          ; no     ; --                   ; --               ; --                        ;
; DMEM_MMIO:u_dmem_mmio|RAM~13746                                                                                                                                        ; LCCOMB_X35_Y24_N14 ; 32      ; Clock enable                          ; no     ; --                   ; --               ; --                        ;
; DMEM_MMIO:u_dmem_mmio|RAM~13747                                                                                                                                        ; LCCOMB_X37_Y19_N24 ; 32      ; Clock enable                          ; no     ; --                   ; --               ; --                        ;
; DMEM_MMIO:u_dmem_mmio|RAM~13748                                                                                                                                        ; LCCOMB_X40_Y20_N10 ; 32      ; Clock enable                          ; no     ; --                   ; --               ; --                        ;
; DMEM_MMIO:u_dmem_mmio|RAM~13749                                                                                                                                        ; LCCOMB_X24_Y18_N8  ; 32      ; Clock enable                          ; no     ; --                   ; --               ; --                        ;
; DMEM_MMIO:u_dmem_mmio|RAM~13750                                                                                                                                        ; LCCOMB_X32_Y16_N18 ; 32      ; Clock enable                          ; no     ; --                   ; --               ; --                        ;
; DMEM_MMIO:u_dmem_mmio|RAM~13751                                                                                                                                        ; LCCOMB_X30_Y20_N0  ; 32      ; Clock enable                          ; no     ; --                   ; --               ; --                        ;
; DMEM_MMIO:u_dmem_mmio|RAM~13752                                                                                                                                        ; LCCOMB_X24_Y18_N10 ; 32      ; Clock enable                          ; no     ; --                   ; --               ; --                        ;
; DMEM_MMIO:u_dmem_mmio|RAM~13753                                                                                                                                        ; LCCOMB_X34_Y29_N0  ; 32      ; Clock enable                          ; no     ; --                   ; --               ; --                        ;
; DMEM_MMIO:u_dmem_mmio|RAM~13754                                                                                                                                        ; LCCOMB_X36_Y19_N12 ; 32      ; Clock enable                          ; no     ; --                   ; --               ; --                        ;
; DMEM_MMIO:u_dmem_mmio|RAM~13755                                                                                                                                        ; LCCOMB_X37_Y19_N26 ; 32      ; Clock enable                          ; no     ; --                   ; --               ; --                        ;
; DMEM_MMIO:u_dmem_mmio|RAM~13756                                                                                                                                        ; LCCOMB_X36_Y27_N20 ; 32      ; Clock enable                          ; no     ; --                   ; --               ; --                        ;
; DMEM_MMIO:u_dmem_mmio|RAM~13757                                                                                                                                        ; LCCOMB_X30_Y23_N26 ; 32      ; Clock enable                          ; no     ; --                   ; --               ; --                        ;
; DMEM_MMIO:u_dmem_mmio|RAM~13758                                                                                                                                        ; LCCOMB_X24_Y18_N28 ; 32      ; Clock enable                          ; no     ; --                   ; --               ; --                        ;
; DMEM_MMIO:u_dmem_mmio|RAM~13759                                                                                                                                        ; LCCOMB_X34_Y16_N22 ; 32      ; Clock enable                          ; no     ; --                   ; --               ; --                        ;
; DMEM_MMIO:u_dmem_mmio|RAM~13760                                                                                                                                        ; LCCOMB_X21_Y20_N8  ; 32      ; Clock enable                          ; no     ; --                   ; --               ; --                        ;
; DMEM_MMIO:u_dmem_mmio|RAM~13761                                                                                                                                        ; LCCOMB_X37_Y19_N20 ; 32      ; Clock enable                          ; no     ; --                   ; --               ; --                        ;
; DMEM_MMIO:u_dmem_mmio|RAM~13762                                                                                                                                        ; LCCOMB_X36_Y27_N6  ; 32      ; Clock enable                          ; no     ; --                   ; --               ; --                        ;
; DMEM_MMIO:u_dmem_mmio|RAM~13763                                                                                                                                        ; LCCOMB_X37_Y19_N18 ; 32      ; Clock enable                          ; no     ; --                   ; --               ; --                        ;
; DMEM_MMIO:u_dmem_mmio|RAM~13764                                                                                                                                        ; LCCOMB_X27_Y16_N4  ; 32      ; Clock enable                          ; no     ; --                   ; --               ; --                        ;
; DMEM_MMIO:u_dmem_mmio|RAM~13765                                                                                                                                        ; LCCOMB_X35_Y19_N26 ; 32      ; Clock enable                          ; no     ; --                   ; --               ; --                        ;
; DMEM_MMIO:u_dmem_mmio|RAM~13766                                                                                                                                        ; LCCOMB_X31_Y19_N8  ; 32      ; Clock enable                          ; no     ; --                   ; --               ; --                        ;
; DMEM_MMIO:u_dmem_mmio|RAM~13767                                                                                                                                        ; LCCOMB_X35_Y19_N16 ; 32      ; Clock enable                          ; no     ; --                   ; --               ; --                        ;
; DMEM_MMIO:u_dmem_mmio|RAM~13768                                                                                                                                        ; LCCOMB_X23_Y18_N20 ; 32      ; Clock enable                          ; no     ; --                   ; --               ; --                        ;
; DMEM_MMIO:u_dmem_mmio|RAM~13769                                                                                                                                        ; LCCOMB_X35_Y19_N22 ; 32      ; Clock enable                          ; no     ; --                   ; --               ; --                        ;
; DMEM_MMIO:u_dmem_mmio|RAM~13770                                                                                                                                        ; LCCOMB_X36_Y17_N28 ; 32      ; Clock enable                          ; no     ; --                   ; --               ; --                        ;
; DMEM_MMIO:u_dmem_mmio|RAM~13771                                                                                                                                        ; LCCOMB_X36_Y19_N6  ; 32      ; Clock enable                          ; no     ; --                   ; --               ; --                        ;
; DMEM_MMIO:u_dmem_mmio|RAM~13772                                                                                                                                        ; LCCOMB_X36_Y27_N24 ; 32      ; Clock enable                          ; no     ; --                   ; --               ; --                        ;
; DMEM_MMIO:u_dmem_mmio|RAM~13773                                                                                                                                        ; LCCOMB_X23_Y18_N26 ; 32      ; Clock enable                          ; no     ; --                   ; --               ; --                        ;
; DMEM_MMIO:u_dmem_mmio|RAM~13774                                                                                                                                        ; LCCOMB_X19_Y16_N22 ; 32      ; Clock enable                          ; no     ; --                   ; --               ; --                        ;
; DMEM_MMIO:u_dmem_mmio|RAM~13775                                                                                                                                        ; LCCOMB_X18_Y22_N18 ; 32      ; Clock enable                          ; no     ; --                   ; --               ; --                        ;
; DMEM_MMIO:u_dmem_mmio|RAM~13776                                                                                                                                        ; LCCOMB_X20_Y24_N28 ; 32      ; Clock enable                          ; no     ; --                   ; --               ; --                        ;
; DMEM_MMIO:u_dmem_mmio|RAM~13777                                                                                                                                        ; LCCOMB_X37_Y16_N4  ; 32      ; Clock enable                          ; no     ; --                   ; --               ; --                        ;
; DMEM_MMIO:u_dmem_mmio|RAM~13778                                                                                                                                        ; LCCOMB_X17_Y15_N4  ; 32      ; Clock enable                          ; no     ; --                   ; --               ; --                        ;
; DMEM_MMIO:u_dmem_mmio|RAM~13779                                                                                                                                        ; LCCOMB_X37_Y16_N26 ; 32      ; Clock enable                          ; no     ; --                   ; --               ; --                        ;
; DMEM_MMIO:u_dmem_mmio|RAM~13780                                                                                                                                        ; LCCOMB_X15_Y24_N22 ; 32      ; Clock enable                          ; no     ; --                   ; --               ; --                        ;
; DMEM_MMIO:u_dmem_mmio|RAM~13781                                                                                                                                        ; LCCOMB_X34_Y16_N20 ; 32      ; Clock enable                          ; no     ; --                   ; --               ; --                        ;
; DMEM_MMIO:u_dmem_mmio|RAM~13782                                                                                                                                        ; LCCOMB_X28_Y21_N22 ; 32      ; Clock enable                          ; no     ; --                   ; --               ; --                        ;
; DMEM_MMIO:u_dmem_mmio|RAM~13783                                                                                                                                        ; LCCOMB_X35_Y20_N8  ; 32      ; Clock enable                          ; no     ; --                   ; --               ; --                        ;
; DMEM_MMIO:u_dmem_mmio|RAM~13784                                                                                                                                        ; LCCOMB_X20_Y24_N10 ; 32      ; Clock enable                          ; no     ; --                   ; --               ; --                        ;
; DMEM_MMIO:u_dmem_mmio|RAM~13786                                                                                                                                        ; LCCOMB_X24_Y19_N10 ; 32      ; Clock enable                          ; no     ; --                   ; --               ; --                        ;
; DMEM_MMIO:u_dmem_mmio|RAM~13787                                                                                                                                        ; LCCOMB_X22_Y19_N10 ; 32      ; Clock enable                          ; no     ; --                   ; --               ; --                        ;
; DMEM_MMIO:u_dmem_mmio|RAM~13788                                                                                                                                        ; LCCOMB_X35_Y24_N16 ; 32      ; Clock enable                          ; no     ; --                   ; --               ; --                        ;
; DMEM_MMIO:u_dmem_mmio|RAM~13789                                                                                                                                        ; LCCOMB_X36_Y16_N8  ; 32      ; Clock enable                          ; no     ; --                   ; --               ; --                        ;
; DMEM_MMIO:u_dmem_mmio|RAM~13791                                                                                                                                        ; LCCOMB_X35_Y16_N6  ; 32      ; Clock enable                          ; no     ; --                   ; --               ; --                        ;
; DMEM_MMIO:u_dmem_mmio|RAM~13792                                                                                                                                        ; LCCOMB_X32_Y18_N6  ; 32      ; Clock enable                          ; no     ; --                   ; --               ; --                        ;
; DMEM_MMIO:u_dmem_mmio|RAM~13793                                                                                                                                        ; LCCOMB_X35_Y18_N22 ; 32      ; Clock enable                          ; no     ; --                   ; --               ; --                        ;
; DMEM_MMIO:u_dmem_mmio|RAM~13794                                                                                                                                        ; LCCOMB_X24_Y14_N6  ; 32      ; Clock enable                          ; no     ; --                   ; --               ; --                        ;
; DMEM_MMIO:u_dmem_mmio|RAM~13795                                                                                                                                        ; LCCOMB_X37_Y16_N0  ; 32      ; Clock enable                          ; no     ; --                   ; --               ; --                        ;
; DMEM_MMIO:u_dmem_mmio|RAM~13796                                                                                                                                        ; LCCOMB_X35_Y24_N10 ; 32      ; Clock enable                          ; no     ; --                   ; --               ; --                        ;
; DMEM_MMIO:u_dmem_mmio|RAM~13797                                                                                                                                        ; LCCOMB_X35_Y16_N0  ; 32      ; Clock enable                          ; no     ; --                   ; --               ; --                        ;
; DMEM_MMIO:u_dmem_mmio|RAM~13798                                                                                                                                        ; LCCOMB_X31_Y16_N14 ; 32      ; Clock enable                          ; no     ; --                   ; --               ; --                        ;
; DMEM_MMIO:u_dmem_mmio|RAM~13799                                                                                                                                        ; LCCOMB_X28_Y16_N18 ; 32      ; Clock enable                          ; no     ; --                   ; --               ; --                        ;
; DMEM_MMIO:u_dmem_mmio|RAM~13800                                                                                                                                        ; LCCOMB_X40_Y20_N24 ; 32      ; Clock enable                          ; no     ; --                   ; --               ; --                        ;
; DMEM_MMIO:u_dmem_mmio|RAM~13801                                                                                                                                        ; LCCOMB_X36_Y16_N4  ; 32      ; Clock enable                          ; no     ; --                   ; --               ; --                        ;
; DMEM_MMIO:u_dmem_mmio|RAM~13802                                                                                                                                        ; LCCOMB_X18_Y17_N28 ; 32      ; Clock enable                          ; no     ; --                   ; --               ; --                        ;
; DMEM_MMIO:u_dmem_mmio|RAM~13804                                                                                                                                        ; LCCOMB_X38_Y15_N22 ; 32      ; Clock enable                          ; no     ; --                   ; --               ; --                        ;
; DMEM_MMIO:u_dmem_mmio|RAM~13805                                                                                                                                        ; LCCOMB_X36_Y17_N26 ; 32      ; Clock enable                          ; no     ; --                   ; --               ; --                        ;
; DMEM_MMIO:u_dmem_mmio|RAM~13806                                                                                                                                        ; LCCOMB_X40_Y19_N8  ; 32      ; Clock enable                          ; no     ; --                   ; --               ; --                        ;
; DMEM_MMIO:u_dmem_mmio|RAM~13807                                                                                                                                        ; LCCOMB_X35_Y19_N12 ; 32      ; Clock enable                          ; no     ; --                   ; --               ; --                        ;
; DMEM_MMIO:u_dmem_mmio|RAM~13809                                                                                                                                        ; LCCOMB_X35_Y20_N20 ; 32      ; Clock enable                          ; no     ; --                   ; --               ; --                        ;
; DMEM_MMIO:u_dmem_mmio|RAM~13810                                                                                                                                        ; LCCOMB_X35_Y20_N22 ; 32      ; Clock enable                          ; no     ; --                   ; --               ; --                        ;
; DMEM_MMIO:u_dmem_mmio|RAM~13811                                                                                                                                        ; LCCOMB_X35_Y24_N4  ; 32      ; Clock enable                          ; no     ; --                   ; --               ; --                        ;
; DMEM_MMIO:u_dmem_mmio|RAM~13812                                                                                                                                        ; LCCOMB_X35_Y20_N16 ; 32      ; Clock enable                          ; no     ; --                   ; --               ; --                        ;
; DMEM_MMIO:u_dmem_mmio|RAM~13813                                                                                                                                        ; LCCOMB_X40_Y18_N16 ; 32      ; Clock enable                          ; no     ; --                   ; --               ; --                        ;
; DMEM_MMIO:u_dmem_mmio|RAM~13814                                                                                                                                        ; LCCOMB_X40_Y19_N30 ; 32      ; Clock enable                          ; no     ; --                   ; --               ; --                        ;
; DMEM_MMIO:u_dmem_mmio|RAM~13815                                                                                                                                        ; LCCOMB_X40_Y19_N4  ; 32      ; Clock enable                          ; no     ; --                   ; --               ; --                        ;
; DMEM_MMIO:u_dmem_mmio|RAM~13816                                                                                                                                        ; LCCOMB_X40_Y19_N22 ; 32      ; Clock enable                          ; no     ; --                   ; --               ; --                        ;
; DMEM_MMIO:u_dmem_mmio|RAM~13817                                                                                                                                        ; LCCOMB_X24_Y18_N14 ; 32      ; Clock enable                          ; no     ; --                   ; --               ; --                        ;
; DMEM_MMIO:u_dmem_mmio|RAM~13818                                                                                                                                        ; LCCOMB_X35_Y20_N26 ; 32      ; Clock enable                          ; no     ; --                   ; --               ; --                        ;
; DMEM_MMIO:u_dmem_mmio|RAM~13819                                                                                                                                        ; LCCOMB_X35_Y24_N30 ; 32      ; Clock enable                          ; no     ; --                   ; --               ; --                        ;
; DMEM_MMIO:u_dmem_mmio|RAM~13820                                                                                                                                        ; LCCOMB_X20_Y24_N24 ; 32      ; Clock enable                          ; no     ; --                   ; --               ; --                        ;
; DMEM_MMIO:u_dmem_mmio|RAM~13821                                                                                                                                        ; LCCOMB_X23_Y24_N26 ; 32      ; Clock enable                          ; no     ; --                   ; --               ; --                        ;
; DMEM_MMIO:u_dmem_mmio|RAM~13822                                                                                                                                        ; LCCOMB_X35_Y20_N12 ; 32      ; Clock enable                          ; no     ; --                   ; --               ; --                        ;
; DMEM_MMIO:u_dmem_mmio|RAM~13823                                                                                                                                        ; LCCOMB_X35_Y20_N6  ; 32      ; Clock enable                          ; no     ; --                   ; --               ; --                        ;
; DMEM_MMIO:u_dmem_mmio|RAM~13824                                                                                                                                        ; LCCOMB_X35_Y20_N0  ; 32      ; Clock enable                          ; no     ; --                   ; --               ; --                        ;
; DMEM_MMIO:u_dmem_mmio|RAM~13825                                                                                                                                        ; LCCOMB_X41_Y16_N6  ; 32      ; Clock enable                          ; no     ; --                   ; --               ; --                        ;
; DMEM_MMIO:u_dmem_mmio|RAM~13826                                                                                                                                        ; LCCOMB_X35_Y19_N2  ; 32      ; Clock enable                          ; no     ; --                   ; --               ; --                        ;
; DMEM_MMIO:u_dmem_mmio|RAM~13827                                                                                                                                        ; LCCOMB_X41_Y16_N12 ; 32      ; Clock enable                          ; no     ; --                   ; --               ; --                        ;
; DMEM_MMIO:u_dmem_mmio|RAM~13828                                                                                                                                        ; LCCOMB_X18_Y17_N14 ; 32      ; Clock enable                          ; no     ; --                   ; --               ; --                        ;
; DMEM_MMIO:u_dmem_mmio|RAM~13829                                                                                                                                        ; LCCOMB_X40_Y19_N16 ; 32      ; Clock enable                          ; no     ; --                   ; --               ; --                        ;
; DMEM_MMIO:u_dmem_mmio|RAM~13830                                                                                                                                        ; LCCOMB_X31_Y20_N10 ; 32      ; Clock enable                          ; no     ; --                   ; --               ; --                        ;
; DMEM_MMIO:u_dmem_mmio|RAM~13831                                                                                                                                        ; LCCOMB_X43_Y16_N20 ; 32      ; Clock enable                          ; no     ; --                   ; --               ; --                        ;
; DMEM_MMIO:u_dmem_mmio|RAM~13832                                                                                                                                        ; LCCOMB_X36_Y16_N22 ; 32      ; Clock enable                          ; no     ; --                   ; --               ; --                        ;
; DMEM_MMIO:u_dmem_mmio|RAM~13833                                                                                                                                        ; LCCOMB_X35_Y20_N18 ; 32      ; Clock enable                          ; no     ; --                   ; --               ; --                        ;
; DMEM_MMIO:u_dmem_mmio|RAM~13834                                                                                                                                        ; LCCOMB_X35_Y20_N4  ; 32      ; Clock enable                          ; no     ; --                   ; --               ; --                        ;
; DMEM_MMIO:u_dmem_mmio|RAM~13835                                                                                                                                        ; LCCOMB_X35_Y20_N30 ; 32      ; Clock enable                          ; no     ; --                   ; --               ; --                        ;
; DMEM_MMIO:u_dmem_mmio|RAM~13836                                                                                                                                        ; LCCOMB_X16_Y21_N10 ; 32      ; Clock enable                          ; no     ; --                   ; --               ; --                        ;
; DMEM_MMIO:u_dmem_mmio|RAM~13837                                                                                                                                        ; LCCOMB_X28_Y16_N24 ; 32      ; Clock enable                          ; no     ; --                   ; --               ; --                        ;
; DMEM_MMIO:u_dmem_mmio|RAM~13838                                                                                                                                        ; LCCOMB_X36_Y16_N12 ; 32      ; Clock enable                          ; no     ; --                   ; --               ; --                        ;
; DMEM_MMIO:u_dmem_mmio|RAM~13839                                                                                                                                        ; LCCOMB_X35_Y16_N30 ; 32      ; Clock enable                          ; no     ; --                   ; --               ; --                        ;
; DMEM_MMIO:u_dmem_mmio|RAM~13840                                                                                                                                        ; LCCOMB_X34_Y16_N10 ; 32      ; Clock enable                          ; no     ; --                   ; --               ; --                        ;
; DMEM_MMIO:u_dmem_mmio|RAM~13841                                                                                                                                        ; LCCOMB_X35_Y16_N16 ; 32      ; Clock enable                          ; no     ; --                   ; --               ; --                        ;
; DMEM_MMIO:u_dmem_mmio|RAM~13842                                                                                                                                        ; LCCOMB_X40_Y19_N26 ; 32      ; Clock enable                          ; no     ; --                   ; --               ; --                        ;
; DMEM_MMIO:u_dmem_mmio|RAM~13843                                                                                                                                        ; LCCOMB_X35_Y16_N2  ; 32      ; Clock enable                          ; no     ; --                   ; --               ; --                        ;
; DMEM_MMIO:u_dmem_mmio|RAM~13844                                                                                                                                        ; LCCOMB_X22_Y19_N8  ; 32      ; Clock enable                          ; no     ; --                   ; --               ; --                        ;
; DMEM_MMIO:u_dmem_mmio|RAM~13845                                                                                                                                        ; LCCOMB_X30_Y13_N22 ; 32      ; Clock enable                          ; no     ; --                   ; --               ; --                        ;
; DMEM_MMIO:u_dmem_mmio|RAM~13846                                                                                                                                        ; LCCOMB_X35_Y19_N0  ; 32      ; Clock enable                          ; no     ; --                   ; --               ; --                        ;
; DMEM_MMIO:u_dmem_mmio|RAM~13847                                                                                                                                        ; LCCOMB_X35_Y19_N6  ; 32      ; Clock enable                          ; no     ; --                   ; --               ; --                        ;
; DMEM_MMIO:u_dmem_mmio|RAM~13848                                                                                                                                        ; LCCOMB_X34_Y16_N28 ; 32      ; Clock enable                          ; no     ; --                   ; --               ; --                        ;
; DMEM_MMIO:u_dmem_mmio|RAM~13849                                                                                                                                        ; LCCOMB_X29_Y29_N2  ; 32      ; Clock enable                          ; no     ; --                   ; --               ; --                        ;
; DMEM_MMIO:u_dmem_mmio|RAM~13850                                                                                                                                        ; LCCOMB_X34_Y16_N26 ; 32      ; Clock enable                          ; no     ; --                   ; --               ; --                        ;
; DMEM_MMIO:u_dmem_mmio|RAM~13851                                                                                                                                        ; LCCOMB_X35_Y17_N20 ; 32      ; Clock enable                          ; no     ; --                   ; --               ; --                        ;
; DMEM_MMIO:u_dmem_mmio|RAM~13852                                                                                                                                        ; LCCOMB_X25_Y29_N18 ; 32      ; Clock enable                          ; no     ; --                   ; --               ; --                        ;
; DMEM_MMIO:u_dmem_mmio|RAM~13854                                                                                                                                        ; LCCOMB_X23_Y13_N12 ; 32      ; Clock enable                          ; no     ; --                   ; --               ; --                        ;
; DMEM_MMIO:u_dmem_mmio|RAM~13855                                                                                                                                        ; LCCOMB_X21_Y6_N26  ; 32      ; Clock enable                          ; no     ; --                   ; --               ; --                        ;
; DMEM_MMIO:u_dmem_mmio|RAM~13856                                                                                                                                        ; LCCOMB_X35_Y16_N4  ; 32      ; Clock enable                          ; no     ; --                   ; --               ; --                        ;
; DMEM_MMIO:u_dmem_mmio|RAM~13857                                                                                                                                        ; LCCOMB_X16_Y14_N2  ; 32      ; Clock enable                          ; no     ; --                   ; --               ; --                        ;
; DMEM_MMIO:u_dmem_mmio|RAM~13859                                                                                                                                        ; LCCOMB_X35_Y16_N10 ; 32      ; Clock enable                          ; no     ; --                   ; --               ; --                        ;
; DMEM_MMIO:u_dmem_mmio|RAM~13860                                                                                                                                        ; LCCOMB_X35_Y16_N28 ; 32      ; Clock enable                          ; no     ; --                   ; --               ; --                        ;
; DMEM_MMIO:u_dmem_mmio|RAM~13861                                                                                                                                        ; LCCOMB_X36_Y16_N28 ; 32      ; Clock enable                          ; no     ; --                   ; --               ; --                        ;
; DMEM_MMIO:u_dmem_mmio|RAM~13862                                                                                                                                        ; LCCOMB_X19_Y16_N4  ; 32      ; Clock enable                          ; no     ; --                   ; --               ; --                        ;
; DMEM_MMIO:u_dmem_mmio|RAM~13863                                                                                                                                        ; LCCOMB_X37_Y16_N30 ; 32      ; Clock enable                          ; no     ; --                   ; --               ; --                        ;
; DMEM_MMIO:u_dmem_mmio|RAM~13864                                                                                                                                        ; LCCOMB_X24_Y14_N16 ; 32      ; Clock enable                          ; no     ; --                   ; --               ; --                        ;
; DMEM_MMIO:u_dmem_mmio|RAM~13865                                                                                                                                        ; LCCOMB_X37_Y16_N16 ; 32      ; Clock enable                          ; no     ; --                   ; --               ; --                        ;
; DMEM_MMIO:u_dmem_mmio|RAM~13866                                                                                                                                        ; LCCOMB_X15_Y17_N14 ; 32      ; Clock enable                          ; no     ; --                   ; --               ; --                        ;
; DMEM_MMIO:u_dmem_mmio|RAM~13867                                                                                                                                        ; LCCOMB_X23_Y13_N14 ; 32      ; Clock enable                          ; no     ; --                   ; --               ; --                        ;
; DMEM_MMIO:u_dmem_mmio|RAM~13868                                                                                                                                        ; LCCOMB_X41_Y17_N30 ; 32      ; Clock enable                          ; no     ; --                   ; --               ; --                        ;
; DMEM_MMIO:u_dmem_mmio|RAM~13869                                                                                                                                        ; LCCOMB_X22_Y9_N22  ; 32      ; Clock enable                          ; no     ; --                   ; --               ; --                        ;
; DMEM_MMIO:u_dmem_mmio|RAM~13870                                                                                                                                        ; LCCOMB_X19_Y16_N26 ; 32      ; Clock enable                          ; no     ; --                   ; --               ; --                        ;
; DMEM_MMIO:u_dmem_mmio|RAM~13872                                                                                                                                        ; LCCOMB_X43_Y10_N0  ; 32      ; Clock enable                          ; no     ; --                   ; --               ; --                        ;
; DMEM_MMIO:u_dmem_mmio|RAM~13873                                                                                                                                        ; LCCOMB_X30_Y12_N22 ; 32      ; Clock enable                          ; no     ; --                   ; --               ; --                        ;
; DMEM_MMIO:u_dmem_mmio|RAM~13874                                                                                                                                        ; LCCOMB_X41_Y15_N16 ; 32      ; Clock enable                          ; no     ; --                   ; --               ; --                        ;
; DMEM_MMIO:u_dmem_mmio|RAM~13875                                                                                                                                        ; LCCOMB_X41_Y15_N18 ; 32      ; Clock enable                          ; no     ; --                   ; --               ; --                        ;
; DMEM_MMIO:u_dmem_mmio|RAM~13877                                                                                                                                        ; LCCOMB_X40_Y12_N8  ; 32      ; Clock enable                          ; no     ; --                   ; --               ; --                        ;
; DMEM_MMIO:u_dmem_mmio|RAM~13878                                                                                                                                        ; LCCOMB_X40_Y12_N14 ; 32      ; Clock enable                          ; no     ; --                   ; --               ; --                        ;
; DMEM_MMIO:u_dmem_mmio|RAM~13879                                                                                                                                        ; LCCOMB_X38_Y16_N16 ; 32      ; Clock enable                          ; no     ; --                   ; --               ; --                        ;
; DMEM_MMIO:u_dmem_mmio|RAM~13880                                                                                                                                        ; LCCOMB_X38_Y16_N18 ; 32      ; Clock enable                          ; no     ; --                   ; --               ; --                        ;
; DMEM_MMIO:u_dmem_mmio|RAM~13881                                                                                                                                        ; LCCOMB_X43_Y15_N28 ; 32      ; Clock enable                          ; no     ; --                   ; --               ; --                        ;
; DMEM_MMIO:u_dmem_mmio|RAM~13882                                                                                                                                        ; LCCOMB_X42_Y15_N24 ; 32      ; Clock enable                          ; no     ; --                   ; --               ; --                        ;
; DMEM_MMIO:u_dmem_mmio|RAM~13883                                                                                                                                        ; LCCOMB_X42_Y15_N2  ; 32      ; Clock enable                          ; no     ; --                   ; --               ; --                        ;
; DMEM_MMIO:u_dmem_mmio|RAM~13884                                                                                                                                        ; LCCOMB_X35_Y17_N26 ; 32      ; Clock enable                          ; no     ; --                   ; --               ; --                        ;
; DMEM_MMIO:u_dmem_mmio|RAM~13885                                                                                                                                        ; LCCOMB_X35_Y16_N14 ; 32      ; Clock enable                          ; no     ; --                   ; --               ; --                        ;
; DMEM_MMIO:u_dmem_mmio|RAM~13886                                                                                                                                        ; LCCOMB_X38_Y16_N8  ; 32      ; Clock enable                          ; no     ; --                   ; --               ; --                        ;
; DMEM_MMIO:u_dmem_mmio|RAM~13887                                                                                                                                        ; LCCOMB_X38_Y16_N2  ; 32      ; Clock enable                          ; no     ; --                   ; --               ; --                        ;
; DMEM_MMIO:u_dmem_mmio|RAM~13888                                                                                                                                        ; LCCOMB_X36_Y16_N2  ; 32      ; Clock enable                          ; no     ; --                   ; --               ; --                        ;
; DMEM_MMIO:u_dmem_mmio|RAM~13889                                                                                                                                        ; LCCOMB_X23_Y16_N0  ; 32      ; Clock enable                          ; no     ; --                   ; --               ; --                        ;
; DMEM_MMIO:u_dmem_mmio|RAM~13890                                                                                                                                        ; LCCOMB_X37_Y16_N20 ; 32      ; Clock enable                          ; no     ; --                   ; --               ; --                        ;
; DMEM_MMIO:u_dmem_mmio|RAM~13891                                                                                                                                        ; LCCOMB_X41_Y16_N14 ; 32      ; Clock enable                          ; no     ; --                   ; --               ; --                        ;
; DMEM_MMIO:u_dmem_mmio|RAM~13892                                                                                                                                        ; LCCOMB_X38_Y16_N24 ; 32      ; Clock enable                          ; no     ; --                   ; --               ; --                        ;
; DMEM_MMIO:u_dmem_mmio|RAM~13893                                                                                                                                        ; LCCOMB_X43_Y11_N4  ; 32      ; Clock enable                          ; no     ; --                   ; --               ; --                        ;
; DMEM_MMIO:u_dmem_mmio|RAM~13894                                                                                                                                        ; LCCOMB_X35_Y16_N20 ; 32      ; Clock enable                          ; no     ; --                   ; --               ; --                        ;
; DMEM_MMIO:u_dmem_mmio|RAM~13895                                                                                                                                        ; LCCOMB_X42_Y11_N6  ; 32      ; Clock enable                          ; no     ; --                   ; --               ; --                        ;
; DMEM_MMIO:u_dmem_mmio|RAM~13896                                                                                                                                        ; LCCOMB_X19_Y14_N16 ; 32      ; Clock enable                          ; no     ; --                   ; --               ; --                        ;
; DMEM_MMIO:u_dmem_mmio|RAM~13897                                                                                                                                        ; LCCOMB_X43_Y11_N6  ; 32      ; Clock enable                          ; no     ; --                   ; --               ; --                        ;
; DMEM_MMIO:u_dmem_mmio|RAM~13898                                                                                                                                        ; LCCOMB_X37_Y16_N14 ; 32      ; Clock enable                          ; no     ; --                   ; --               ; --                        ;
; DMEM_MMIO:u_dmem_mmio|RAM~13899                                                                                                                                        ; LCCOMB_X42_Y15_N4  ; 32      ; Clock enable                          ; no     ; --                   ; --               ; --                        ;
; DMEM_MMIO:u_dmem_mmio|RAM~13900                                                                                                                                        ; LCCOMB_X37_Y16_N24 ; 32      ; Clock enable                          ; no     ; --                   ; --               ; --                        ;
; DMEM_MMIO:u_dmem_mmio|RAM~13901                                                                                                                                        ; LCCOMB_X25_Y16_N12 ; 32      ; Clock enable                          ; no     ; --                   ; --               ; --                        ;
; DMEM_MMIO:u_dmem_mmio|RAM~13902                                                                                                                                        ; LCCOMB_X22_Y12_N26 ; 32      ; Clock enable                          ; no     ; --                   ; --               ; --                        ;
; DMEM_MMIO:u_dmem_mmio|RAM~13903                                                                                                                                        ; LCCOMB_X38_Y16_N10 ; 32      ; Clock enable                          ; no     ; --                   ; --               ; --                        ;
; DMEM_MMIO:u_dmem_mmio|RAM~13904                                                                                                                                        ; LCCOMB_X18_Y13_N22 ; 32      ; Clock enable                          ; no     ; --                   ; --               ; --                        ;
; DMEM_MMIO:u_dmem_mmio|RAM~13905                                                                                                                                        ; LCCOMB_X28_Y16_N22 ; 32      ; Clock enable                          ; no     ; --                   ; --               ; --                        ;
; DMEM_MMIO:u_dmem_mmio|RAM~13906                                                                                                                                        ; LCCOMB_X34_Y16_N12 ; 32      ; Clock enable                          ; no     ; --                   ; --               ; --                        ;
; DMEM_MMIO:u_dmem_mmio|RAM~13907                                                                                                                                        ; LCCOMB_X37_Y16_N2  ; 32      ; Clock enable                          ; no     ; --                   ; --               ; --                        ;
; DMEM_MMIO:u_dmem_mmio|RAM~13908                                                                                                                                        ; LCCOMB_X36_Y16_N20 ; 32      ; Clock enable                          ; no     ; --                   ; --               ; --                        ;
; DMEM_MMIO:u_dmem_mmio|RAM~13909                                                                                                                                        ; LCCOMB_X35_Y16_N18 ; 32      ; Clock enable                          ; no     ; --                   ; --               ; --                        ;
; DMEM_MMIO:u_dmem_mmio|RAM~13910                                                                                                                                        ; LCCOMB_X42_Y15_N18 ; 32      ; Clock enable                          ; no     ; --                   ; --               ; --                        ;
; DMEM_MMIO:u_dmem_mmio|RAM~13911                                                                                                                                        ; LCCOMB_X35_Y16_N12 ; 32      ; Clock enable                          ; no     ; --                   ; --               ; --                        ;
; DMEM_MMIO:u_dmem_mmio|RAM~13912                                                                                                                                        ; LCCOMB_X23_Y16_N6  ; 32      ; Clock enable                          ; no     ; --                   ; --               ; --                        ;
; DMEM_MMIO:u_dmem_mmio|RAM~13913                                                                                                                                        ; LCCOMB_X36_Y16_N26 ; 32      ; Clock enable                          ; no     ; --                   ; --               ; --                        ;
; DMEM_MMIO:u_dmem_mmio|RAM~13914                                                                                                                                        ; LCCOMB_X24_Y6_N10  ; 32      ; Clock enable                          ; no     ; --                   ; --               ; --                        ;
; DMEM_MMIO:u_dmem_mmio|RAM~13915                                                                                                                                        ; LCCOMB_X35_Y16_N22 ; 32      ; Clock enable                          ; no     ; --                   ; --               ; --                        ;
; DMEM_MMIO:u_dmem_mmio|RAM~13916                                                                                                                                        ; LCCOMB_X24_Y9_N18  ; 32      ; Clock enable                          ; no     ; --                   ; --               ; --                        ;
; DMEM_MMIO:u_dmem_mmio|RAM~13917                                                                                                                                        ; LCCOMB_X36_Y17_N10 ; 32      ; Clock enable                          ; no     ; --                   ; --               ; --                        ;
; DMEM_MMIO:u_dmem_mmio|RAM~13918                                                                                                                                        ; LCCOMB_X34_Y16_N30 ; 32      ; Clock enable                          ; no     ; --                   ; --               ; --                        ;
; DMEM_MMIO:u_dmem_mmio|RAM~13919                                                                                                                                        ; LCCOMB_X36_Y17_N4  ; 32      ; Clock enable                          ; no     ; --                   ; --               ; --                        ;
; DMEM_MMIO:u_dmem_mmio|RAM~13920                                                                                                                                        ; LCCOMB_X36_Y16_N16 ; 32      ; Clock enable                          ; no     ; --                   ; --               ; --                        ;
; DMEM_MMIO:u_dmem_mmio|cpu_mmio_activity_count[14]~26                                                                                                                   ; LCCOMB_X55_Y9_N30  ; 24      ; Sync. load                            ; no     ; --                   ; --               ; --                        ;
; DMEM_MMIO:u_dmem_mmio|cpu_mmio_activity_count[14]~27                                                                                                                   ; LCCOMB_X55_Y10_N2  ; 24      ; Clock enable                          ; no     ; --                   ; --               ; --                        ;
; DMEM_MMIO:u_dmem_mmio|pc_rx_latch[1]~1                                                                                                                                 ; LCCOMB_X56_Y11_N18 ; 8       ; Clock enable                          ; no     ; --                   ; --               ; --                        ;
; Equal0~20                                                                                                                                                              ; LCCOMB_X57_Y14_N8  ; 24      ; Clock enable                          ; no     ; --                   ; --               ; --                        ;
; GPIO_1[5]~7                                                                                                                                                            ; PIN_M20            ; 166     ; Clock                                 ; no     ; --                   ; --               ; --                        ;
; GPIO_1[7]~0                                                                                                                                                            ; PIN_M21            ; 34      ; Sync. clear                           ; no     ; --                   ; --               ; --                        ;
; KEY[0]                                                                                                                                                                 ; PIN_G26            ; 555     ; Async. clear, Sync. clear, Sync. load ; no     ; --                   ; --               ; --                        ;
; RV32I:u_rv32i|CONTROLLER:CTRL|PCSRC~12                                                                                                                                 ; LCCOMB_X50_Y14_N20 ; 32      ; Clock enable, Sync. load              ; no     ; --                   ; --               ; --                        ;
; RV32I:u_rv32i|DATAPATH:DP|REGFILE:regfile|RF~2380                                                                                                                      ; LCCOMB_X45_Y25_N8  ; 32      ; Clock enable                          ; no     ; --                   ; --               ; --                        ;
; RV32I:u_rv32i|DATAPATH:DP|REGFILE:regfile|RF~2382                                                                                                                      ; LCCOMB_X58_Y29_N8  ; 32      ; Clock enable                          ; no     ; --                   ; --               ; --                        ;
; RV32I:u_rv32i|DATAPATH:DP|REGFILE:regfile|RF~2384                                                                                                                      ; LCCOMB_X58_Y29_N6  ; 32      ; Clock enable                          ; no     ; --                   ; --               ; --                        ;
; RV32I:u_rv32i|DATAPATH:DP|REGFILE:regfile|RF~2386                                                                                                                      ; LCCOMB_X53_Y28_N14 ; 32      ; Clock enable                          ; no     ; --                   ; --               ; --                        ;
; RV32I:u_rv32i|DATAPATH:DP|REGFILE:regfile|RF~2388                                                                                                                      ; LCCOMB_X58_Y29_N12 ; 32      ; Clock enable                          ; no     ; --                   ; --               ; --                        ;
; RV32I:u_rv32i|DATAPATH:DP|REGFILE:regfile|RF~2390                                                                                                                      ; LCCOMB_X58_Y29_N2  ; 32      ; Clock enable                          ; no     ; --                   ; --               ; --                        ;
; RV32I:u_rv32i|DATAPATH:DP|REGFILE:regfile|RF~2392                                                                                                                      ; LCCOMB_X58_Y29_N0  ; 32      ; Clock enable                          ; no     ; --                   ; --               ; --                        ;
; RV32I:u_rv32i|DATAPATH:DP|REGFILE:regfile|RF~2394                                                                                                                      ; LCCOMB_X58_Y29_N10 ; 32      ; Clock enable                          ; no     ; --                   ; --               ; --                        ;
; RV32I:u_rv32i|DATAPATH:DP|REGFILE:regfile|RF~2396                                                                                                                      ; LCCOMB_X58_Y29_N16 ; 32      ; Clock enable                          ; no     ; --                   ; --               ; --                        ;
; RV32I:u_rv32i|DATAPATH:DP|REGFILE:regfile|RF~2398                                                                                                                      ; LCCOMB_X53_Y28_N22 ; 32      ; Clock enable                          ; no     ; --                   ; --               ; --                        ;
; RV32I:u_rv32i|DATAPATH:DP|REGFILE:regfile|RF~2400                                                                                                                      ; LCCOMB_X56_Y29_N4  ; 32      ; Clock enable                          ; no     ; --                   ; --               ; --                        ;
; RV32I:u_rv32i|DATAPATH:DP|REGFILE:regfile|RF~2402                                                                                                                      ; LCCOMB_X45_Y25_N10 ; 32      ; Clock enable                          ; no     ; --                   ; --               ; --                        ;
; RV32I:u_rv32i|DATAPATH:DP|REGFILE:regfile|RF~2404                                                                                                                      ; LCCOMB_X54_Y30_N8  ; 32      ; Clock enable                          ; no     ; --                   ; --               ; --                        ;
; RV32I:u_rv32i|DATAPATH:DP|REGFILE:regfile|RF~2406                                                                                                                      ; LCCOMB_X45_Y25_N24 ; 32      ; Clock enable                          ; no     ; --                   ; --               ; --                        ;
; RV32I:u_rv32i|DATAPATH:DP|REGFILE:regfile|RF~2408                                                                                                                      ; LCCOMB_X58_Y29_N18 ; 32      ; Clock enable                          ; no     ; --                   ; --               ; --                        ;
; RV32I:u_rv32i|DATAPATH:DP|REGFILE:regfile|RF~2410                                                                                                                      ; LCCOMB_X53_Y28_N16 ; 32      ; Clock enable                          ; no     ; --                   ; --               ; --                        ;
; RV32I:u_rv32i|DATAPATH:DP|REGFILE:regfile|RF~2411                                                                                                                      ; LCCOMB_X58_Y29_N24 ; 32      ; Clock enable                          ; no     ; --                   ; --               ; --                        ;
; RV32I:u_rv32i|DATAPATH:DP|REGFILE:regfile|RF~2412                                                                                                                      ; LCCOMB_X58_Y29_N30 ; 32      ; Clock enable                          ; no     ; --                   ; --               ; --                        ;
; RV32I:u_rv32i|DATAPATH:DP|REGFILE:regfile|RF~2413                                                                                                                      ; LCCOMB_X53_Y28_N18 ; 32      ; Clock enable                          ; no     ; --                   ; --               ; --                        ;
; RV32I:u_rv32i|DATAPATH:DP|REGFILE:regfile|RF~2414                                                                                                                      ; LCCOMB_X54_Y30_N26 ; 32      ; Clock enable                          ; no     ; --                   ; --               ; --                        ;
; RV32I:u_rv32i|DATAPATH:DP|REGFILE:regfile|RF~2415                                                                                                                      ; LCCOMB_X58_Y29_N28 ; 32      ; Clock enable                          ; no     ; --                   ; --               ; --                        ;
; RV32I:u_rv32i|DATAPATH:DP|REGFILE:regfile|RF~2416                                                                                                                      ; LCCOMB_X45_Y25_N22 ; 32      ; Clock enable                          ; no     ; --                   ; --               ; --                        ;
; RV32I:u_rv32i|DATAPATH:DP|REGFILE:regfile|RF~2417                                                                                                                      ; LCCOMB_X58_Y29_N26 ; 32      ; Clock enable                          ; no     ; --                   ; --               ; --                        ;
; RV32I:u_rv32i|DATAPATH:DP|REGFILE:regfile|RF~2418                                                                                                                      ; LCCOMB_X45_Y25_N4  ; 32      ; Clock enable                          ; no     ; --                   ; --               ; --                        ;
; RV32I:u_rv32i|DATAPATH:DP|REGFILE:regfile|RF~2419                                                                                                                      ; LCCOMB_X58_Y29_N20 ; 32      ; Clock enable                          ; no     ; --                   ; --               ; --                        ;
; RV32I:u_rv32i|DATAPATH:DP|REGFILE:regfile|RF~2420                                                                                                                      ; LCCOMB_X58_Y29_N14 ; 32      ; Clock enable                          ; no     ; --                   ; --               ; --                        ;
; RV32I:u_rv32i|DATAPATH:DP|REGFILE:regfile|RF~2421                                                                                                                      ; LCCOMB_X56_Y29_N10 ; 32      ; Clock enable                          ; no     ; --                   ; --               ; --                        ;
; RV32I:u_rv32i|DATAPATH:DP|REGFILE:regfile|RF~2422                                                                                                                      ; LCCOMB_X58_Y29_N4  ; 32      ; Clock enable                          ; no     ; --                   ; --               ; --                        ;
; RV32I:u_rv32i|DATAPATH:DP|REGFILE:regfile|RF~2423                                                                                                                      ; LCCOMB_X58_Y29_N22 ; 32      ; Clock enable                          ; no     ; --                   ; --               ; --                        ;
; RV32I:u_rv32i|DATAPATH:DP|REGFILE:regfile|RF~2424                                                                                                                      ; LCCOMB_X53_Y28_N24 ; 32      ; Clock enable                          ; no     ; --                   ; --               ; --                        ;
; RV32I:u_rv32i|DATAPATH:DP|REGFILE:regfile|RF~2425                                                                                                                      ; LCCOMB_X45_Y25_N6  ; 32      ; Clock enable                          ; no     ; --                   ; --               ; --                        ;
; RV32I:u_rv32i|DATAPATH:DP|REGFILE:regfile|RF~2426                                                                                                                      ; LCCOMB_X53_Y28_N30 ; 32      ; Clock enable                          ; no     ; --                   ; --               ; --                        ;
; UART_RX:u_cpu_pc_rx|DATA[7]~2                                                                                                                                          ; LCCOMB_X57_Y7_N12  ; 8       ; Clock enable                          ; no     ; --                   ; --               ; --                        ;
; UART_RX:u_cpu_pc_rx|baud_cnt[12]~43                                                                                                                                    ; LCCOMB_X58_Y7_N8   ; 16      ; Sync. clear                           ; no     ; --                   ; --               ; --                        ;
; UART_RX:u_cpu_pc_rx|baud_cnt[12]~44                                                                                                                                    ; LCCOMB_X58_Y7_N26  ; 16      ; Clock enable                          ; no     ; --                   ; --               ; --                        ;
; UART_TX:u_cpu_pc_tx|baud_cnt[8]~24                                                                                                                                     ; LCCOMB_X62_Y17_N22 ; 16      ; Sync. clear                           ; no     ; --                   ; --               ; --                        ;
; UART_TX:u_cpu_pc_tx|baud_cnt[8]~25                                                                                                                                     ; LCCOMB_X62_Y17_N0  ; 16      ; Clock enable                          ; no     ; --                   ; --               ; --                        ;
; UART_TX:u_cpu_pc_tx|tx_shift[4]~1                                                                                                                                      ; LCCOMB_X62_Y17_N6  ; 8       ; Clock enable                          ; no     ; --                   ; --               ; --                        ;
; huskylens_sensor_core:u_huskylens_sensor_core|HL_PARSER:hl_parser|Decoder0~10                                                                                          ; LCCOMB_X60_Y13_N4  ; 8       ; Clock enable                          ; no     ; --                   ; --               ; --                        ;
; huskylens_sensor_core:u_huskylens_sensor_core|HL_PARSER:hl_parser|Decoder0~11                                                                                          ; LCCOMB_X60_Y13_N18 ; 8       ; Clock enable                          ; no     ; --                   ; --               ; --                        ;
; huskylens_sensor_core:u_huskylens_sensor_core|HL_PARSER:hl_parser|Decoder0~2                                                                                           ; LCCOMB_X59_Y13_N22 ; 8       ; Clock enable                          ; no     ; --                   ; --               ; --                        ;
; huskylens_sensor_core:u_huskylens_sensor_core|HL_PARSER:hl_parser|Decoder0~4                                                                                           ; LCCOMB_X60_Y13_N14 ; 8       ; Clock enable                          ; no     ; --                   ; --               ; --                        ;
; huskylens_sensor_core:u_huskylens_sensor_core|HL_PARSER:hl_parser|Decoder0~6                                                                                           ; LCCOMB_X60_Y13_N28 ; 8       ; Clock enable                          ; no     ; --                   ; --               ; --                        ;
; huskylens_sensor_core:u_huskylens_sensor_core|HL_PARSER:hl_parser|Decoder0~7                                                                                           ; LCCOMB_X59_Y12_N20 ; 8       ; Clock enable                          ; no     ; --                   ; --               ; --                        ;
; huskylens_sensor_core:u_huskylens_sensor_core|HL_PARSER:hl_parser|Decoder0~8                                                                                           ; LCCOMB_X60_Y13_N22 ; 8       ; Clock enable                          ; no     ; --                   ; --               ; --                        ;
; huskylens_sensor_core:u_huskylens_sensor_core|HL_PARSER:hl_parser|Decoder0~9                                                                                           ; LCCOMB_X60_Y13_N8  ; 8       ; Clock enable                          ; no     ; --                   ; --               ; --                        ;
; huskylens_sensor_core:u_huskylens_sensor_core|HL_PARSER:hl_parser|OBJ_COUNT[6]~1                                                                                       ; LCCOMB_X58_Y12_N2  ; 8       ; Clock enable                          ; no     ; --                   ; --               ; --                        ;
; huskylens_sensor_core:u_huskylens_sensor_core|HL_PARSER:hl_parser|OBJ_Y[0]~0                                                                                           ; LCCOMB_X59_Y10_N24 ; 57      ; Clock enable                          ; no     ; --                   ; --               ; --                        ;
; huskylens_sensor_core:u_huskylens_sensor_core|HL_PARSER:hl_parser|chksum_calc[3]~3                                                                                     ; LCCOMB_X60_Y10_N28 ; 7       ; Clock enable                          ; no     ; --                   ; --               ; --                        ;
; huskylens_sensor_core:u_huskylens_sensor_core|HL_PARSER:hl_parser|cmd_reg[1]~0                                                                                         ; LCCOMB_X59_Y10_N30 ; 8       ; Clock enable                          ; no     ; --                   ; --               ; --                        ;
; huskylens_sensor_core:u_huskylens_sensor_core|HL_PARSER:hl_parser|len_reg[0]~0                                                                                         ; LCCOMB_X60_Y10_N0  ; 8       ; Clock enable                          ; no     ; --                   ; --               ; --                        ;
; huskylens_sensor_core:u_huskylens_sensor_core|HL_PARSER:hl_parser|state~22                                                                                             ; LCCOMB_X60_Y10_N2  ; 2       ; Clock enable                          ; no     ; --                   ; --               ; --                        ;
; huskylens_sensor_core:u_huskylens_sensor_core|TIMER:timer_inst|counter[4]~24                                                                                           ; LCCOMB_X63_Y13_N24 ; 22      ; Sync. clear                           ; no     ; --                   ; --               ; --                        ;
; huskylens_sensor_core:u_huskylens_sensor_core|UART_RX:uart_hl_rx|DATA[3]~1                                                                                             ; LCCOMB_X61_Y12_N14 ; 8       ; Clock enable                          ; no     ; --                   ; --               ; --                        ;
; huskylens_sensor_core:u_huskylens_sensor_core|UART_RX:uart_hl_rx|VALID                                                                                                 ; LCFF_X62_Y12_N17   ; 11      ; Sync. load                            ; no     ; --                   ; --               ; --                        ;
; huskylens_sensor_core:u_huskylens_sensor_core|UART_RX:uart_hl_rx|baud_cnt[8]~43                                                                                        ; LCCOMB_X63_Y12_N16 ; 16      ; Sync. clear                           ; no     ; --                   ; --               ; --                        ;
; huskylens_sensor_core:u_huskylens_sensor_core|UART_RX:uart_hl_rx|baud_cnt[8]~44                                                                                        ; LCCOMB_X63_Y12_N30 ; 16      ; Clock enable                          ; no     ; --                   ; --               ; --                        ;
; huskylens_sensor_core:u_huskylens_sensor_core|UART_TX:uart_hl_tx|baud_cnt[7]~24                                                                                        ; LCCOMB_X2_Y7_N10   ; 16      ; Sync. clear                           ; no     ; --                   ; --               ; --                        ;
; huskylens_sensor_core:u_huskylens_sensor_core|UART_TX:uart_hl_tx|baud_cnt[7]~25                                                                                        ; LCCOMB_X3_Y7_N14   ; 16      ; Clock enable                          ; no     ; --                   ; --               ; --                        ;
; huskylens_sensor_core:u_huskylens_sensor_core|UART_TX:uart_hl_tx|tx_shift[7]~1                                                                                         ; LCCOMB_X3_Y7_N2    ; 8       ; Clock enable                          ; no     ; --                   ; --               ; --                        ;
; huskylens_sensor_core:u_huskylens_sensor_core|byte_index[2]~3                                                                                                          ; LCCOMB_X6_Y8_N16   ; 4       ; Clock enable                          ; no     ; --                   ; --               ; --                        ;
; huskylens_sensor_core:u_huskylens_sensor_core|byte_seen_reg~1                                                                                                          ; LCCOMB_X59_Y11_N8  ; 11      ; Clock enable                          ; no     ; --                   ; --               ; --                        ;
; huskylens_sensor_core:u_huskylens_sensor_core|hl_tx_data~1                                                                                                             ; LCCOMB_X6_Y7_N14   ; 7       ; Clock enable                          ; no     ; --                   ; --               ; --                        ;
; huskylens_sensor_core:u_huskylens_sensor_core|obj_count[4]~1                                                                                                           ; LCCOMB_X58_Y12_N10 ; 8       ; Clock enable                          ; no     ; --                   ; --               ; --                        ;
; huskylens_sensor_core:u_huskylens_sensor_core|packet_kind~0                                                                                                            ; LCCOMB_X6_Y8_N26   ; 2       ; Clock enable                          ; no     ; --                   ; --               ; --                        ;
; huskylens_sensor_core:u_huskylens_sensor_core|packet_mode[0]~1                                                                                                         ; LCCOMB_X7_Y8_N10   ; 5       ; Clock enable                          ; no     ; --                   ; --               ; --                        ;
; huskylens_sensor_core:u_huskylens_sensor_core|slow_tick_count[0]~34                                                                                                    ; LCCOMB_X61_Y15_N24 ; 32      ; Sync. clear                           ; no     ; --                   ; --               ; --                        ;
; huskylens_sensor_core:u_huskylens_sensor_core|slow_tick_count[0]~35                                                                                                    ; LCCOMB_X58_Y17_N22 ; 32      ; Clock enable                          ; no     ; --                   ; --               ; --                        ;
; huskylens_sensor_core:u_huskylens_sensor_core|w[1]~0                                                                                                                   ; LCCOMB_X58_Y12_N0  ; 57      ; Clock enable                          ; no     ; --                   ; --               ; --                        ;
; ov7670_lcm_wall_core:u_ov7670_lcm_wall_core|Equal8~3                                                                                                                   ; LCCOMB_X57_Y2_N26  ; 13      ; Clock enable                          ; no     ; --                   ; --               ; --                        ;
; ov7670_lcm_wall_core:u_ov7670_lcm_wall_core|I2S_LCM_Config:u4|I2S_Controller:u0|LessThan0~4                                                                            ; LCCOMB_X63_Y25_N0  ; 17      ; Sync. clear                           ; no     ; --                   ; --               ; --                        ;
; ov7670_lcm_wall_core:u_ov7670_lcm_wall_core|I2S_LCM_Config:u4|I2S_Controller:u0|mI2S_CLK                                                                               ; LCFF_X64_Y19_N31   ; 30      ; Clock                                 ; yes    ; Global Clock         ; GCLK5            ; --                        ;
; ov7670_lcm_wall_core:u_ov7670_lcm_wall_core|I2S_LCM_Config:u4|I2S_Controller:u0|mSCLK~1                                                                                ; LCCOMB_X63_Y24_N14 ; 2       ; Clock enable                          ; no     ; --                   ; --               ; --                        ;
; ov7670_lcm_wall_core:u_ov7670_lcm_wall_core|I2S_LCM_Config:u4|I2S_Controller:u0|mSDATA~1                                                                               ; LCCOMB_X64_Y23_N30 ; 1       ; Output enable                         ; no     ; --                   ; --               ; --                        ;
; ov7670_lcm_wall_core:u_ov7670_lcm_wall_core|I2S_LCM_Config:u4|I2S_Controller:u0|mST[0]~16                                                                              ; LCCOMB_X63_Y23_N20 ; 5       ; Clock enable                          ; no     ; --                   ; --               ; --                        ;
; ov7670_lcm_wall_core:u_ov7670_lcm_wall_core|I2S_LCM_Config:u4|I2S_Controller:u0|mST[0]~5                                                                               ; LCCOMB_X64_Y23_N14 ; 2       ; Clock enable                          ; no     ; --                   ; --               ; --                        ;
; ov7670_lcm_wall_core:u_ov7670_lcm_wall_core|I2S_LCM_Config:u4|LUT_INDEX[5]~0                                                                                           ; LCCOMB_X64_Y24_N2  ; 6       ; Clock enable                          ; no     ; --                   ; --               ; --                        ;
; ov7670_lcm_wall_core:u_ov7670_lcm_wall_core|I2S_LCM_Config:u4|LessThan0~0                                                                                              ; LCCOMB_X64_Y24_N18 ; 7       ; Clock enable                          ; no     ; --                   ; --               ; --                        ;
; ov7670_lcm_wall_core:u_ov7670_lcm_wall_core|I2S_LCM_Config:u4|mI2S_DATA[0]~0                                                                                           ; LCCOMB_X64_Y24_N16 ; 10      ; Clock enable                          ; no     ; --                   ; --               ; --                        ;
; ov7670_lcm_wall_core:u_ov7670_lcm_wall_core|I2S_LCM_Config:u4|mI2S_STR                                                                                                 ; LCFF_X64_Y23_N25   ; 14      ; Sync. clear                           ; no     ; --                   ; --               ; --                        ;
; ov7670_lcm_wall_core:u_ov7670_lcm_wall_core|LCM_PLL:u0|altpll:altpll_component|_clk0                                                                                   ; PLL_1              ; 93      ; Clock                                 ; yes    ; Global Clock         ; GCLK3            ; --                        ;
; ov7670_lcm_wall_core:u_ov7670_lcm_wall_core|LessThan25~5                                                                                                               ; LCCOMB_X58_Y2_N28  ; 11      ; Sync. clear                           ; no     ; --                   ; --               ; --                        ;
; ov7670_lcm_wall_core:u_ov7670_lcm_wall_core|LessThan27~2                                                                                                               ; LCCOMB_X57_Y5_N0   ; 11      ; Sync. clear                           ; no     ; --                   ; --               ; --                        ;
; ov7670_lcm_wall_core:u_ov7670_lcm_wall_core|altsyncram:frame_buf_rtl_0|altsyncram_o4d1:auto_generated|altsyncram_rng1:altsyncram1|decode_6oa:decode4|w_anode562w[3]~0  ; LCCOMB_X51_Y4_N22  ; 8       ; Clock enable, Write enable            ; no     ; --                   ; --               ; --                        ;
; ov7670_lcm_wall_core:u_ov7670_lcm_wall_core|altsyncram:frame_buf_rtl_0|altsyncram_o4d1:auto_generated|altsyncram_rng1:altsyncram1|decode_6oa:decode4|w_anode572w[3]~0  ; LCCOMB_X51_Y4_N28  ; 8       ; Clock enable, Write enable            ; no     ; --                   ; --               ; --                        ;
; ov7670_lcm_wall_core:u_ov7670_lcm_wall_core|altsyncram:frame_buf_rtl_0|altsyncram_o4d1:auto_generated|altsyncram_rng1:altsyncram1|decode_6oa:decode4|w_anode582w[3]~0  ; LCCOMB_X51_Y4_N30  ; 8       ; Clock enable, Write enable            ; no     ; --                   ; --               ; --                        ;
; ov7670_lcm_wall_core:u_ov7670_lcm_wall_core|altsyncram:frame_buf_rtl_0|altsyncram_o4d1:auto_generated|altsyncram_rng1:altsyncram1|decode_6oa:decode4|w_anode592w[3]~0  ; LCCOMB_X51_Y4_N0   ; 8       ; Clock enable, Write enable            ; no     ; --                   ; --               ; --                        ;
; ov7670_lcm_wall_core:u_ov7670_lcm_wall_core|altsyncram:frame_buf_rtl_0|altsyncram_o4d1:auto_generated|altsyncram_rng1:altsyncram1|decode_6oa:decode_a|w_anode545w[3]~0 ; LCCOMB_X50_Y6_N22  ; 8       ; Clock enable                          ; no     ; --                   ; --               ; --                        ;
; ov7670_lcm_wall_core:u_ov7670_lcm_wall_core|altsyncram:frame_buf_rtl_0|altsyncram_o4d1:auto_generated|altsyncram_rng1:altsyncram1|decode_6oa:decode_a|w_anode562w[3]~0 ; LCCOMB_X50_Y6_N4   ; 8       ; Clock enable                          ; no     ; --                   ; --               ; --                        ;
; ov7670_lcm_wall_core:u_ov7670_lcm_wall_core|altsyncram:frame_buf_rtl_0|altsyncram_o4d1:auto_generated|altsyncram_rng1:altsyncram1|decode_6oa:decode_a|w_anode572w[3]   ; LCCOMB_X50_Y6_N6   ; 8       ; Clock enable                          ; no     ; --                   ; --               ; --                        ;
; ov7670_lcm_wall_core:u_ov7670_lcm_wall_core|altsyncram:frame_buf_rtl_0|altsyncram_o4d1:auto_generated|altsyncram_rng1:altsyncram1|decode_6oa:decode_a|w_anode582w[3]   ; LCCOMB_X50_Y6_N28  ; 8       ; Clock enable                          ; no     ; --                   ; --               ; --                        ;
; ov7670_lcm_wall_core:u_ov7670_lcm_wall_core|altsyncram:frame_buf_rtl_0|altsyncram_o4d1:auto_generated|altsyncram_rng1:altsyncram1|decode_6oa:decode_a|w_anode592w[3]   ; LCCOMB_X54_Y5_N0   ; 8       ; Clock enable                          ; no     ; --                   ; --               ; --                        ;
; ov7670_lcm_wall_core:u_ov7670_lcm_wall_core|always3~1                                                                                                                  ; LCCOMB_X58_Y2_N12  ; 8       ; Sync. clear                           ; no     ; --                   ; --               ; --                        ;
; ov7670_lcm_wall_core:u_ov7670_lcm_wall_core|cam_low_x~8                                                                                                                ; LCCOMB_X55_Y4_N2   ; 8       ; Clock enable                          ; no     ; --                   ; --               ; --                        ;
; ov7670_lcm_wall_core:u_ov7670_lcm_wall_core|cam_low_y[3]~17                                                                                                            ; LCCOMB_X54_Y4_N28  ; 7       ; Clock enable                          ; no     ; --                   ; --               ; --                        ;
; ov7670_lcm_wall_core:u_ov7670_lcm_wall_core|cam_y_sample_count[0]~1                                                                                                    ; LCCOMB_X55_Y4_N14  ; 3       ; Clock enable                          ; no     ; --                   ; --               ; --                        ;
; ov7670_lcm_wall_core:u_ov7670_lcm_wall_core|floor_sum[12]~72                                                                                                           ; LCCOMB_X55_Y4_N0   ; 24      ; Sync. clear                           ; no     ; --                   ; --               ; --                        ;
; ov7670_lcm_wall_core:u_ov7670_lcm_wall_core|floor_sum[12]~73                                                                                                           ; LCCOMB_X55_Y4_N6   ; 24      ; Clock enable                          ; no     ; --                   ; --               ; --                        ;
; ov7670_lcm_wall_core:u_ov7670_lcm_wall_core|frame_buf~33                                                                                                               ; LCCOMB_X51_Y4_N24  ; 9       ; Clock enable, Write enable            ; no     ; --                   ; --               ; --                        ;
; ov7670_lcm_wall_core:u_ov7670_lcm_wall_core|frame_buf~37                                                                                                               ; LCCOMB_X51_Y3_N12  ; 8       ; Clock enable                          ; no     ; --                   ; --               ; --                        ;
; ov7670_lcm_wall_core:u_ov7670_lcm_wall_core|front_sum[19]~66                                                                                                           ; LCCOMB_X62_Y9_N4   ; 24      ; Sync. clear                           ; no     ; --                   ; --               ; --                        ;
; ov7670_lcm_wall_core:u_ov7670_lcm_wall_core|front_sum[19]~67                                                                                                           ; LCCOMB_X62_Y9_N6   ; 24      ; Clock enable                          ; no     ; --                   ; --               ; --                        ;
; ov7670_lcm_wall_core:u_ov7670_lcm_wall_core|wall_detect_reg~2                                                                                                          ; LCCOMB_X57_Y8_N26  ; 21      ; Clock enable                          ; no     ; --                   ; --               ; --                        ;
+------------------------------------------------------------------------------------------------------------------------------------------------------------------------+--------------------+---------+---------------------------------------+--------+----------------------+------------------+---------------------------+


+---------------------------------------------------------------------------------------------------------------------------------------------------------------------------------------------+
; Global & Other Fast Signals                                                                                                                                                                 ;
+------------------------------------------------------------------------------------------+------------------+---------+----------------------+------------------+---------------------------+
; Name                                                                                     ; Location         ; Fan-Out ; Global Resource Used ; Global Line Name ; Enable Signal Source Name ;
+------------------------------------------------------------------------------------------+------------------+---------+----------------------+------------------+---------------------------+
; CLOCK_50                                                                                 ; PIN_N2           ; 9884    ; Global Clock         ; GCLK2            ; --                        ;
; ov7670_lcm_wall_core:u_ov7670_lcm_wall_core|I2S_LCM_Config:u4|I2S_Controller:u0|mI2S_CLK ; LCFF_X64_Y19_N31 ; 30      ; Global Clock         ; GCLK5            ; --                        ;
; ov7670_lcm_wall_core:u_ov7670_lcm_wall_core|LCM_PLL:u0|altpll:altpll_component|_clk0     ; PLL_1            ; 93      ; Global Clock         ; GCLK3            ; --                        ;
+------------------------------------------------------------------------------------------+------------------+---------+----------------------+------------------+---------------------------+


+----------------------------------------------------------------------------------------------------------------------------------------------------------------------------------+
; Non-Global High Fan-Out Signals                                                                                                                                                  ;
+------------------------------------------------------------------------------------------------------------------------------------------------------------------------+---------+
; Name                                                                                                                                                                   ; Fan-Out ;
+------------------------------------------------------------------------------------------------------------------------------------------------------------------------+---------+
; RV32I:u_rv32i|DATAPATH:DP|ALU:alu|Mux29~15                                                                                                                             ; 1076    ;
; RV32I:u_rv32i|DATAPATH:DP|ALU:alu|Mux27~7                                                                                                                              ; 1058    ;
; RV32I:u_rv32i|DATAPATH:DP|ALU:alu|Mux25~13                                                                                                                             ; 1051    ;
; RV32I:u_rv32i|DATAPATH:DP|ALU:alu|Mux28~8                                                                                                                              ; 1050    ;
; RV32I:u_rv32i|DATAPATH:DP|ALU:alu|Mux26~7                                                                                                                              ; 1048    ;
; RV32I:u_rv32i|DATAPATH:DP|ALU:alu|Mux24~10                                                                                                                             ; 1044    ;
; RV32I:u_rv32i|DATAPATH:DP|ALU:alu|Mux23~7                                                                                                                              ; 1036    ;
; RV32I:u_rv32i|DATAPATH:DP|ALU:alu|Mux22~7                                                                                                                              ; 1035    ;
; KEY[0]                                                                                                                                                                 ; 555     ;
; RV32I:u_rv32i|DATAPATH:DP|PC:pc|PC[3]                                                                                                                                  ; 296     ;
; RV32I:u_rv32i|DATAPATH:DP|PC:pc|PC[4]                                                                                                                                  ; 290     ;
; DMEM_MMIO:u_dmem_mmio|Equal1~0                                                                                                                                         ; 274     ;
; RV32I:u_rv32i|DATAPATH:DP|REGFILE:regfile|RD2[12]~19                                                                                                                   ; 258     ;
; RV32I:u_rv32i|DATAPATH:DP|REGFILE:regfile|RD2[14]~17                                                                                                                   ; 258     ;
; RV32I:u_rv32i|DATAPATH:DP|REGFILE:regfile|RD2[18]~13                                                                                                                   ; 258     ;
; RV32I:u_rv32i|DATAPATH:DP|REGFILE:regfile|RD2[20]~11                                                                                                                   ; 258     ;
; RV32I:u_rv32i|DATAPATH:DP|REGFILE:regfile|RD2[22]~9                                                                                                                    ; 258     ;
; RV32I:u_rv32i|DATAPATH:DP|REGFILE:regfile|RD2[25]~6                                                                                                                    ; 258     ;
; RV32I:u_rv32i|DATAPATH:DP|REGFILE:regfile|RD2[27]~4                                                                                                                    ; 258     ;
; RV32I:u_rv32i|DATAPATH:DP|REGFILE:regfile|RD2[28]~3                                                                                                                    ; 258     ;
; RV32I:u_rv32i|DATAPATH:DP|REGFILE:regfile|RD2[29]~2                                                                                                                    ; 258     ;
; RV32I:u_rv32i|DATAPATH:DP|REGFILE:regfile|RD2[30]~1                                                                                                                    ; 258     ;
; RV32I:u_rv32i|DATAPATH:DP|REGFILE:regfile|RD2[31]~21                                                                                                                   ; 257     ;
; RV32I:u_rv32i|DATAPATH:DP|REGFILE:regfile|RD2[11]~20                                                                                                                   ; 257     ;
; RV32I:u_rv32i|DATAPATH:DP|REGFILE:regfile|RD2[13]~18                                                                                                                   ; 257     ;
; RV32I:u_rv32i|DATAPATH:DP|REGFILE:regfile|RD2[15]~16                                                                                                                   ; 257     ;
; RV32I:u_rv32i|DATAPATH:DP|REGFILE:regfile|RD2[16]~15                                                                                                                   ; 257     ;
; RV32I:u_rv32i|DATAPATH:DP|REGFILE:regfile|RD2[17]~14                                                                                                                   ; 257     ;
; RV32I:u_rv32i|DATAPATH:DP|REGFILE:regfile|RD2[19]~12                                                                                                                   ; 257     ;
; RV32I:u_rv32i|DATAPATH:DP|REGFILE:regfile|RD2[21]~10                                                                                                                   ; 257     ;
; RV32I:u_rv32i|DATAPATH:DP|REGFILE:regfile|RD2[23]~8                                                                                                                    ; 257     ;
; RV32I:u_rv32i|DATAPATH:DP|REGFILE:regfile|RD2[24]~7                                                                                                                    ; 257     ;
; RV32I:u_rv32i|DATAPATH:DP|REGFILE:regfile|RD2[26]~5                                                                                                                    ; 257     ;
; RV32I:u_rv32i|DATAPATH:DP|REGFILE:regfile|RD2[0]~0                                                                                                                     ; 257     ;
; RV32I:u_rv32i|DATAPATH:DP|REGFILE:regfile|RD2[10]~31                                                                                                                   ; 256     ;
; RV32I:u_rv32i|DATAPATH:DP|REGFILE:regfile|RD2[6]~30                                                                                                                    ; 256     ;
; RV32I:u_rv32i|DATAPATH:DP|REGFILE:regfile|RD2[7]~29                                                                                                                    ; 256     ;
; RV32I:u_rv32i|DATAPATH:DP|REGFILE:regfile|RD2[8]~28                                                                                                                    ; 256     ;
; RV32I:u_rv32i|DATAPATH:DP|REGFILE:regfile|RD2[9]~27                                                                                                                    ; 256     ;
; RV32I:u_rv32i|DATAPATH:DP|REGFILE:regfile|RD2[5]~26                                                                                                                    ; 256     ;
; RV32I:u_rv32i|DATAPATH:DP|REGFILE:regfile|RD2[4]~25                                                                                                                    ; 256     ;
; RV32I:u_rv32i|DATAPATH:DP|REGFILE:regfile|RD2[3]~24                                                                                                                    ; 256     ;
; RV32I:u_rv32i|DATAPATH:DP|REGFILE:regfile|RD2[2]~23                                                                                                                    ; 256     ;
; RV32I:u_rv32i|DATAPATH:DP|REGFILE:regfile|RD2[1]~22                                                                                                                    ; 256     ;
; DMEM_MMIO:u_dmem_mmio|RAM~13634                                                                                                                                        ; 256     ;
; RV32I:u_rv32i|DATAPATH:DP|PC:pc|PC[5]                                                                                                                                  ; 247     ;
; IMEM:u_imem|RAM~114                                                                                                                                                    ; 241     ;
; IMEM:u_imem|RAM~236                                                                                                                                                    ; 240     ;
; IMEM:u_imem|RAM~213                                                                                                                                                    ; 240     ;
; IMEM:u_imem|RAM~187                                                                                                                                                    ; 240     ;
; IMEM:u_imem|RAM~164                                                                                                                                                    ; 240     ;
; IMEM:u_imem|RAM~140                                                                                                                                                    ; 240     ;
; IMEM:u_imem|RAM~139                                                                                                                                                    ; 240     ;
; IMEM:u_imem|RAM~138                                                                                                                                                    ; 240     ;
; RV32I:u_rv32i|DATAPATH:DP|PC:pc|PC[6]                                                                                                                                  ; 228     ;
; RV32I:u_rv32i|DATAPATH:DP|PC:pc|PC[7]                                                                                                                                  ; 224     ;
; RV32I:u_rv32i|DATAPATH:DP|PC:pc|PC[9]                                                                                                                                  ; 204     ;
; RV32I:u_rv32i|DATAPATH:DP|PC:pc|PC[8]                                                                                                                                  ; 176     ;
; GPIO_1[5]~7                                                                                                                                                            ; 166     ;
; RV32I:u_rv32i|DATAPATH:DP|PC:pc|PC[10]                                                                                                                                 ; 153     ;
; RV32I:u_rv32i|DATAPATH:DP|REGFILE:regfile|WideNor0                                                                                                                     ; 136     ;
; RV32I:u_rv32i|DATAPATH:DP|PC:pc|PC[2]                                                                                                                                  ; 127     ;
; RV32I:u_rv32i|CONTROLLER:CTRL|ALUDEC:AD|Mux3~2                                                                                                                         ; 104     ;
; RV32I:u_rv32i|DATAPATH:DP|ALU:alu|Mux2~4                                                                                                                               ; 98      ;
; RV32I:u_rv32i|CONTROLLER:CTRL|ALUDEC:AD|Mux4~4                                                                                                                         ; 93      ;
; RV32I:u_rv32i|DATAPATH:DP|ALU:alu|ShiftRight0~8                                                                                                                        ; 90      ;
; RV32I:u_rv32i|DATAPATH:DP|SrcB[0]~0                                                                                                                                    ; 86      ;
; IMEM:u_imem|RAM~137                                                                                                                                                    ; 68      ;
; RV32I:u_rv32i|DATAPATH:DP|ALU:alu|Mux2~5                                                                                                                               ; 62      ;
; huskylens_sensor_core:u_huskylens_sensor_core|HL_PARSER:hl_parser|OBJ_Y[0]~0                                                                                           ; 57      ;
; huskylens_sensor_core:u_huskylens_sensor_core|w[1]~0                                                                                                                   ; 57      ;
; RV32I:u_rv32i|DATAPATH:DP|ALU:alu|Mux29~2                                                                                                                              ; 49      ;
; RV32I:u_rv32i|CONTROLLER:CTRL|MAINDEC:MD|WideOr2~3                                                                                                                     ; 44      ;
; ov7670_lcm_wall_core:u_ov7670_lcm_wall_core|cam_low_x[4]                                                                                                               ; 44      ;
; ov7670_lcm_wall_core:u_ov7670_lcm_wall_core|cam_low_x[3]                                                                                                               ; 44      ;
; RV32I:u_rv32i|CONTROLLER:CTRL|MAINDEC:MD|WideOr1~4                                                                                                                     ; 43      ;
; ov7670_lcm_wall_core:u_ov7670_lcm_wall_core|cam_low_x[0]                                                                                                               ; 43      ;
; ov7670_lcm_wall_core:u_ov7670_lcm_wall_core|cam_low_x[1]                                                                                                               ; 43      ;
; ov7670_lcm_wall_core:u_ov7670_lcm_wall_core|cam_low_x[2]                                                                                                               ; 43      ;
; RV32I:u_rv32i|CONTROLLER:CTRL|MAINDEC:MD|RESULTSRC[0]~9                                                                                                                ; 42      ;
; ov7670_lcm_wall_core:u_ov7670_lcm_wall_core|Add8~12                                                                                                                    ; 41      ;
; ov7670_lcm_wall_core:u_ov7670_lcm_wall_core|Add8~10                                                                                                                    ; 41      ;
; ov7670_lcm_wall_core:u_ov7670_lcm_wall_core|Add8~8                                                                                                                     ; 41      ;
; ov7670_lcm_wall_core:u_ov7670_lcm_wall_core|Add8~6                                                                                                                     ; 41      ;
; ov7670_lcm_wall_core:u_ov7670_lcm_wall_core|Add8~4                                                                                                                     ; 41      ;
; ov7670_lcm_wall_core:u_ov7670_lcm_wall_core|Add8~2                                                                                                                     ; 41      ;
; ov7670_lcm_wall_core:u_ov7670_lcm_wall_core|Add8~0                                                                                                                     ; 41      ;
; ov7670_lcm_wall_core:u_ov7670_lcm_wall_core|Add16~26                                                                                                                   ; 40      ;
; ov7670_lcm_wall_core:u_ov7670_lcm_wall_core|Add16~25                                                                                                                   ; 40      ;
; ov7670_lcm_wall_core:u_ov7670_lcm_wall_core|Add16~24                                                                                                                   ; 40      ;
; ov7670_lcm_wall_core:u_ov7670_lcm_wall_core|Add16~23                                                                                                                   ; 40      ;
; ov7670_lcm_wall_core:u_ov7670_lcm_wall_core|Add16~22                                                                                                                   ; 40      ;
; ov7670_lcm_wall_core:u_ov7670_lcm_wall_core|Add16~21                                                                                                                   ; 40      ;
; ov7670_lcm_wall_core:u_ov7670_lcm_wall_core|Add16~20                                                                                                                   ; 40      ;
; ov7670_lcm_wall_core:u_ov7670_lcm_wall_core|frame_rd_addr~6                                                                                                            ; 40      ;
; ov7670_lcm_wall_core:u_ov7670_lcm_wall_core|frame_rd_addr~5                                                                                                            ; 40      ;
; ov7670_lcm_wall_core:u_ov7670_lcm_wall_core|frame_rd_addr~4                                                                                                            ; 40      ;
; ov7670_lcm_wall_core:u_ov7670_lcm_wall_core|frame_rd_addr~3                                                                                                            ; 40      ;
; ov7670_lcm_wall_core:u_ov7670_lcm_wall_core|frame_rd_addr~2                                                                                                            ; 40      ;
; IMEM:u_imem|RAM~254                                                                                                                                                    ; 35      ;
; GPIO_1[7]~0                                                                                                                                                            ; 34      ;
; RV32I:u_rv32i|CONTROLLER:CTRL|ALUDEC:AD|Mux2~1                                                                                                                         ; 34      ;
; RV32I:u_rv32i|DATAPATH:DP|REGFILE:regfile|WideNor1                                                                                                                     ; 34      ;
; RV32I:u_rv32i|CONTROLLER:CTRL|MAINDEC:MD|Decoder0~9                                                                                                                    ; 33      ;
; IMEM:u_imem|RAM~526                                                                                                                                                    ; 33      ;
; DMEM_MMIO:u_dmem_mmio|RAM~13920                                                                                                                                        ; 32      ;
; DMEM_MMIO:u_dmem_mmio|RAM~13919                                                                                                                                        ; 32      ;
; DMEM_MMIO:u_dmem_mmio|RAM~13918                                                                                                                                        ; 32      ;
; DMEM_MMIO:u_dmem_mmio|RAM~13917                                                                                                                                        ; 32      ;
; DMEM_MMIO:u_dmem_mmio|RAM~13916                                                                                                                                        ; 32      ;
; DMEM_MMIO:u_dmem_mmio|RAM~13915                                                                                                                                        ; 32      ;
; DMEM_MMIO:u_dmem_mmio|RAM~13914                                                                                                                                        ; 32      ;
; DMEM_MMIO:u_dmem_mmio|RAM~13913                                                                                                                                        ; 32      ;
; DMEM_MMIO:u_dmem_mmio|RAM~13912                                                                                                                                        ; 32      ;
; DMEM_MMIO:u_dmem_mmio|RAM~13911                                                                                                                                        ; 32      ;
; DMEM_MMIO:u_dmem_mmio|RAM~13910                                                                                                                                        ; 32      ;
; DMEM_MMIO:u_dmem_mmio|RAM~13909                                                                                                                                        ; 32      ;
; DMEM_MMIO:u_dmem_mmio|RAM~13908                                                                                                                                        ; 32      ;
; DMEM_MMIO:u_dmem_mmio|RAM~13907                                                                                                                                        ; 32      ;
; DMEM_MMIO:u_dmem_mmio|RAM~13906                                                                                                                                        ; 32      ;
; DMEM_MMIO:u_dmem_mmio|RAM~13905                                                                                                                                        ; 32      ;
; DMEM_MMIO:u_dmem_mmio|RAM~13904                                                                                                                                        ; 32      ;
; DMEM_MMIO:u_dmem_mmio|RAM~13903                                                                                                                                        ; 32      ;
; DMEM_MMIO:u_dmem_mmio|RAM~13902                                                                                                                                        ; 32      ;
; DMEM_MMIO:u_dmem_mmio|RAM~13901                                                                                                                                        ; 32      ;
; DMEM_MMIO:u_dmem_mmio|RAM~13900                                                                                                                                        ; 32      ;
; DMEM_MMIO:u_dmem_mmio|RAM~13899                                                                                                                                        ; 32      ;
; DMEM_MMIO:u_dmem_mmio|RAM~13898                                                                                                                                        ; 32      ;
; DMEM_MMIO:u_dmem_mmio|RAM~13897                                                                                                                                        ; 32      ;
; DMEM_MMIO:u_dmem_mmio|RAM~13896                                                                                                                                        ; 32      ;
; DMEM_MMIO:u_dmem_mmio|RAM~13895                                                                                                                                        ; 32      ;
; DMEM_MMIO:u_dmem_mmio|RAM~13894                                                                                                                                        ; 32      ;
; DMEM_MMIO:u_dmem_mmio|RAM~13893                                                                                                                                        ; 32      ;
; DMEM_MMIO:u_dmem_mmio|RAM~13892                                                                                                                                        ; 32      ;
; DMEM_MMIO:u_dmem_mmio|RAM~13891                                                                                                                                        ; 32      ;
; DMEM_MMIO:u_dmem_mmio|RAM~13890                                                                                                                                        ; 32      ;
; DMEM_MMIO:u_dmem_mmio|RAM~13889                                                                                                                                        ; 32      ;
; DMEM_MMIO:u_dmem_mmio|RAM~13888                                                                                                                                        ; 32      ;
; DMEM_MMIO:u_dmem_mmio|RAM~13887                                                                                                                                        ; 32      ;
; DMEM_MMIO:u_dmem_mmio|RAM~13886                                                                                                                                        ; 32      ;
; DMEM_MMIO:u_dmem_mmio|RAM~13885                                                                                                                                        ; 32      ;
; DMEM_MMIO:u_dmem_mmio|RAM~13884                                                                                                                                        ; 32      ;
; DMEM_MMIO:u_dmem_mmio|RAM~13883                                                                                                                                        ; 32      ;
; DMEM_MMIO:u_dmem_mmio|RAM~13882                                                                                                                                        ; 32      ;
; DMEM_MMIO:u_dmem_mmio|RAM~13881                                                                                                                                        ; 32      ;
; DMEM_MMIO:u_dmem_mmio|RAM~13880                                                                                                                                        ; 32      ;
; DMEM_MMIO:u_dmem_mmio|RAM~13879                                                                                                                                        ; 32      ;
; DMEM_MMIO:u_dmem_mmio|RAM~13878                                                                                                                                        ; 32      ;
; DMEM_MMIO:u_dmem_mmio|RAM~13877                                                                                                                                        ; 32      ;
; DMEM_MMIO:u_dmem_mmio|RAM~13875                                                                                                                                        ; 32      ;
; DMEM_MMIO:u_dmem_mmio|RAM~13874                                                                                                                                        ; 32      ;
; DMEM_MMIO:u_dmem_mmio|RAM~13873                                                                                                                                        ; 32      ;
; DMEM_MMIO:u_dmem_mmio|RAM~13872                                                                                                                                        ; 32      ;
; DMEM_MMIO:u_dmem_mmio|RAM~13870                                                                                                                                        ; 32      ;
; DMEM_MMIO:u_dmem_mmio|RAM~13869                                                                                                                                        ; 32      ;
; DMEM_MMIO:u_dmem_mmio|RAM~13868                                                                                                                                        ; 32      ;
; DMEM_MMIO:u_dmem_mmio|RAM~13867                                                                                                                                        ; 32      ;
; DMEM_MMIO:u_dmem_mmio|RAM~13866                                                                                                                                        ; 32      ;
; DMEM_MMIO:u_dmem_mmio|RAM~13865                                                                                                                                        ; 32      ;
; DMEM_MMIO:u_dmem_mmio|RAM~13864                                                                                                                                        ; 32      ;
; DMEM_MMIO:u_dmem_mmio|RAM~13863                                                                                                                                        ; 32      ;
; DMEM_MMIO:u_dmem_mmio|RAM~13862                                                                                                                                        ; 32      ;
; DMEM_MMIO:u_dmem_mmio|RAM~13861                                                                                                                                        ; 32      ;
; DMEM_MMIO:u_dmem_mmio|RAM~13860                                                                                                                                        ; 32      ;
; DMEM_MMIO:u_dmem_mmio|RAM~13859                                                                                                                                        ; 32      ;
; DMEM_MMIO:u_dmem_mmio|RAM~13857                                                                                                                                        ; 32      ;
; DMEM_MMIO:u_dmem_mmio|RAM~13856                                                                                                                                        ; 32      ;
; DMEM_MMIO:u_dmem_mmio|RAM~13855                                                                                                                                        ; 32      ;
; DMEM_MMIO:u_dmem_mmio|RAM~13854                                                                                                                                        ; 32      ;
; DMEM_MMIO:u_dmem_mmio|RAM~13852                                                                                                                                        ; 32      ;
; DMEM_MMIO:u_dmem_mmio|RAM~13851                                                                                                                                        ; 32      ;
; DMEM_MMIO:u_dmem_mmio|RAM~13850                                                                                                                                        ; 32      ;
; DMEM_MMIO:u_dmem_mmio|RAM~13849                                                                                                                                        ; 32      ;
; DMEM_MMIO:u_dmem_mmio|RAM~13848                                                                                                                                        ; 32      ;
; DMEM_MMIO:u_dmem_mmio|RAM~13847                                                                                                                                        ; 32      ;
; DMEM_MMIO:u_dmem_mmio|RAM~13846                                                                                                                                        ; 32      ;
; DMEM_MMIO:u_dmem_mmio|RAM~13845                                                                                                                                        ; 32      ;
; DMEM_MMIO:u_dmem_mmio|RAM~13844                                                                                                                                        ; 32      ;
; DMEM_MMIO:u_dmem_mmio|RAM~13843                                                                                                                                        ; 32      ;
; DMEM_MMIO:u_dmem_mmio|RAM~13842                                                                                                                                        ; 32      ;
; DMEM_MMIO:u_dmem_mmio|RAM~13841                                                                                                                                        ; 32      ;
; DMEM_MMIO:u_dmem_mmio|RAM~13840                                                                                                                                        ; 32      ;
; DMEM_MMIO:u_dmem_mmio|RAM~13839                                                                                                                                        ; 32      ;
; DMEM_MMIO:u_dmem_mmio|RAM~13838                                                                                                                                        ; 32      ;
; DMEM_MMIO:u_dmem_mmio|RAM~13837                                                                                                                                        ; 32      ;
; DMEM_MMIO:u_dmem_mmio|RAM~13836                                                                                                                                        ; 32      ;
; DMEM_MMIO:u_dmem_mmio|RAM~13835                                                                                                                                        ; 32      ;
; DMEM_MMIO:u_dmem_mmio|RAM~13834                                                                                                                                        ; 32      ;
; DMEM_MMIO:u_dmem_mmio|RAM~13833                                                                                                                                        ; 32      ;
; DMEM_MMIO:u_dmem_mmio|RAM~13832                                                                                                                                        ; 32      ;
; DMEM_MMIO:u_dmem_mmio|RAM~13831                                                                                                                                        ; 32      ;
; DMEM_MMIO:u_dmem_mmio|RAM~13830                                                                                                                                        ; 32      ;
; DMEM_MMIO:u_dmem_mmio|RAM~13829                                                                                                                                        ; 32      ;
; DMEM_MMIO:u_dmem_mmio|RAM~13828                                                                                                                                        ; 32      ;
; DMEM_MMIO:u_dmem_mmio|RAM~13827                                                                                                                                        ; 32      ;
; DMEM_MMIO:u_dmem_mmio|RAM~13826                                                                                                                                        ; 32      ;
; DMEM_MMIO:u_dmem_mmio|RAM~13825                                                                                                                                        ; 32      ;
; DMEM_MMIO:u_dmem_mmio|RAM~13824                                                                                                                                        ; 32      ;
; DMEM_MMIO:u_dmem_mmio|RAM~13823                                                                                                                                        ; 32      ;
; DMEM_MMIO:u_dmem_mmio|RAM~13822                                                                                                                                        ; 32      ;
; DMEM_MMIO:u_dmem_mmio|RAM~13821                                                                                                                                        ; 32      ;
; DMEM_MMIO:u_dmem_mmio|RAM~13820                                                                                                                                        ; 32      ;
; DMEM_MMIO:u_dmem_mmio|RAM~13819                                                                                                                                        ; 32      ;
; DMEM_MMIO:u_dmem_mmio|RAM~13818                                                                                                                                        ; 32      ;
; DMEM_MMIO:u_dmem_mmio|RAM~13817                                                                                                                                        ; 32      ;
; DMEM_MMIO:u_dmem_mmio|RAM~13816                                                                                                                                        ; 32      ;
; DMEM_MMIO:u_dmem_mmio|RAM~13815                                                                                                                                        ; 32      ;
; DMEM_MMIO:u_dmem_mmio|RAM~13814                                                                                                                                        ; 32      ;
; DMEM_MMIO:u_dmem_mmio|RAM~13813                                                                                                                                        ; 32      ;
; DMEM_MMIO:u_dmem_mmio|RAM~13812                                                                                                                                        ; 32      ;
; DMEM_MMIO:u_dmem_mmio|RAM~13811                                                                                                                                        ; 32      ;
; DMEM_MMIO:u_dmem_mmio|RAM~13810                                                                                                                                        ; 32      ;
; DMEM_MMIO:u_dmem_mmio|RAM~13809                                                                                                                                        ; 32      ;
; DMEM_MMIO:u_dmem_mmio|RAM~13807                                                                                                                                        ; 32      ;
; DMEM_MMIO:u_dmem_mmio|RAM~13806                                                                                                                                        ; 32      ;
; DMEM_MMIO:u_dmem_mmio|RAM~13805                                                                                                                                        ; 32      ;
; DMEM_MMIO:u_dmem_mmio|RAM~13804                                                                                                                                        ; 32      ;
; DMEM_MMIO:u_dmem_mmio|RAM~13802                                                                                                                                        ; 32      ;
; DMEM_MMIO:u_dmem_mmio|RAM~13801                                                                                                                                        ; 32      ;
; DMEM_MMIO:u_dmem_mmio|RAM~13800                                                                                                                                        ; 32      ;
; DMEM_MMIO:u_dmem_mmio|RAM~13799                                                                                                                                        ; 32      ;
; DMEM_MMIO:u_dmem_mmio|RAM~13798                                                                                                                                        ; 32      ;
; DMEM_MMIO:u_dmem_mmio|RAM~13797                                                                                                                                        ; 32      ;
; DMEM_MMIO:u_dmem_mmio|RAM~13796                                                                                                                                        ; 32      ;
; DMEM_MMIO:u_dmem_mmio|RAM~13795                                                                                                                                        ; 32      ;
; DMEM_MMIO:u_dmem_mmio|RAM~13794                                                                                                                                        ; 32      ;
; DMEM_MMIO:u_dmem_mmio|RAM~13793                                                                                                                                        ; 32      ;
; DMEM_MMIO:u_dmem_mmio|RAM~13792                                                                                                                                        ; 32      ;
; DMEM_MMIO:u_dmem_mmio|RAM~13791                                                                                                                                        ; 32      ;
; DMEM_MMIO:u_dmem_mmio|RAM~13789                                                                                                                                        ; 32      ;
; DMEM_MMIO:u_dmem_mmio|RAM~13788                                                                                                                                        ; 32      ;
; DMEM_MMIO:u_dmem_mmio|RAM~13787                                                                                                                                        ; 32      ;
; DMEM_MMIO:u_dmem_mmio|RAM~13786                                                                                                                                        ; 32      ;
; DMEM_MMIO:u_dmem_mmio|RAM~13784                                                                                                                                        ; 32      ;
; DMEM_MMIO:u_dmem_mmio|RAM~13783                                                                                                                                        ; 32      ;
; DMEM_MMIO:u_dmem_mmio|RAM~13782                                                                                                                                        ; 32      ;
; DMEM_MMIO:u_dmem_mmio|RAM~13781                                                                                                                                        ; 32      ;
; DMEM_MMIO:u_dmem_mmio|RAM~13780                                                                                                                                        ; 32      ;
; DMEM_MMIO:u_dmem_mmio|RAM~13779                                                                                                                                        ; 32      ;
; DMEM_MMIO:u_dmem_mmio|RAM~13778                                                                                                                                        ; 32      ;
; DMEM_MMIO:u_dmem_mmio|RAM~13777                                                                                                                                        ; 32      ;
; DMEM_MMIO:u_dmem_mmio|RAM~13776                                                                                                                                        ; 32      ;
; DMEM_MMIO:u_dmem_mmio|RAM~13775                                                                                                                                        ; 32      ;
; DMEM_MMIO:u_dmem_mmio|RAM~13774                                                                                                                                        ; 32      ;
; DMEM_MMIO:u_dmem_mmio|RAM~13773                                                                                                                                        ; 32      ;
; DMEM_MMIO:u_dmem_mmio|RAM~13772                                                                                                                                        ; 32      ;
; DMEM_MMIO:u_dmem_mmio|RAM~13771                                                                                                                                        ; 32      ;
; DMEM_MMIO:u_dmem_mmio|RAM~13770                                                                                                                                        ; 32      ;
; DMEM_MMIO:u_dmem_mmio|RAM~13769                                                                                                                                        ; 32      ;
; DMEM_MMIO:u_dmem_mmio|RAM~13768                                                                                                                                        ; 32      ;
; DMEM_MMIO:u_dmem_mmio|RAM~13767                                                                                                                                        ; 32      ;
; DMEM_MMIO:u_dmem_mmio|RAM~13766                                                                                                                                        ; 32      ;
; DMEM_MMIO:u_dmem_mmio|RAM~13765                                                                                                                                        ; 32      ;
; DMEM_MMIO:u_dmem_mmio|RAM~13764                                                                                                                                        ; 32      ;
; DMEM_MMIO:u_dmem_mmio|RAM~13763                                                                                                                                        ; 32      ;
; DMEM_MMIO:u_dmem_mmio|RAM~13762                                                                                                                                        ; 32      ;
; DMEM_MMIO:u_dmem_mmio|RAM~13761                                                                                                                                        ; 32      ;
; DMEM_MMIO:u_dmem_mmio|RAM~13760                                                                                                                                        ; 32      ;
; DMEM_MMIO:u_dmem_mmio|RAM~13759                                                                                                                                        ; 32      ;
; DMEM_MMIO:u_dmem_mmio|RAM~13758                                                                                                                                        ; 32      ;
; DMEM_MMIO:u_dmem_mmio|RAM~13757                                                                                                                                        ; 32      ;
; DMEM_MMIO:u_dmem_mmio|RAM~13756                                                                                                                                        ; 32      ;
; DMEM_MMIO:u_dmem_mmio|RAM~13755                                                                                                                                        ; 32      ;
; DMEM_MMIO:u_dmem_mmio|RAM~13754                                                                                                                                        ; 32      ;
; DMEM_MMIO:u_dmem_mmio|RAM~13753                                                                                                                                        ; 32      ;
; DMEM_MMIO:u_dmem_mmio|RAM~13752                                                                                                                                        ; 32      ;
; DMEM_MMIO:u_dmem_mmio|RAM~13751                                                                                                                                        ; 32      ;
; DMEM_MMIO:u_dmem_mmio|RAM~13750                                                                                                                                        ; 32      ;
; DMEM_MMIO:u_dmem_mmio|RAM~13749                                                                                                                                        ; 32      ;
; DMEM_MMIO:u_dmem_mmio|RAM~13748                                                                                                                                        ; 32      ;
; DMEM_MMIO:u_dmem_mmio|RAM~13747                                                                                                                                        ; 32      ;
; DMEM_MMIO:u_dmem_mmio|RAM~13746                                                                                                                                        ; 32      ;
; DMEM_MMIO:u_dmem_mmio|RAM~13745                                                                                                                                        ; 32      ;
; DMEM_MMIO:u_dmem_mmio|RAM~13744                                                                                                                                        ; 32      ;
; DMEM_MMIO:u_dmem_mmio|RAM~13743                                                                                                                                        ; 32      ;
; DMEM_MMIO:u_dmem_mmio|RAM~13742                                                                                                                                        ; 32      ;
; DMEM_MMIO:u_dmem_mmio|RAM~13741                                                                                                                                        ; 32      ;
; DMEM_MMIO:u_dmem_mmio|RAM~13740                                                                                                                                        ; 32      ;
; DMEM_MMIO:u_dmem_mmio|RAM~13739                                                                                                                                        ; 32      ;
; DMEM_MMIO:u_dmem_mmio|RAM~13738                                                                                                                                        ; 32      ;
; DMEM_MMIO:u_dmem_mmio|RAM~13737                                                                                                                                        ; 32      ;
; DMEM_MMIO:u_dmem_mmio|RAM~13736                                                                                                                                        ; 32      ;
; DMEM_MMIO:u_dmem_mmio|RAM~13735                                                                                                                                        ; 32      ;
; DMEM_MMIO:u_dmem_mmio|RAM~13734                                                                                                                                        ; 32      ;
; DMEM_MMIO:u_dmem_mmio|RAM~13733                                                                                                                                        ; 32      ;
; DMEM_MMIO:u_dmem_mmio|RAM~13732                                                                                                                                        ; 32      ;
; DMEM_MMIO:u_dmem_mmio|RAM~13731                                                                                                                                        ; 32      ;
; DMEM_MMIO:u_dmem_mmio|RAM~13730                                                                                                                                        ; 32      ;
; DMEM_MMIO:u_dmem_mmio|RAM~13729                                                                                                                                        ; 32      ;
; DMEM_MMIO:u_dmem_mmio|RAM~13728                                                                                                                                        ; 32      ;
; DMEM_MMIO:u_dmem_mmio|RAM~13727                                                                                                                                        ; 32      ;
; DMEM_MMIO:u_dmem_mmio|RAM~13726                                                                                                                                        ; 32      ;
; DMEM_MMIO:u_dmem_mmio|RAM~13724                                                                                                                                        ; 32      ;
; DMEM_MMIO:u_dmem_mmio|RAM~13722                                                                                                                                        ; 32      ;
; DMEM_MMIO:u_dmem_mmio|RAM~13721                                                                                                                                        ; 32      ;
; DMEM_MMIO:u_dmem_mmio|RAM~13720                                                                                                                                        ; 32      ;
; DMEM_MMIO:u_dmem_mmio|RAM~13718                                                                                                                                        ; 32      ;
; DMEM_MMIO:u_dmem_mmio|RAM~13716                                                                                                                                        ; 32      ;
; DMEM_MMIO:u_dmem_mmio|RAM~13715                                                                                                                                        ; 32      ;
; DMEM_MMIO:u_dmem_mmio|RAM~13714                                                                                                                                        ; 32      ;
; DMEM_MMIO:u_dmem_mmio|RAM~13713                                                                                                                                        ; 32      ;
; DMEM_MMIO:u_dmem_mmio|RAM~13712                                                                                                                                        ; 32      ;
; DMEM_MMIO:u_dmem_mmio|RAM~13711                                                                                                                                        ; 32      ;
; DMEM_MMIO:u_dmem_mmio|RAM~13710                                                                                                                                        ; 32      ;
; DMEM_MMIO:u_dmem_mmio|RAM~13709                                                                                                                                        ; 32      ;
; DMEM_MMIO:u_dmem_mmio|RAM~13708                                                                                                                                        ; 32      ;
; DMEM_MMIO:u_dmem_mmio|RAM~13707                                                                                                                                        ; 32      ;
; DMEM_MMIO:u_dmem_mmio|RAM~13706                                                                                                                                        ; 32      ;
; DMEM_MMIO:u_dmem_mmio|RAM~13705                                                                                                                                        ; 32      ;
; DMEM_MMIO:u_dmem_mmio|RAM~13704                                                                                                                                        ; 32      ;
; DMEM_MMIO:u_dmem_mmio|RAM~13703                                                                                                                                        ; 32      ;
; DMEM_MMIO:u_dmem_mmio|RAM~13702                                                                                                                                        ; 32      ;
; DMEM_MMIO:u_dmem_mmio|RAM~13701                                                                                                                                        ; 32      ;
; DMEM_MMIO:u_dmem_mmio|RAM~13700                                                                                                                                        ; 32      ;
; DMEM_MMIO:u_dmem_mmio|RAM~13699                                                                                                                                        ; 32      ;
; DMEM_MMIO:u_dmem_mmio|RAM~13698                                                                                                                                        ; 32      ;
; DMEM_MMIO:u_dmem_mmio|RAM~13697                                                                                                                                        ; 32      ;
; DMEM_MMIO:u_dmem_mmio|RAM~13696                                                                                                                                        ; 32      ;
; DMEM_MMIO:u_dmem_mmio|RAM~13695                                                                                                                                        ; 32      ;
; DMEM_MMIO:u_dmem_mmio|RAM~13694                                                                                                                                        ; 32      ;
; DMEM_MMIO:u_dmem_mmio|RAM~13693                                                                                                                                        ; 32      ;
; DMEM_MMIO:u_dmem_mmio|RAM~13692                                                                                                                                        ; 32      ;
; DMEM_MMIO:u_dmem_mmio|RAM~13691                                                                                                                                        ; 32      ;
; DMEM_MMIO:u_dmem_mmio|RAM~13690                                                                                                                                        ; 32      ;
; DMEM_MMIO:u_dmem_mmio|RAM~13689                                                                                                                                        ; 32      ;
; DMEM_MMIO:u_dmem_mmio|RAM~13688                                                                                                                                        ; 32      ;
; DMEM_MMIO:u_dmem_mmio|RAM~13687                                                                                                                                        ; 32      ;
; DMEM_MMIO:u_dmem_mmio|RAM~13686                                                                                                                                        ; 32      ;
; DMEM_MMIO:u_dmem_mmio|RAM~13685                                                                                                                                        ; 32      ;
; DMEM_MMIO:u_dmem_mmio|RAM~13684                                                                                                                                        ; 32      ;
; DMEM_MMIO:u_dmem_mmio|RAM~13683                                                                                                                                        ; 32      ;
; DMEM_MMIO:u_dmem_mmio|RAM~13682                                                                                                                                        ; 32      ;
; DMEM_MMIO:u_dmem_mmio|RAM~13680                                                                                                                                        ; 32      ;
; DMEM_MMIO:u_dmem_mmio|RAM~13678                                                                                                                                        ; 32      ;
; DMEM_MMIO:u_dmem_mmio|RAM~13677                                                                                                                                        ; 32      ;
; DMEM_MMIO:u_dmem_mmio|RAM~13676                                                                                                                                        ; 32      ;
; DMEM_MMIO:u_dmem_mmio|RAM~13674                                                                                                                                        ; 32      ;
; DMEM_MMIO:u_dmem_mmio|RAM~13672                                                                                                                                        ; 32      ;
; DMEM_MMIO:u_dmem_mmio|RAM~13671                                                                                                                                        ; 32      ;
; DMEM_MMIO:u_dmem_mmio|RAM~13670                                                                                                                                        ; 32      ;
; DMEM_MMIO:u_dmem_mmio|RAM~13668                                                                                                                                        ; 32      ;
; DMEM_MMIO:u_dmem_mmio|RAM~13666                                                                                                                                        ; 32      ;
; DMEM_MMIO:u_dmem_mmio|RAM~13665                                                                                                                                        ; 32      ;
; DMEM_MMIO:u_dmem_mmio|RAM~13664                                                                                                                                        ; 32      ;
; DMEM_MMIO:u_dmem_mmio|RAM~13661                                                                                                                                        ; 32      ;
; DMEM_MMIO:u_dmem_mmio|RAM~13658                                                                                                                                        ; 32      ;
; DMEM_MMIO:u_dmem_mmio|RAM~13657                                                                                                                                        ; 32      ;
; DMEM_MMIO:u_dmem_mmio|RAM~13656                                                                                                                                        ; 32      ;
; DMEM_MMIO:u_dmem_mmio|RAM~13654                                                                                                                                        ; 32      ;
; DMEM_MMIO:u_dmem_mmio|RAM~13652                                                                                                                                        ; 32      ;
; DMEM_MMIO:u_dmem_mmio|RAM~13651                                                                                                                                        ; 32      ;
; DMEM_MMIO:u_dmem_mmio|RAM~13650                                                                                                                                        ; 32      ;
; DMEM_MMIO:u_dmem_mmio|RAM~13648                                                                                                                                        ; 32      ;
; DMEM_MMIO:u_dmem_mmio|RAM~13646                                                                                                                                        ; 32      ;
; DMEM_MMIO:u_dmem_mmio|RAM~13645                                                                                                                                        ; 32      ;
; DMEM_MMIO:u_dmem_mmio|RAM~13644                                                                                                                                        ; 32      ;
; DMEM_MMIO:u_dmem_mmio|RAM~13642                                                                                                                                        ; 32      ;
; DMEM_MMIO:u_dmem_mmio|RAM~13640                                                                                                                                        ; 32      ;
; DMEM_MMIO:u_dmem_mmio|RAM~13639                                                                                                                                        ; 32      ;
; DMEM_MMIO:u_dmem_mmio|RAM~13638                                                                                                                                        ; 32      ;
; DMEM_MMIO:u_dmem_mmio|RAM~13635                                                                                                                                        ; 32      ;
; huskylens_sensor_core:u_huskylens_sensor_core|slow_tick_count[0]~35                                                                                                    ; 32      ;
; huskylens_sensor_core:u_huskylens_sensor_core|slow_tick_count[0]~34                                                                                                    ; 32      ;
; RV32I:u_rv32i|DATAPATH:DP|result[10]~175                                                                                                                               ; 32      ;
; RV32I:u_rv32i|DATAPATH:DP|result[11]~169                                                                                                                               ; 32      ;
; RV32I:u_rv32i|DATAPATH:DP|result[12]~163                                                                                                                               ; 32      ;
; RV32I:u_rv32i|DATAPATH:DP|result[13]~157                                                                                                                               ; 32      ;
; RV32I:u_rv32i|DATAPATH:DP|result[14]~151                                                                                                                               ; 32      ;
; RV32I:u_rv32i|DATAPATH:DP|result[15]~145                                                                                                                               ; 32      ;
; RV32I:u_rv32i|DATAPATH:DP|result[16]~139                                                                                                                               ; 32      ;
; RV32I:u_rv32i|DATAPATH:DP|result[17]~133                                                                                                                               ; 32      ;
; RV32I:u_rv32i|DATAPATH:DP|result[6]~127                                                                                                                                ; 32      ;
; RV32I:u_rv32i|DATAPATH:DP|result[7]~120                                                                                                                                ; 32      ;
; RV32I:u_rv32i|DATAPATH:DP|result[8]~113                                                                                                                                ; 32      ;
; RV32I:u_rv32i|DATAPATH:DP|result[9]~107                                                                                                                                ; 32      ;
; RV32I:u_rv32i|DATAPATH:DP|result[5]~100                                                                                                                                ; 32      ;
; RV32I:u_rv32i|DATAPATH:DP|result[18]~93                                                                                                                                ; 32      ;
; RV32I:u_rv32i|DATAPATH:DP|result[19]~89                                                                                                                                ; 32      ;
; RV32I:u_rv32i|DATAPATH:DP|result[20]~85                                                                                                                                ; 32      ;
; RV32I:u_rv32i|DATAPATH:DP|result[21]~81                                                                                                                                ; 32      ;
; RV32I:u_rv32i|DATAPATH:DP|result[22]~77                                                                                                                                ; 32      ;
; RV32I:u_rv32i|DATAPATH:DP|result[23]~73                                                                                                                                ; 32      ;
; RV32I:u_rv32i|DATAPATH:DP|result[24]~66                                                                                                                                ; 32      ;
; RV32I:u_rv32i|DATAPATH:DP|result[25]~64                                                                                                                                ; 32      ;
; RV32I:u_rv32i|DATAPATH:DP|result[26]~60                                                                                                                                ; 32      ;
; RV32I:u_rv32i|DATAPATH:DP|result[27]~57                                                                                                                                ; 32      ;
; RV32I:u_rv32i|DATAPATH:DP|result[28]~53                                                                                                                                ; 32      ;
; RV32I:u_rv32i|DATAPATH:DP|result[29]~50                                                                                                                                ; 32      ;
; RV32I:u_rv32i|DATAPATH:DP|result[30]~44                                                                                                                                ; 32      ;
; RV32I:u_rv32i|DATAPATH:DP|result[31]~41                                                                                                                                ; 32      ;
; RV32I:u_rv32i|DATAPATH:DP|result[4]~36                                                                                                                                 ; 32      ;
; RV32I:u_rv32i|DATAPATH:DP|result[3]~24                                                                                                                                 ; 32      ;
; RV32I:u_rv32i|DATAPATH:DP|result[2]~17                                                                                                                                 ; 32      ;
; RV32I:u_rv32i|DATAPATH:DP|result[1]~4                                                                                                                                  ; 32      ;
; RV32I:u_rv32i|DATAPATH:DP|REGFILE:regfile|RF~2426                                                                                                                      ; 32      ;
; RV32I:u_rv32i|DATAPATH:DP|REGFILE:regfile|RF~2425                                                                                                                      ; 32      ;
; RV32I:u_rv32i|DATAPATH:DP|REGFILE:regfile|RF~2424                                                                                                                      ; 32      ;
; RV32I:u_rv32i|DATAPATH:DP|REGFILE:regfile|RF~2423                                                                                                                      ; 32      ;
; RV32I:u_rv32i|DATAPATH:DP|REGFILE:regfile|RF~2422                                                                                                                      ; 32      ;
; RV32I:u_rv32i|DATAPATH:DP|REGFILE:regfile|RF~2421                                                                                                                      ; 32      ;
; RV32I:u_rv32i|DATAPATH:DP|REGFILE:regfile|RF~2420                                                                                                                      ; 32      ;
; RV32I:u_rv32i|DATAPATH:DP|REGFILE:regfile|RF~2419                                                                                                                      ; 32      ;
; RV32I:u_rv32i|DATAPATH:DP|REGFILE:regfile|RF~2418                                                                                                                      ; 32      ;
; RV32I:u_rv32i|DATAPATH:DP|REGFILE:regfile|RF~2417                                                                                                                      ; 32      ;
; RV32I:u_rv32i|DATAPATH:DP|REGFILE:regfile|RF~2416                                                                                                                      ; 32      ;
; RV32I:u_rv32i|DATAPATH:DP|REGFILE:regfile|RF~2415                                                                                                                      ; 32      ;
; RV32I:u_rv32i|DATAPATH:DP|REGFILE:regfile|RF~2414                                                                                                                      ; 32      ;
; RV32I:u_rv32i|DATAPATH:DP|REGFILE:regfile|RF~2413                                                                                                                      ; 32      ;
; RV32I:u_rv32i|DATAPATH:DP|REGFILE:regfile|RF~2412                                                                                                                      ; 32      ;
; RV32I:u_rv32i|DATAPATH:DP|REGFILE:regfile|RF~2411                                                                                                                      ; 32      ;
; RV32I:u_rv32i|DATAPATH:DP|REGFILE:regfile|RF~2410                                                                                                                      ; 32      ;
; RV32I:u_rv32i|DATAPATH:DP|REGFILE:regfile|RF~2408                                                                                                                      ; 32      ;
; RV32I:u_rv32i|DATAPATH:DP|REGFILE:regfile|RF~2406                                                                                                                      ; 32      ;
; RV32I:u_rv32i|DATAPATH:DP|REGFILE:regfile|RF~2404                                                                                                                      ; 32      ;
; RV32I:u_rv32i|DATAPATH:DP|REGFILE:regfile|RF~2402                                                                                                                      ; 32      ;
; RV32I:u_rv32i|DATAPATH:DP|REGFILE:regfile|RF~2400                                                                                                                      ; 32      ;
; RV32I:u_rv32i|DATAPATH:DP|REGFILE:regfile|RF~2398                                                                                                                      ; 32      ;
; RV32I:u_rv32i|DATAPATH:DP|REGFILE:regfile|RF~2396                                                                                                                      ; 32      ;
; RV32I:u_rv32i|DATAPATH:DP|REGFILE:regfile|RF~2394                                                                                                                      ; 32      ;
; RV32I:u_rv32i|DATAPATH:DP|REGFILE:regfile|RF~2392                                                                                                                      ; 32      ;
; RV32I:u_rv32i|DATAPATH:DP|REGFILE:regfile|RF~2390                                                                                                                      ; 32      ;
; RV32I:u_rv32i|DATAPATH:DP|REGFILE:regfile|RF~2388                                                                                                                      ; 32      ;
; RV32I:u_rv32i|DATAPATH:DP|REGFILE:regfile|RF~2386                                                                                                                      ; 32      ;
; RV32I:u_rv32i|DATAPATH:DP|REGFILE:regfile|RF~2384                                                                                                                      ; 32      ;
; RV32I:u_rv32i|DATAPATH:DP|REGFILE:regfile|RF~2382                                                                                                                      ; 32      ;
; RV32I:u_rv32i|DATAPATH:DP|REGFILE:regfile|RF~2380                                                                                                                      ; 32      ;
; RV32I:u_rv32i|CONTROLLER:CTRL|MAINDEC:MD|WideOr0~3                                                                                                                     ; 32      ;
; RV32I:u_rv32i|DATAPATH:DP|result[0]~2                                                                                                                                  ; 32      ;
; RV32I:u_rv32i|CONTROLLER:CTRL|PCSRC~12                                                                                                                                 ; 32      ;
; DMEM_MMIO:u_dmem_mmio|HEX_OUT[1]~3                                                                                                                                     ; 32      ;
; IMEM:u_imem|RAM~255                                                                                                                                                    ; 32      ;
; DMEM_MMIO:u_dmem_mmio|HEX_OUT~0                                                                                                                                        ; 32      ;
; RV32I:u_rv32i|CONTROLLER:CTRL|ALUDEC:AD|Mux1~1                                                                                                                         ; 31      ;
; RV32I:u_rv32i|CONTROLLER:CTRL|MAINDEC:MD|IMMSRC[2]~4                                                                                                                   ; 26      ;
; ov7670_lcm_wall_core:u_ov7670_lcm_wall_core|lcd_active~4                                                                                                               ; 25      ;
; ov7670_lcm_wall_core:u_ov7670_lcm_wall_core|floor_sum[12]~73                                                                                                           ; 24      ;
; ov7670_lcm_wall_core:u_ov7670_lcm_wall_core|floor_sum[12]~72                                                                                                           ; 24      ;
; ov7670_lcm_wall_core:u_ov7670_lcm_wall_core|front_sum[19]~67                                                                                                           ; 24      ;
; ov7670_lcm_wall_core:u_ov7670_lcm_wall_core|front_sum[19]~66                                                                                                           ; 24      ;
; DMEM_MMIO:u_dmem_mmio|cpu_mmio_activity_count[14]~27                                                                                                                   ; 24      ;
; DMEM_MMIO:u_dmem_mmio|cpu_mmio_activity_count[14]~26                                                                                                                   ; 24      ;
; Equal0~20                                                                                                                                                              ; 24      ;
; huskylens_sensor_core:u_huskylens_sensor_core|TIMER:timer_inst|counter[4]~24                                                                                           ; 22      ;
; IMEM:u_imem|RAM~530                                                                                                                                                    ; 22      ;
; ov7670_lcm_wall_core:u_ov7670_lcm_wall_core|wall_detect_reg~2                                                                                                          ; 21      ;
; RV32I:u_rv32i|DATAPATH:DP|REGFILE:regfile|RD1[31]~31                                                                                                                   ; 21      ;
; RV32I:u_rv32i|DATAPATH:DP|REGFILE:regfile|RF~2434                                                                                                                      ; 20      ;
; ~GND                                                                                                                                                                   ; 18      ;
; DMEM_MMIO:u_dmem_mmio|LED_OUT[14]~1                                                                                                                                    ; 18      ;
; RV32I:u_rv32i|DATAPATH:DP|result[3]~0                                                                                                                                  ; 18      ;
; RV32I:u_rv32i|DATAPATH:DP|SrcB[1]~1                                                                                                                                    ; 18      ;
; ov7670_lcm_wall_core:u_ov7670_lcm_wall_core|frame_buf~33                                                                                                               ; 17      ;
; huskylens_sensor_core:u_huskylens_sensor_core|UART_RX:uart_hl_rx|DATA[6]                                                                                               ; 17      ;
; huskylens_sensor_core:u_huskylens_sensor_core|UART_RX:uart_hl_rx|DATA[2]                                                                                               ; 17      ;
; ov7670_lcm_wall_core:u_ov7670_lcm_wall_core|I2S_LCM_Config:u4|I2S_Controller:u0|LessThan0~4                                                                            ; 17      ;
; RV32I:u_rv32i|DATAPATH:DP|result[8]~38                                                                                                                                 ; 17      ;
; RV32I:u_rv32i|DATAPATH:DP|result[8]~37                                                                                                                                 ; 17      ;
; huskylens_sensor_core:u_huskylens_sensor_core|UART_TX:uart_hl_tx|baud_cnt[7]~25                                                                                        ; 16      ;
; huskylens_sensor_core:u_huskylens_sensor_core|UART_TX:uart_hl_tx|baud_cnt[7]~24                                                                                        ; 16      ;
; ov7670_lcm_wall_core:u_ov7670_lcm_wall_core|altsyncram:frame_buf_rtl_0|altsyncram_o4d1:auto_generated|altsyncram_rng1:altsyncram1|decode_6oa:decode4|w_anode572w[3]~0  ; 16      ;
; ov7670_lcm_wall_core:u_ov7670_lcm_wall_core|altsyncram:frame_buf_rtl_0|altsyncram_o4d1:auto_generated|altsyncram_rng1:altsyncram1|decode_6oa:decode4|w_anode582w[3]~0  ; 16      ;
; ov7670_lcm_wall_core:u_ov7670_lcm_wall_core|altsyncram:frame_buf_rtl_0|altsyncram_o4d1:auto_generated|altsyncram_rng1:altsyncram1|decode_6oa:decode4|w_anode562w[3]~0  ; 16      ;
; ov7670_lcm_wall_core:u_ov7670_lcm_wall_core|altsyncram:frame_buf_rtl_0|altsyncram_o4d1:auto_generated|altsyncram_rng1:altsyncram1|decode_6oa:decode4|w_anode592w[3]~0  ; 16      ;
; UART_RX:u_cpu_pc_rx|baud_cnt[12]~44                                                                                                                                    ; 16      ;
; UART_RX:u_cpu_pc_rx|baud_cnt[12]~43                                                                                                                                    ; 16      ;
; ov7670_lcm_wall_core:u_ov7670_lcm_wall_core|altsyncram:frame_buf_rtl_0|altsyncram_o4d1:auto_generated|altsyncram_rng1:altsyncram1|address_reg_a[0]                     ; 16      ;
; ov7670_lcm_wall_core:u_ov7670_lcm_wall_core|altsyncram:frame_buf_rtl_0|altsyncram_o4d1:auto_generated|altsyncram_rng1:altsyncram1|address_reg_a[1]                     ; 16      ;
; huskylens_sensor_core:u_huskylens_sensor_core|UART_RX:uart_hl_rx|baud_cnt[8]~44                                                                                        ; 16      ;
; huskylens_sensor_core:u_huskylens_sensor_core|UART_RX:uart_hl_rx|baud_cnt[8]~43                                                                                        ; 16      ;
; DMEM_MMIO:u_dmem_mmio|RAM~13876                                                                                                                                        ; 16      ;
; DMEM_MMIO:u_dmem_mmio|RAM~13871                                                                                                                                        ; 16      ;
; DMEM_MMIO:u_dmem_mmio|RAM~13858                                                                                                                                        ; 16      ;
; DMEM_MMIO:u_dmem_mmio|RAM~13853                                                                                                                                        ; 16      ;
; DMEM_MMIO:u_dmem_mmio|RAM~13808                                                                                                                                        ; 16      ;
; DMEM_MMIO:u_dmem_mmio|RAM~13803                                                                                                                                        ; 16      ;
; DMEM_MMIO:u_dmem_mmio|RAM~13790                                                                                                                                        ; 16      ;
; DMEM_MMIO:u_dmem_mmio|RAM~13785                                                                                                                                        ; 16      ;
; DMEM_MMIO:u_dmem_mmio|RAM~13725                                                                                                                                        ; 16      ;
; DMEM_MMIO:u_dmem_mmio|RAM~13723                                                                                                                                        ; 16      ;
; DMEM_MMIO:u_dmem_mmio|RAM~13719                                                                                                                                        ; 16      ;
; DMEM_MMIO:u_dmem_mmio|RAM~13717                                                                                                                                        ; 16      ;
; DMEM_MMIO:u_dmem_mmio|RAM~13681                                                                                                                                        ; 16      ;
; DMEM_MMIO:u_dmem_mmio|RAM~13679                                                                                                                                        ; 16      ;
; DMEM_MMIO:u_dmem_mmio|RAM~13675                                                                                                                                        ; 16      ;
; DMEM_MMIO:u_dmem_mmio|RAM~13673                                                                                                                                        ; 16      ;
; DMEM_MMIO:u_dmem_mmio|RAM~13669                                                                                                                                        ; 16      ;
; DMEM_MMIO:u_dmem_mmio|RAM~13667                                                                                                                                        ; 16      ;
; DMEM_MMIO:u_dmem_mmio|RAM~13663                                                                                                                                        ; 16      ;
; DMEM_MMIO:u_dmem_mmio|RAM~13662                                                                                                                                        ; 16      ;
; DMEM_MMIO:u_dmem_mmio|RAM~13660                                                                                                                                        ; 16      ;
; DMEM_MMIO:u_dmem_mmio|RAM~13659                                                                                                                                        ; 16      ;
; DMEM_MMIO:u_dmem_mmio|RAM~13655                                                                                                                                        ; 16      ;
; DMEM_MMIO:u_dmem_mmio|RAM~13653                                                                                                                                        ; 16      ;
; DMEM_MMIO:u_dmem_mmio|RAM~13649                                                                                                                                        ; 16      ;
; DMEM_MMIO:u_dmem_mmio|RAM~13647                                                                                                                                        ; 16      ;
; DMEM_MMIO:u_dmem_mmio|RAM~13643                                                                                                                                        ; 16      ;
; DMEM_MMIO:u_dmem_mmio|RAM~13641                                                                                                                                        ; 16      ;
; DMEM_MMIO:u_dmem_mmio|RAM~13637                                                                                                                                        ; 16      ;
; DMEM_MMIO:u_dmem_mmio|RAM~13636                                                                                                                                        ; 16      ;
; DMEM_MMIO:u_dmem_mmio|RAM~13633                                                                                                                                        ; 16      ;
; DMEM_MMIO:u_dmem_mmio|RAM~13632                                                                                                                                        ; 16      ;
; UART_TX:u_cpu_pc_tx|baud_cnt[8]~25                                                                                                                                     ; 16      ;
; UART_TX:u_cpu_pc_tx|baud_cnt[8]~24                                                                                                                                     ; 16      ;
; RV32I:u_rv32i|DATAPATH:DP|result[3]~6                                                                                                                                  ; 16      ;
; IMEM:u_imem|RAM~627                                                                                                                                                    ; 16      ;
; IMEM:u_imem|RAM~626                                                                                                                                                    ; 16      ;
; IMEM:u_imem|RAM~625                                                                                                                                                    ; 16      ;
; IMEM:u_imem|RAM~624                                                                                                                                                    ; 16      ;
; RV32I:u_rv32i|DATAPATH:DP|ALU:alu|Mux20~0                                                                                                                              ; 16      ;
; huskylens_sensor_core:u_huskylens_sensor_core|tx_state[2]                                                                                                              ; 15      ;
; RV32I:u_rv32i|DATAPATH:DP|ALU:alu|Mux29~9                                                                                                                              ; 15      ;
; huskylens_sensor_core:u_huskylens_sensor_core|tx_state[1]                                                                                                              ; 15      ;
; huskylens_sensor_core:u_huskylens_sensor_core|UART_RX:uart_hl_rx|DATA[7]                                                                                               ; 14      ;
; huskylens_sensor_core:u_huskylens_sensor_core|UART_RX:uart_hl_rx|DATA[5]                                                                                               ; 14      ;
; huskylens_sensor_core:u_huskylens_sensor_core|UART_RX:uart_hl_rx|DATA[4]                                                                                               ; 14      ;
; huskylens_sensor_core:u_huskylens_sensor_core|UART_RX:uart_hl_rx|DATA[3]                                                                                               ; 14      ;
; huskylens_sensor_core:u_huskylens_sensor_core|UART_RX:uart_hl_rx|DATA[1]                                                                                               ; 14      ;
; huskylens_sensor_core:u_huskylens_sensor_core|UART_RX:uart_hl_rx|DATA[0]                                                                                               ; 14      ;
; huskylens_sensor_core:u_huskylens_sensor_core|byte_index[2]                                                                                                            ; 14      ;
; huskylens_sensor_core:u_huskylens_sensor_core|byte_index[0]                                                                                                            ; 14      ;
; ov7670_lcm_wall_core:u_ov7670_lcm_wall_core|I2S_LCM_Config:u4|mI2S_STR                                                                                                 ; 14      ;
; RV32I:u_rv32i|DATAPATH:DP|result[7]~27                                                                                                                                 ; 14      ;
; RV32I:u_rv32i|DATAPATH:DP|SrcB[3]~3                                                                                                                                    ; 14      ;
; ov7670_lcm_wall_core:u_ov7670_lcm_wall_core|Equal8~3                                                                                                                   ; 13      ;
; huskylens_sensor_core:u_huskylens_sensor_core|UART_RX:uart_hl_rx|state.DATA_BITS                                                                                       ; 13      ;
; RV32I:u_rv32i|DATAPATH:DP|ALU:alu|Mux2~16                                                                                                                              ; 13      ;
; RV32I:u_rv32i|DATAPATH:DP|ALU:alu|Mux2~10                                                                                                                              ; 13      ;
; IMEM:u_imem|RAM~296                                                                                                                                                    ; 13      ;
; GPIO_1[6]~1                                                                                                                                                            ; 12      ;
; RV32I:u_rv32i|DATAPATH:DP|ALU:alu|Mux2~23                                                                                                                              ; 12      ;
; UART_RX:u_cpu_pc_rx|state.DATA_BITS                                                                                                                                    ; 12      ;
; huskylens_sensor_core:u_huskylens_sensor_core|byte_index[1]                                                                                                            ; 12      ;
; huskylens_sensor_core:u_huskylens_sensor_core|UART_RX:uart_hl_rx|Equal2~2                                                                                              ; 12      ;
; RV32I:u_rv32i|DATAPATH:DP|ALU:alu|Equal0~1                                                                                                                             ; 12      ;
; IMEM:u_imem|RAM~278                                                                                                                                                    ; 12      ;
; ov7670_lcm_wall_core:u_ov7670_lcm_wall_core|lpm_divide:Div0|lpm_divide_aem:auto_generated|sign_div_unsign_klh:divider|alt_u_div_a2f:divider|add_sub_3_result_int[4]~6  ; 12      ;
; huskylens_sensor_core:u_huskylens_sensor_core|packet_kind                                                                                                              ; 12      ;
; ov7670_lcm_wall_core:u_ov7670_lcm_wall_core|I2S_LCM_Config:u4|I2S_Controller:u0|mST[4]                                                                                 ; 12      ;
; ov7670_lcm_wall_core:u_ov7670_lcm_wall_core|LessThan25~5                                                                                                               ; 11      ;
; huskylens_sensor_core:u_huskylens_sensor_core|byte_seen_reg~1                                                                                                          ; 11      ;
; ov7670_lcm_wall_core:u_ov7670_lcm_wall_core|LessThan27~2                                                                                                               ; 11      ;
; UART_RX:u_cpu_pc_rx|Equal2~2                                                                                                                                           ; 11      ;
; UART_RX:u_cpu_pc_rx|rx_sync2                                                                                                                                           ; 11      ;
; ov7670_lcm_wall_core:u_ov7670_lcm_wall_core|WideOr1                                                                                                                    ; 11      ;
; IMEM:u_imem|RAM~136                                                                                                                                                    ; 11      ;
; huskylens_sensor_core:u_huskylens_sensor_core|UART_RX:uart_hl_rx|VALID                                                                                                 ; 11      ;
; UART_RX:u_cpu_pc_rx|bit_idx[0]                                                                                                                                         ; 10      ;
; UART_RX:u_cpu_pc_rx|bit_idx[2]                                                                                                                                         ; 10      ;
; ov7670_lcm_wall_core:u_ov7670_lcm_wall_core|I2S_LCM_Config:u4|mI2S_DATA[0]~0                                                                                           ; 10      ;
; ov7670_lcm_wall_core:u_ov7670_lcm_wall_core|I2S_LCM_Config:u4|LUT_INDEX[2]                                                                                             ; 10      ;
; huskylens_sensor_core:u_huskylens_sensor_core|byte_index[3]                                                                                                            ; 10      ;
; huskylens_sensor_core:u_huskylens_sensor_core|UART_RX:uart_hl_rx|bit_idx[1]                                                                                            ; 10      ;
; huskylens_sensor_core:u_huskylens_sensor_core|UART_RX:uart_hl_rx|bit_idx[2]                                                                                            ; 10      ;
; huskylens_sensor_core:u_huskylens_sensor_core|UART_RX:uart_hl_rx|rx_sync2                                                                                              ; 10      ;
; RV32I:u_rv32i|DATAPATH:DP|result[8]~104                                                                                                                                ; 10      ;
; ov7670_lcm_wall_core:u_ov7670_lcm_wall_core|Equal0~6                                                                                                                   ; 10      ;
; ov7670_lcm_wall_core:u_ov7670_lcm_wall_core|Equal0~5                                                                                                                   ; 10      ;
; ov7670_lcm_wall_core:u_ov7670_lcm_wall_core|Equal0~4                                                                                                                   ; 10      ;
; RV32I:u_rv32i|DATAPATH:DP|ALU:alu|Mux25~1                                                                                                                              ; 10      ;
; RV32I:u_rv32i|DATAPATH:DP|ALU:alu|Mux29~0                                                                                                                              ; 10      ;
; IMEM:u_imem|RAM~324                                                                                                                                                    ; 10      ;
; ov7670_lcm_wall_core:u_ov7670_lcm_wall_core|lpm_divide:Div0|lpm_divide_aem:auto_generated|sign_div_unsign_klh:divider|alt_u_div_a2f:divider|add_sub_5_result_int[4]~6  ; 10      ;
; ov7670_lcm_wall_core:u_ov7670_lcm_wall_core|lpm_divide:Div0|lpm_divide_aem:auto_generated|sign_div_unsign_klh:divider|alt_u_div_a2f:divider|add_sub_4_result_int[4]~6  ; 10      ;
; huskylens_sensor_core:u_huskylens_sensor_core|HL_PARSER:hl_parser|state.S_H1                                                                                           ; 10      ;
; huskylens_sensor_core:u_huskylens_sensor_core|HL_PARSER:hl_parser|state.S_H2                                                                                           ; 10      ;
; ov7670_lcm_wall_core:u_ov7670_lcm_wall_core|floor_sum[23]                                                                                                              ; 10      ;
; huskylens_sensor_core:u_huskylens_sensor_core|tx_state[0]                                                                                                              ; 10      ;
; ov7670_lcm_wall_core:u_ov7670_lcm_wall_core|I2S_LCM_Config:u4|I2S_Controller:u0|mST[1]                                                                                 ; 10      ;
; SW[1]                                                                                                                                                                  ; 9       ;
; SW[0]                                                                                                                                                                  ; 9       ;
; RV32I:u_rv32i|DATAPATH:DP|ALU:alu|Mux13~14                                                                                                                             ; 9       ;
; RV32I:u_rv32i|DATAPATH:DP|REGFILE:regfile|RF~2435                                                                                                                      ; 9       ;
; UART_RX:u_cpu_pc_rx|bit_idx[1]                                                                                                                                         ; 9       ;
; huskylens_sensor_core:u_huskylens_sensor_core|HL_PARSER:hl_parser|state.S_CMD                                                                                          ; 9       ;
; huskylens_sensor_core:u_huskylens_sensor_core|UART_TX:uart_hl_tx|state.IDLE                                                                                            ; 9       ;
; huskylens_sensor_core:u_huskylens_sensor_core|UART_RX:uart_hl_rx|bit_idx[0]                                                                                            ; 9       ;
; ov7670_lcm_wall_core:u_ov7670_lcm_wall_core|WideOr1~0                                                                                                                  ; 9       ;
; Equal1~6                                                                                                                                                               ; 9       ;
; Equal1~5                                                                                                                                                               ; 9       ;
; Equal1~4                                                                                                                                                               ; 9       ;
; UART_TX:u_cpu_pc_tx|state.IDLE                                                                                                                                         ; 9       ;
; huskylens_sensor_core:u_huskylens_sensor_core|HL_PARSER:hl_parser|state.S_H3                                                                                           ; 9       ;
; huskylens_sensor_core:u_huskylens_sensor_core|HL_PARSER:hl_parser|data_idx[0]                                                                                          ; 9       ;
; huskylens_sensor_core:u_huskylens_sensor_core|HL_PARSER:hl_parser|state.S_DATA                                                                                         ; 9       ;
; ov7670_lcm_wall_core:u_ov7670_lcm_wall_core|I2S_LCM_Config:u4|I2S_Controller:u0|mST[0]                                                                                 ; 9       ;
; GPIO_1[15]~15                                                                                                                                                          ; 8       ;
; GPIO_1[14]~14                                                                                                                                                          ; 8       ;
; GPIO_1[13]~13                                                                                                                                                          ; 8       ;
; GPIO_1[12]~12                                                                                                                                                          ; 8       ;
; GPIO_1[11]~11                                                                                                                                                          ; 8       ;
; GPIO_1[10]~10                                                                                                                                                          ; 8       ;
; GPIO_1[9]~9                                                                                                                                                            ; 8       ;
; GPIO_1[8]~8                                                                                                                                                            ; 8       ;
; RV32I:u_rv32i|CONTROLLER:CTRL|MAINDEC:MD|ALUOP[0]~9                                                                                                                    ; 8       ;
; ov7670_lcm_wall_core:u_ov7670_lcm_wall_core|cam_low_x~8                                                                                                                ; 8       ;
; huskylens_sensor_core:u_huskylens_sensor_core|HL_PARSER:hl_parser|len_reg[0]~0                                                                                         ; 8       ;
; ov7670_lcm_wall_core:u_ov7670_lcm_wall_core|frame_buf~37                                                                                                               ; 8       ;
; ov7670_lcm_wall_core:u_ov7670_lcm_wall_core|altsyncram:frame_buf_rtl_0|altsyncram_o4d1:auto_generated|altsyncram_rng1:altsyncram1|decode_6oa:decode_a|w_anode572w[3]   ; 8       ;
; ov7670_lcm_wall_core:u_ov7670_lcm_wall_core|altsyncram:frame_buf_rtl_0|altsyncram_o4d1:auto_generated|altsyncram_rng1:altsyncram1|decode_6oa:decode_a|w_anode582w[3]   ; 8       ;
; ov7670_lcm_wall_core:u_ov7670_lcm_wall_core|altsyncram:frame_buf_rtl_0|altsyncram_o4d1:auto_generated|altsyncram_rng1:altsyncram1|decode_6oa:decode_a|w_anode545w[3]~0 ; 8       ;
; ov7670_lcm_wall_core:u_ov7670_lcm_wall_core|altsyncram:frame_buf_rtl_0|altsyncram_o4d1:auto_generated|altsyncram_rng1:altsyncram1|decode_6oa:decode_a|w_anode562w[3]~0 ; 8       ;
; ov7670_lcm_wall_core:u_ov7670_lcm_wall_core|altsyncram:frame_buf_rtl_0|altsyncram_o4d1:auto_generated|altsyncram_rng1:altsyncram1|decode_6oa:decode_a|w_anode592w[3]   ; 8       ;
; huskylens_sensor_core:u_huskylens_sensor_core|HL_PARSER:hl_parser|Decoder0~11                                                                                          ; 8       ;
; huskylens_sensor_core:u_huskylens_sensor_core|HL_PARSER:hl_parser|Decoder0~10                                                                                          ; 8       ;
; huskylens_sensor_core:u_huskylens_sensor_core|HL_PARSER:hl_parser|Decoder0~9                                                                                           ; 8       ;
; huskylens_sensor_core:u_huskylens_sensor_core|HL_PARSER:hl_parser|Decoder0~8                                                                                           ; 8       ;
; ov7670_lcm_wall_core:u_ov7670_lcm_wall_core|cam_low_x[4]~6                                                                                                             ; 8       ;
; huskylens_sensor_core:u_huskylens_sensor_core|HL_PARSER:hl_parser|Decoder0~7                                                                                           ; 8       ;
; huskylens_sensor_core:u_huskylens_sensor_core|HL_PARSER:hl_parser|Decoder0~6                                                                                           ; 8       ;
; huskylens_sensor_core:u_huskylens_sensor_core|HL_PARSER:hl_parser|Decoder0~4                                                                                           ; 8       ;
; huskylens_sensor_core:u_huskylens_sensor_core|HL_PARSER:hl_parser|cmd_reg[1]~0                                                                                         ; 8       ;
; huskylens_sensor_core:u_huskylens_sensor_core|UART_RX:uart_hl_rx|DATA[3]~1                                                                                             ; 8       ;
; huskylens_sensor_core:u_huskylens_sensor_core|HL_PARSER:hl_parser|Decoder0~2                                                                                           ; 8       ;
; huskylens_sensor_core:u_huskylens_sensor_core|UART_TX:uart_hl_tx|tx_shift[7]~1                                                                                         ; 8       ;
; huskylens_sensor_core:u_huskylens_sensor_core|UART_TX:uart_hl_tx|Equal1~4                                                                                              ; 8       ;
; ov7670_lcm_wall_core:u_ov7670_lcm_wall_core|I2S_LCM_Config:u4|LUT_INDEX[0]                                                                                             ; 8       ;
; ov7670_lcm_wall_core:u_ov7670_lcm_wall_core|frame_buf~0                                                                                                                ; 8       ;
; ov7670_lcm_wall_core:u_ov7670_lcm_wall_core|altsyncram:frame_buf_rtl_0|altsyncram_o4d1:auto_generated|altsyncram_rng1:altsyncram1|address_reg_a[2]                     ; 8       ;
; UART_RX:u_cpu_pc_rx|DATA[7]~2                                                                                                                                          ; 8       ;
; huskylens_sensor_core:u_huskylens_sensor_core|HL_PARSER:hl_parser|OBJ_COUNT[6]~1                                                                                       ; 8       ;
; huskylens_sensor_core:u_huskylens_sensor_core|UART_TX:uart_hl_tx|bit_idx[0]                                                                                            ; 8       ;
; ov7670_lcm_wall_core:u_ov7670_lcm_wall_core|always3~1                                                                                                                  ; 8       ;
; DMEM_MMIO:u_dmem_mmio|pc_rx_latch[1]~1                                                                                                                                 ; 8       ;
; ov7670_lcm_wall_core:u_ov7670_lcm_wall_core|WideOr0~0                                                                                                                  ; 8       ;
; huskylens_sensor_core:u_huskylens_sensor_core|obj_count[4]~1                                                                                                           ; 8       ;
; DMEM_MMIO:u_dmem_mmio|PC_TX_DATA[1]~0                                                                                                                                  ; 8       ;
; RV32I:u_rv32i|DATAPATH:DP|ALU:alu|Mux7~0                                                                                                                               ; 8       ;
; RV32I:u_rv32i|DATAPATH:DP|ALU:alu|Mux20~2                                                                                                                              ; 8       ;
; RV32I:u_rv32i|DATAPATH:DP|ALU:alu|Mux20~1                                                                                                                              ; 8       ;
; RV32I:u_rv32i|DATAPATH:DP|ALU:alu|Equal0~2                                                                                                                             ; 8       ;
; UART_TX:u_cpu_pc_tx|tx_shift[4]~1                                                                                                                                      ; 8       ;
; UART_TX:u_cpu_pc_tx|Equal1~4                                                                                                                                           ; 8       ;
; RV32I:u_rv32i|DATAPATH:DP|ALU:alu|Mux25~0                                                                                                                              ; 8       ;
; RV32I:u_rv32i|DATAPATH:DP|EXTEND:extend|Mux3~0                                                                                                                         ; 8       ;
; RV32I:u_rv32i|DATAPATH:DP|REGFILE:regfile|RD1[3]~1                                                                                                                     ; 8       ;
; IMEM:u_imem|RAM~478                                                                                                                                                    ; 8       ;
; RV32I:u_rv32i|DATAPATH:DP|SrcB[2]~2                                                                                                                                    ; 8       ;
; IMEM:u_imem|RAM~377                                                                                                                                                    ; 8       ;
; IMEM:u_imem|RAM~355                                                                                                                                                    ; 8       ;
; IMEM:u_imem|RAM~322                                                                                                                                                    ; 8       ;
; UART_TX:u_cpu_pc_tx|bit_idx[0]                                                                                                                                         ; 8       ;
; ov7670_lcm_wall_core:u_ov7670_lcm_wall_core|lpm_divide:Div0|lpm_divide_aem:auto_generated|sign_div_unsign_klh:divider|alt_u_div_a2f:divider|add_sub_8_result_int[4]~6  ; 8       ;
; ov7670_lcm_wall_core:u_ov7670_lcm_wall_core|lpm_divide:Div0|lpm_divide_aem:auto_generated|sign_div_unsign_klh:divider|alt_u_div_a2f:divider|add_sub_7_result_int[4]~6  ; 8       ;
; ov7670_lcm_wall_core:u_ov7670_lcm_wall_core|lpm_divide:Div0|lpm_divide_aem:auto_generated|sign_div_unsign_klh:divider|alt_u_div_a2f:divider|add_sub_6_result_int[4]~6  ; 8       ;
; huskylens_sensor_core:u_huskylens_sensor_core|HL_PARSER:hl_parser|data_idx[3]                                                                                          ; 8       ;
; huskylens_sensor_core:u_huskylens_sensor_core|HL_PARSER:hl_parser|data_idx[1]                                                                                          ; 8       ;
; huskylens_sensor_core:u_huskylens_sensor_core|HL_PARSER:hl_parser|data_idx[2]                                                                                          ; 8       ;
; ov7670_lcm_wall_core:u_ov7670_lcm_wall_core|cam_low_y[5]                                                                                                               ; 8       ;
; ov7670_lcm_wall_core:u_ov7670_lcm_wall_core|cam_low_y[4]                                                                                                               ; 8       ;
; ov7670_lcm_wall_core:u_ov7670_lcm_wall_core|cam_low_y[6]                                                                                                               ; 8       ;
; RV32I:u_rv32i|CONTROLLER:CTRL|MAINDEC:MD|WideOr3~9                                                                                                                     ; 7       ;
; RV32I:u_rv32i|DATAPATH:DP|REGFILE:regfile|RF~2427                                                                                                                      ; 7       ;
; huskylens_sensor_core:u_huskylens_sensor_core|hl_tx_data~1                                                                                                             ; 7       ;
; ov7670_lcm_wall_core:u_ov7670_lcm_wall_core|cam_low_y[3]~17                                                                                                            ; 7       ;
; ov7670_lcm_wall_core:u_ov7670_lcm_wall_core|cam_href_d                                                                                                                 ; 7       ;
; huskylens_sensor_core:u_huskylens_sensor_core|HL_PARSER:hl_parser|chksum_calc[3]~3                                                                                     ; 7       ;
; huskylens_sensor_core:u_huskylens_sensor_core|HL_PARSER:hl_parser|Add0~8                                                                                               ; 7       ;
; ov7670_lcm_wall_core:u_ov7670_lcm_wall_core|I2S_LCM_Config:u4|LUT_INDEX[1]                                                                                             ; 7       ;
; ov7670_lcm_wall_core:u_ov7670_lcm_wall_core|I2S_LCM_Config:u4|LessThan0~0                                                                                              ; 7       ;
; UART_RX:u_cpu_pc_rx|state.STOP                                                                                                                                         ; 7       ;
; huskylens_sensor_core:u_huskylens_sensor_core|UART_TX:uart_hl_tx|bit_idx[1]                                                                                            ; 7       ;
; huskylens_sensor_core:u_huskylens_sensor_core|UART_TX:uart_hl_tx|state.DATA_BITS                                                                                       ; 7       ;
; huskylens_sensor_core:u_huskylens_sensor_core|cycle_slot[0]                                                                                                            ; 7       ;
; huskylens_sensor_core:u_huskylens_sensor_core|UART_RX:uart_hl_rx|state.STOP                                                                                            ; 7       ;
; DMEM_MMIO:u_dmem_mmio|RD[24]~2                                                                                                                                         ; 7       ;
; RV32I:u_rv32i|DATAPATH:DP|result[7]~31                                                                                                                                 ; 7       ;
; RV32I:u_rv32i|DATAPATH:DP|ALU:alu|Mux9~3                                                                                                                               ; 7       ;
; RV32I:u_rv32i|DATAPATH:DP|ALU:alu|Mux9~2                                                                                                                               ; 7       ;
; RV32I:u_rv32i|DATAPATH:DP|ALU:alu|Mux9~1                                                                                                                               ; 7       ;
; RV32I:u_rv32i|DATAPATH:DP|ALU:alu|Mux16~0                                                                                                                              ; 7       ;
; RV32I:u_rv32i|DATAPATH:DP|SrcB[31]~38                                                                                                                                  ; 7       ;
; RV32I:u_rv32i|DATAPATH:DP|SrcB[5]~37                                                                                                                                   ; 7       ;
; RV32I:u_rv32i|DATAPATH:DP|REGFILE:regfile|RD1[5]~29                                                                                                                    ; 7       ;
; RV32I:u_rv32i|DATAPATH:DP|SrcB[6]~36                                                                                                                                   ; 7       ;
; RV32I:u_rv32i|DATAPATH:DP|SrcB[7]~35                                                                                                                                   ; 7       ;
; RV32I:u_rv32i|DATAPATH:DP|SrcB[8]~34                                                                                                                                   ; 7       ;
; RV32I:u_rv32i|DATAPATH:DP|SrcB[9]~32                                                                                                                                   ; 7       ;
; RV32I:u_rv32i|DATAPATH:DP|SrcB[10]~28                                                                                                                                  ; 7       ;
; RV32I:u_rv32i|DATAPATH:DP|SrcB[11]~25                                                                                                                                  ; 7       ;
; RV32I:u_rv32i|DATAPATH:DP|SrcB[13]~23                                                                                                                                  ; 7       ;
; RV32I:u_rv32i|DATAPATH:DP|SrcB[15]~21                                                                                                                                  ; 7       ;
; RV32I:u_rv32i|DATAPATH:DP|SrcB[16]~20                                                                                                                                  ; 7       ;
; RV32I:u_rv32i|DATAPATH:DP|SrcB[17]~19                                                                                                                                  ; 7       ;
; RV32I:u_rv32i|DATAPATH:DP|SrcB[19]~17                                                                                                                                  ; 7       ;
; RV32I:u_rv32i|DATAPATH:DP|SrcB[21]~15                                                                                                                                  ; 7       ;
; RV32I:u_rv32i|DATAPATH:DP|SrcB[23]~13                                                                                                                                  ; 7       ;
; RV32I:u_rv32i|DATAPATH:DP|SrcB[24]~12                                                                                                                                  ; 7       ;
; RV32I:u_rv32i|DATAPATH:DP|SrcB[26]~10                                                                                                                                  ; 7       ;
; RV32I:u_rv32i|DATAPATH:DP|SrcB[4]~6                                                                                                                                    ; 7       ;
; RV32I:u_rv32i|DATAPATH:DP|ALU:alu|Mux29~3                                                                                                                              ; 7       ;
; RV32I:u_rv32i|DATAPATH:DP|REGFILE:regfile|RD1[2]~0                                                                                                                     ; 7       ;
; IMEM:u_imem|RAM~496                                                                                                                                                    ; 7       ;
; IMEM:u_imem|RAM~458                                                                                                                                                    ; 7       ;
; UART_TX:u_cpu_pc_tx|bit_idx[1]                                                                                                                                         ; 7       ;
; UART_TX:u_cpu_pc_tx|state.DATA_BITS                                                                                                                                    ; 7       ;
; DMEM_MMIO:u_dmem_mmio|HEX_OUT[31]                                                                                                                                      ; 7       ;
; DMEM_MMIO:u_dmem_mmio|HEX_OUT[30]                                                                                                                                      ; 7       ;
; DMEM_MMIO:u_dmem_mmio|HEX_OUT[29]                                                                                                                                      ; 7       ;
; DMEM_MMIO:u_dmem_mmio|HEX_OUT[28]                                                                                                                                      ; 7       ;
; DMEM_MMIO:u_dmem_mmio|HEX_OUT[27]                                                                                                                                      ; 7       ;
; DMEM_MMIO:u_dmem_mmio|HEX_OUT[26]                                                                                                                                      ; 7       ;
; DMEM_MMIO:u_dmem_mmio|HEX_OUT[25]                                                                                                                                      ; 7       ;
; DMEM_MMIO:u_dmem_mmio|HEX_OUT[24]                                                                                                                                      ; 7       ;
; DMEM_MMIO:u_dmem_mmio|HEX_OUT[23]                                                                                                                                      ; 7       ;
; DMEM_MMIO:u_dmem_mmio|HEX_OUT[22]                                                                                                                                      ; 7       ;
; DMEM_MMIO:u_dmem_mmio|HEX_OUT[21]                                                                                                                                      ; 7       ;
; DMEM_MMIO:u_dmem_mmio|HEX_OUT[20]                                                                                                                                      ; 7       ;
; DMEM_MMIO:u_dmem_mmio|HEX_OUT[19]                                                                                                                                      ; 7       ;
; DMEM_MMIO:u_dmem_mmio|HEX_OUT[18]                                                                                                                                      ; 7       ;
; DMEM_MMIO:u_dmem_mmio|HEX_OUT[17]                                                                                                                                      ; 7       ;
; DMEM_MMIO:u_dmem_mmio|HEX_OUT[16]                                                                                                                                      ; 7       ;
; DMEM_MMIO:u_dmem_mmio|HEX_OUT[15]                                                                                                                                      ; 7       ;
; DMEM_MMIO:u_dmem_mmio|HEX_OUT[14]                                                                                                                                      ; 7       ;
; DMEM_MMIO:u_dmem_mmio|HEX_OUT[13]                                                                                                                                      ; 7       ;
; DMEM_MMIO:u_dmem_mmio|HEX_OUT[12]                                                                                                                                      ; 7       ;
; DMEM_MMIO:u_dmem_mmio|HEX_OUT[11]                                                                                                                                      ; 7       ;
; DMEM_MMIO:u_dmem_mmio|HEX_OUT[10]                                                                                                                                      ; 7       ;
; DMEM_MMIO:u_dmem_mmio|HEX_OUT[9]                                                                                                                                       ; 7       ;
; DMEM_MMIO:u_dmem_mmio|HEX_OUT[8]                                                                                                                                       ; 7       ;
; DMEM_MMIO:u_dmem_mmio|HEX_OUT[7]                                                                                                                                       ; 7       ;
; DMEM_MMIO:u_dmem_mmio|HEX_OUT[6]                                                                                                                                       ; 7       ;
; DMEM_MMIO:u_dmem_mmio|HEX_OUT[5]                                                                                                                                       ; 7       ;
; DMEM_MMIO:u_dmem_mmio|HEX_OUT[4]                                                                                                                                       ; 7       ;
; DMEM_MMIO:u_dmem_mmio|HEX_OUT[3]                                                                                                                                       ; 7       ;
; DMEM_MMIO:u_dmem_mmio|HEX_OUT[2]                                                                                                                                       ; 7       ;
; DMEM_MMIO:u_dmem_mmio|HEX_OUT[1]                                                                                                                                       ; 7       ;
; DMEM_MMIO:u_dmem_mmio|HEX_OUT[0]                                                                                                                                       ; 7       ;
; ov7670_lcm_wall_core:u_ov7670_lcm_wall_core|lpm_divide:Div0|lpm_divide_aem:auto_generated|sign_div_unsign_klh:divider|alt_u_div_a2f:divider|add_sub_9_result_int[4]~6  ; 7       ;
; ov7670_lcm_wall_core:u_ov7670_lcm_wall_core|lpm_divide:Div0|lpm_divide_aem:auto_generated|sign_div_unsign_klh:divider|alt_u_div_a2f:divider|add_sub_2_result_int[3]~4  ; 7       ;
; ov7670_lcm_wall_core:u_ov7670_lcm_wall_core|cam_low_y[3]                                                                                                               ; 7       ;
; ov7670_lcm_wall_core:u_ov7670_lcm_wall_core|H_Cont[10]                                                                                                                 ; 7       ;
; ov7670_lcm_wall_core:u_ov7670_lcm_wall_core|H_Cont[7]                                                                                                                  ; 7       ;
; ov7670_lcm_wall_core:u_ov7670_lcm_wall_core|H_Cont[4]                                                                                                                  ; 7       ;
; ov7670_lcm_wall_core:u_ov7670_lcm_wall_core|H_Cont[3]                                                                                                                  ; 7       ;
; RV32I:u_rv32i|DATAPATH:DP|REGFILE:regfile|RF~2449                                                                                                                      ; 6       ;
; RV32I:u_rv32i|DATAPATH:DP|REGFILE:regfile|RF~2439                                                                                                                      ; 6       ;
; RV32I:u_rv32i|DATAPATH:DP|REGFILE:regfile|RF~2438                                                                                                                      ; 6       ;
; RV32I:u_rv32i|DATAPATH:DP|REGFILE:regfile|RF~2437                                                                                                                      ; 6       ;
; ov7670_lcm_wall_core:u_ov7670_lcm_wall_core|I2S_LCM_Config:u4|LUT_INDEX[5]~0                                                                                           ; 6       ;
; UART_RX:u_cpu_pc_rx|state~18                                                                                                                                           ; 6       ;
; huskylens_sensor_core:u_huskylens_sensor_core|UART_RX:uart_hl_rx|state~18                                                                                              ; 6       ;
; huskylens_sensor_core:u_huskylens_sensor_core|cycle_slot[1]                                                                                                            ; 6       ;
; RV32I:u_rv32i|DATAPATH:DP|result[18]~69                                                                                                                                ; 6       ;
; RV32I:u_rv32i|DATAPATH:DP|result[18]~68                                                                                                                                ; 6       ;
; RV32I:u_rv32i|DATAPATH:DP|result[29]~47                                                                                                                                ; 6       ;
; RV32I:u_rv32i|DATAPATH:DP|ALU:alu|ShiftRight0~20                                                                                                                       ; 6       ;
; RV32I:u_rv32i|DATAPATH:DP|REGFILE:regfile|RD1[4]~30                                                                                                                    ; 6       ;
; RV32I:u_rv32i|DATAPATH:DP|REGFILE:regfile|RD1[6]~28                                                                                                                    ; 6       ;
; RV32I:u_rv32i|DATAPATH:DP|REGFILE:regfile|RD1[8]~26                                                                                                                    ; 6       ;
; RV32I:u_rv32i|DATAPATH:DP|REGFILE:regfile|RD1[9]~25                                                                                                                    ; 6       ;
; RV32I:u_rv32i|DATAPATH:DP|REGFILE:regfile|RD1[10]~24                                                                                                                   ; 6       ;
; RV32I:u_rv32i|DATAPATH:DP|REGFILE:regfile|RD1[11]~23                                                                                                                   ; 6       ;
; RV32I:u_rv32i|DATAPATH:DP|SrcB[12]~24                                                                                                                                  ; 6       ;
; RV32I:u_rv32i|DATAPATH:DP|REGFILE:regfile|RD1[12]~22                                                                                                                   ; 6       ;
; RV32I:u_rv32i|DATAPATH:DP|REGFILE:regfile|RD1[13]~21                                                                                                                   ; 6       ;
; RV32I:u_rv32i|DATAPATH:DP|SrcB[14]~22                                                                                                                                  ; 6       ;
; RV32I:u_rv32i|DATAPATH:DP|REGFILE:regfile|RD1[14]~20                                                                                                                   ; 6       ;
; RV32I:u_rv32i|DATAPATH:DP|REGFILE:regfile|RD1[15]~19                                                                                                                   ; 6       ;
; RV32I:u_rv32i|DATAPATH:DP|REGFILE:regfile|RD1[16]~18                                                                                                                   ; 6       ;
; RV32I:u_rv32i|DATAPATH:DP|REGFILE:regfile|RD1[17]~17                                                                                                                   ; 6       ;
; RV32I:u_rv32i|DATAPATH:DP|SrcB[18]~18                                                                                                                                  ; 6       ;
; RV32I:u_rv32i|DATAPATH:DP|REGFILE:regfile|RD1[18]~16                                                                                                                   ; 6       ;
; RV32I:u_rv32i|DATAPATH:DP|REGFILE:regfile|RD1[19]~15                                                                                                                   ; 6       ;
; RV32I:u_rv32i|DATAPATH:DP|SrcB[20]~16                                                                                                                                  ; 6       ;
; RV32I:u_rv32i|DATAPATH:DP|REGFILE:regfile|RD1[20]~14                                                                                                                   ; 6       ;
; RV32I:u_rv32i|DATAPATH:DP|REGFILE:regfile|RD1[21]~13                                                                                                                   ; 6       ;
; RV32I:u_rv32i|DATAPATH:DP|SrcB[22]~14                                                                                                                                  ; 6       ;
; RV32I:u_rv32i|DATAPATH:DP|REGFILE:regfile|RD1[22]~12                                                                                                                   ; 6       ;
; RV32I:u_rv32i|DATAPATH:DP|REGFILE:regfile|RD1[23]~11                                                                                                                   ; 6       ;
; RV32I:u_rv32i|DATAPATH:DP|REGFILE:regfile|RD1[24]~10                                                                                                                   ; 6       ;
; RV32I:u_rv32i|DATAPATH:DP|SrcB[25]~11                                                                                                                                  ; 6       ;
; RV32I:u_rv32i|DATAPATH:DP|REGFILE:regfile|RD1[25]~9                                                                                                                    ; 6       ;
; RV32I:u_rv32i|DATAPATH:DP|REGFILE:regfile|RD1[26]~8                                                                                                                    ; 6       ;
; RV32I:u_rv32i|DATAPATH:DP|SrcB[27]~9                                                                                                                                   ; 6       ;
; RV32I:u_rv32i|DATAPATH:DP|REGFILE:regfile|RD1[27]~7                                                                                                                    ; 6       ;
; RV32I:u_rv32i|DATAPATH:DP|SrcB[28]~8                                                                                                                                   ; 6       ;
; RV32I:u_rv32i|DATAPATH:DP|REGFILE:regfile|RD1[28]~6                                                                                                                    ; 6       ;
; RV32I:u_rv32i|DATAPATH:DP|SrcB[29]~7                                                                                                                                   ; 6       ;
; RV32I:u_rv32i|DATAPATH:DP|REGFILE:regfile|RD1[29]~5                                                                                                                    ; 6       ;
; RV32I:u_rv32i|DATAPATH:DP|REGFILE:regfile|RD1[30]~4                                                                                                                    ; 6       ;
; RV32I:u_rv32i|DATAPATH:DP|SrcB[30]~4                                                                                                                                   ; 6       ;
; RV32I:u_rv32i|DATAPATH:DP|REGFILE:regfile|RD1[1]~2                                                                                                                     ; 6       ;
; RV32I:u_rv32i|DATAPATH:DP|ALU:alu|Mux2~6                                                                                                                               ; 6       ;
; IMEM:u_imem|RAM~378                                                                                                                                                    ; 6       ;
; RV32I:u_rv32i|CONTROLLER:CTRL|MAINDEC:MD|WideOr1~2                                                                                                                     ; 6       ;
; ov7670_lcm_wall_core:u_ov7670_lcm_wall_core|Add16~18                                                                                                                   ; 6       ;
; ov7670_lcm_wall_core:u_ov7670_lcm_wall_core|Add16~16                                                                                                                   ; 6       ;
; ov7670_lcm_wall_core:u_ov7670_lcm_wall_core|Add16~14                                                                                                                   ; 6       ;
; ov7670_lcm_wall_core:u_ov7670_lcm_wall_core|cam_low_y[2]                                                                                                               ; 6       ;
; ov7670_lcm_wall_core:u_ov7670_lcm_wall_core|cam_low_x[7]                                                                                                               ; 6       ;
; ov7670_lcm_wall_core:u_ov7670_lcm_wall_core|V_Cont[1]                                                                                                                  ; 6       ;
; ov7670_lcm_wall_core:u_ov7670_lcm_wall_core|H_Cont[9]                                                                                                                  ; 6       ;
; ov7670_lcm_wall_core:u_ov7670_lcm_wall_core|H_Cont[8]                                                                                                                  ; 6       ;
; huskylens_sensor_core:u_huskylens_sensor_core|cycle_slot[2]                                                                                                            ; 6       ;
; ov7670_lcm_wall_core:u_ov7670_lcm_wall_core|I2S_LCM_Config:u4|I2S_Controller:u0|mST[3]                                                                                 ; 6       ;
; KEY[1]                                                                                                                                                                 ; 5       ;
; RV32I:u_rv32i|DATAPATH:DP|REGFILE:regfile|RF~2453                                                                                                                      ; 5       ;
; RV32I:u_rv32i|DATAPATH:DP|REGFILE:regfile|RF~2452                                                                                                                      ; 5       ;
; RV32I:u_rv32i|DATAPATH:DP|REGFILE:regfile|RF~2448                                                                                                                      ; 5       ;
; RV32I:u_rv32i|DATAPATH:DP|REGFILE:regfile|RF~2442                                                                                                                      ; 5       ;
; RV32I:u_rv32i|DATAPATH:DP|REGFILE:regfile|RF~2441                                                                                                                      ; 5       ;
; RV32I:u_rv32i|DATAPATH:DP|REGFILE:regfile|RF~2440                                                                                                                      ; 5       ;
; RV32I:u_rv32i|DATAPATH:DP|REGFILE:regfile|RF~2436                                                                                                                      ; 5       ;
; RV32I:u_rv32i|CONTROLLER:CTRL|MAINDEC:MD|IMMSRC[1]~7                                                                                                                   ; 5       ;
; ov7670_lcm_wall_core:u_ov7670_lcm_wall_core|frame_rd_addr~1                                                                                                            ; 5       ;
; ov7670_lcm_wall_core:u_ov7670_lcm_wall_core|frame_rd_addr~0                                                                                                            ; 5       ;
; ov7670_lcm_wall_core:u_ov7670_lcm_wall_core|comb~4                                                                                                                     ; 5       ;
; UART_RX:u_cpu_pc_rx|rx_shift~4                                                                                                                                         ; 5       ;
; UART_RX:u_cpu_pc_rx|state.IDLE                                                                                                                                         ; 5       ;
; UART_RX:u_cpu_pc_rx|Equal1~0                                                                                                                                           ; 5       ;
; ov7670_lcm_wall_core:u_ov7670_lcm_wall_core|cam_x_sample_count[1]~0                                                                                                    ; 5       ;
; huskylens_sensor_core:u_huskylens_sensor_core|HL_PARSER:hl_parser|Decoder0~0                                                                                           ; 5       ;
; ov7670_lcm_wall_core:u_ov7670_lcm_wall_core|comb~3                                                                                                                     ; 5       ;
; ov7670_lcm_wall_core:u_ov7670_lcm_wall_core|cam_y_sample_count[0]                                                                                                      ; 5       ;
; ov7670_lcm_wall_core:u_ov7670_lcm_wall_core|cam_x_sample_count[1]                                                                                                      ; 5       ;
; huskylens_sensor_core:u_huskylens_sensor_core|UART_TX:uart_hl_tx|state.STOP                                                                                            ; 5       ;
; huskylens_sensor_core:u_huskylens_sensor_core|UART_TX:uart_hl_tx|bit_idx[2]                                                                                            ; 5       ;
; ov7670_lcm_wall_core:u_ov7670_lcm_wall_core|I2S_LCM_Config:u4|I2S_Controller:u0|mST[0]~16                                                                              ; 5       ;
; huskylens_sensor_core:u_huskylens_sensor_core|UART_RX:uart_hl_rx|state.IDLE                                                                                            ; 5       ;
; huskylens_sensor_core:u_huskylens_sensor_core|UART_RX:uart_hl_rx|Equal1~0                                                                                              ; 5       ;
; ov7670_lcm_wall_core:u_ov7670_lcm_wall_core|wall_off_raw~0                                                                                                             ; 5       ;
; huskylens_sensor_core:u_huskylens_sensor_core|packet_mode[0]~1                                                                                                         ; 5       ;
; huskylens_sensor_core:u_huskylens_sensor_core|always0~1                                                                                                                ; 5       ;
; ov7670_lcm_wall_core:u_ov7670_lcm_wall_core|I2S_LCM_Config:u4|I2S_Controller:u0|Equal3~0                                                                               ; 5       ;
; huskylens_sensor_core:u_huskylens_sensor_core|packet_mode[1]                                                                                                           ; 5       ;
; huskylens_sensor_core:u_huskylens_sensor_core|packet_mode[0]                                                                                                           ; 5       ;
; RV32I:u_rv32i|DATAPATH:DP|ALU:alu|ShiftRight1~28                                                                                                                       ; 5       ;
; RV32I:u_rv32i|DATAPATH:DP|ALU:alu|ShiftLeft0~35                                                                                                                        ; 5       ;
; RV32I:u_rv32i|DATAPATH:DP|REGFILE:regfile|RD1[7]~27                                                                                                                    ; 5       ;
; RV32I:u_rv32i|DATAPATH:DP|SrcB[7]~31                                                                                                                                   ; 5       ;
; RV32I:u_rv32i|DATAPATH:DP|SrcB[7]~29                                                                                                                                   ; 5       ;
; RV32I:u_rv32i|DATAPATH:DP|SrcB[1]~5                                                                                                                                    ; 5       ;
; RV32I:u_rv32i|DATAPATH:DP|REGFILE:regfile|RD1[0]~3                                                                                                                     ; 5       ;
; RV32I:u_rv32i|DATAPATH:DP|ALU:alu|ShiftRight1~16                                                                                                                       ; 5       ;
; IMEM:u_imem|RAM~321                                                                                                                                                    ; 5       ;
; IMEM:u_imem|RAM~277                                                                                                                                                    ; 5       ;
; IMEM:u_imem|RAM~251                                                                                                                                                    ; 5       ;
; IMEM:u_imem|RAM~38                                                                                                                                                     ; 5       ;
; UART_TX:u_cpu_pc_tx|state.STOP                                                                                                                                         ; 5       ;
; UART_TX:u_cpu_pc_tx|bit_idx[2]                                                                                                                                         ; 5       ;
; ov7670_lcm_wall_core:u_ov7670_lcm_wall_core|Add8~18                                                                                                                    ; 5       ;
; ov7670_lcm_wall_core:u_ov7670_lcm_wall_core|Add8~16                                                                                                                    ; 5       ;
; ov7670_lcm_wall_core:u_ov7670_lcm_wall_core|Add8~14                                                                                                                    ; 5       ;
; ov7670_lcm_wall_core:u_ov7670_lcm_wall_core|cam_low_y[1]                                                                                                               ; 5       ;
; ov7670_lcm_wall_core:u_ov7670_lcm_wall_core|cam_low_y[0]                                                                                                               ; 5       ;
; ov7670_lcm_wall_core:u_ov7670_lcm_wall_core|cam_x_sample_count[0]                                                                                                      ; 5       ;
; ov7670_lcm_wall_core:u_ov7670_lcm_wall_core|cam_low_x[5]                                                                                                               ; 5       ;
; ov7670_lcm_wall_core:u_ov7670_lcm_wall_core|cam_low_x[6]                                                                                                               ; 5       ;
; ov7670_lcm_wall_core:u_ov7670_lcm_wall_core|H_Cont[1]                                                                                                                  ; 5       ;
; ov7670_lcm_wall_core:u_ov7670_lcm_wall_core|H_Cont[0]                                                                                                                  ; 5       ;
; ov7670_lcm_wall_core:u_ov7670_lcm_wall_core|H_Cont[2]                                                                                                                  ; 5       ;
; ov7670_lcm_wall_core:u_ov7670_lcm_wall_core|V_Cont[3]                                                                                                                  ; 5       ;
; ov7670_lcm_wall_core:u_ov7670_lcm_wall_core|V_Cont[2]                                                                                                                  ; 5       ;
; ov7670_lcm_wall_core:u_ov7670_lcm_wall_core|I2S_LCM_Config:u4|I2S_Controller:u0|mST[2]                                                                                 ; 5       ;
; SW[2]                                                                                                                                                                  ; 4       ;
; SW[17]                                                                                                                                                                 ; 4       ;
; RV32I:u_rv32i|DATAPATH:DP|REGFILE:regfile|RF~2462                                                                                                                      ; 4       ;
; RV32I:u_rv32i|DATAPATH:DP|REGFILE:regfile|RF~2461                                                                                                                      ; 4       ;
; RV32I:u_rv32i|DATAPATH:DP|REGFILE:regfile|RF~2460                                                                                                                      ; 4       ;
; RV32I:u_rv32i|DATAPATH:DP|REGFILE:regfile|RF~2459                                                                                                                      ; 4       ;
; RV32I:u_rv32i|DATAPATH:DP|REGFILE:regfile|RF~2458                                                                                                                      ; 4       ;
; RV32I:u_rv32i|DATAPATH:DP|REGFILE:regfile|RF~2457                                                                                                                      ; 4       ;
; RV32I:u_rv32i|DATAPATH:DP|REGFILE:regfile|RF~2456                                                                                                                      ; 4       ;
; RV32I:u_rv32i|DATAPATH:DP|REGFILE:regfile|RF~2455                                                                                                                      ; 4       ;
; RV32I:u_rv32i|DATAPATH:DP|REGFILE:regfile|RF~2454                                                                                                                      ; 4       ;
; RV32I:u_rv32i|DATAPATH:DP|REGFILE:regfile|RF~2451                                                                                                                      ; 4       ;
; RV32I:u_rv32i|DATAPATH:DP|REGFILE:regfile|RF~2450                                                                                                                      ; 4       ;
; RV32I:u_rv32i|DATAPATH:DP|REGFILE:regfile|RF~2447                                                                                                                      ; 4       ;
; RV32I:u_rv32i|DATAPATH:DP|REGFILE:regfile|RF~2446                                                                                                                      ; 4       ;
; RV32I:u_rv32i|DATAPATH:DP|REGFILE:regfile|RF~2445                                                                                                                      ; 4       ;
; RV32I:u_rv32i|DATAPATH:DP|REGFILE:regfile|RF~2444                                                                                                                      ; 4       ;
; RV32I:u_rv32i|DATAPATH:DP|REGFILE:regfile|RF~2443                                                                                                                      ; 4       ;
; RV32I:u_rv32i|DATAPATH:DP|REGFILE:regfile|RF~2429                                                                                                                      ; 4       ;
; RV32I:u_rv32i|DATAPATH:DP|REGFILE:regfile|RF~2428                                                                                                                      ; 4       ;
; UART_RX:u_cpu_pc_rx|bit_idx[1]~1                                                                                                                                       ; 4       ;
; huskylens_sensor_core:u_huskylens_sensor_core|UART_RX:uart_hl_rx|rx_shift~3                                                                                            ; 4       ;
; huskylens_sensor_core:u_huskylens_sensor_core|UART_RX:uart_hl_rx|rx_shift~1                                                                                            ; 4       ;
; UART_RX:u_cpu_pc_rx|rx_shift~2                                                                                                                                         ; 4       ;
; UART_RX:u_cpu_pc_rx|rx_shift~0                                                                                                                                         ; 4       ;
; huskylens_sensor_core:u_huskylens_sensor_core|Equal7~1                                                                                                                 ; 4       ;
; huskylens_sensor_core:u_huskylens_sensor_core|byte_index[2]~3                                                                                                          ; 4       ;
; huskylens_sensor_core:u_huskylens_sensor_core|UART_TX:uart_hl_tx|bit_idx[1]~1                                                                                          ; 4       ;
; huskylens_sensor_core:u_huskylens_sensor_core|hl_tx_send                                                                                                               ; 4       ;
; huskylens_sensor_core:u_huskylens_sensor_core|UART_TX:uart_hl_tx|state.START                                                                                           ; 4       ;
; ov7670_lcm_wall_core:u_ov7670_lcm_wall_core|I2S_LCM_Config:u4|mSetup_ST.0001                                                                                           ; 4       ;
; huskylens_sensor_core:u_huskylens_sensor_core|UART_RX:uart_hl_rx|bit_idx[2]~1                                                                                          ; 4       ;
; ov7670_lcm_wall_core:u_ov7670_lcm_wall_core|cam_y_sample_count[1]                                                                                                      ; 4       ;
; ov7670_lcm_wall_core:u_ov7670_lcm_wall_core|cam_y_sample_count[2]                                                                                                      ; 4       ;
; ov7670_lcm_wall_core:u_ov7670_lcm_wall_core|cam_x_sample_count[2]                                                                                                      ; 4       ;
; huskylens_sensor_core:u_huskylens_sensor_core|HL_PARSER:hl_parser|chksum_calc[6]                                                                                       ; 4       ;
; huskylens_sensor_core:u_huskylens_sensor_core|HL_PARSER:hl_parser|chksum_calc[7]                                                                                       ; 4       ;
; huskylens_sensor_core:u_huskylens_sensor_core|HL_PARSER:hl_parser|chksum_calc[4]                                                                                       ; 4       ;
; huskylens_sensor_core:u_huskylens_sensor_core|HL_PARSER:hl_parser|chksum_calc[5]                                                                                       ; 4       ;
; huskylens_sensor_core:u_huskylens_sensor_core|HL_PARSER:hl_parser|chksum_calc[2]                                                                                       ; 4       ;
; huskylens_sensor_core:u_huskylens_sensor_core|HL_PARSER:hl_parser|chksum_calc[3]                                                                                       ; 4       ;
; huskylens_sensor_core:u_huskylens_sensor_core|HL_PARSER:hl_parser|chksum_calc[1]                                                                                       ; 4       ;
; huskylens_sensor_core:u_huskylens_sensor_core|Equal4~1                                                                                                                 ; 4       ;
; huskylens_sensor_core:u_huskylens_sensor_core|hl_tx_data~0                                                                                                             ; 4       ;
; ov7670_lcm_wall_core:u_ov7670_lcm_wall_core|I2S_LCM_Config:u4|I2S_Controller:u0|Equal0~0                                                                               ; 4       ;
; ov7670_lcm_wall_core:u_ov7670_lcm_wall_core|Equal8~0                                                                                                                   ; 4       ;
; ov7670_lcm_wall_core:u_ov7670_lcm_wall_core|floor_avg_calc[1]~1                                                                                                        ; 4       ;
; ov7670_lcm_wall_core:u_ov7670_lcm_wall_core|floor_avg_calc[0]~0                                                                                                        ; 4       ;
; ov7670_lcm_wall_core:u_ov7670_lcm_wall_core|front_avg_calc[3]~0                                                                                                        ; 4       ;
; RV32I:u_rv32i|DATAPATH:DP|result[4]~35                                                                                                                                 ; 4       ;
; RV32I:u_rv32i|DATAPATH:DP|result[7]~32                                                                                                                                 ; 4       ;
; RV32I:u_rv32i|DATAPATH:DP|result[7]~30                                                                                                                                 ; 4       ;
; RV32I:u_rv32i|DATAPATH:DP|ALU:alu|Mux7~4                                                                                                                               ; 4       ;
; UART_TX:u_cpu_pc_tx|bit_idx[0]~1                                                                                                                                       ; 4       ;
; UART_TX:u_cpu_pc_tx|state.START                                                                                                                                        ; 4       ;
; RV32I:u_rv32i|DATAPATH:DP|PC:pc|PC[0]                                                                                                                                  ; 4       ;
; RV32I:u_rv32i|DATAPATH:DP|PC:pc|PC[1]                                                                                                                                  ; 4       ;
; RV32I:u_rv32i|DATAPATH:DP|ALU:alu|ShiftRight0~58                                                                                                                       ; 4       ;
; RV32I:u_rv32i|DATAPATH:DP|ALU:alu|ShiftLeft0~95                                                                                                                        ; 4       ;
; RV32I:u_rv32i|DATAPATH:DP|ALU:alu|Mux30~8                                                                                                                              ; 4       ;
; RV32I:u_rv32i|DATAPATH:DP|ALU:alu|ShiftRight0~52                                                                                                                       ; 4       ;
; RV32I:u_rv32i|DATAPATH:DP|ALU:alu|ShiftRight0~51                                                                                                                       ; 4       ;
; RV32I:u_rv32i|DATAPATH:DP|ALU:alu|ShiftRight0~48                                                                                                                       ; 4       ;
; RV32I:u_rv32i|DATAPATH:DP|ALU:alu|Mux25~4                                                                                                                              ; 4       ;
; RV32I:u_rv32i|DATAPATH:DP|ALU:alu|Mux25~3                                                                                                                              ; 4       ;
; RV32I:u_rv32i|DATAPATH:DP|ALU:alu|Mux25~2                                                                                                                              ; 4       ;
; RV32I:u_rv32i|DATAPATH:DP|ALU:alu|ShiftRight1~40                                                                                                                       ; 4       ;
; RV32I:u_rv32i|DATAPATH:DP|ALU:alu|Mux24~3                                                                                                                              ; 4       ;
; RV32I:u_rv32i|DATAPATH:DP|ALU:alu|Mux31~13                                                                                                                             ; 4       ;
; RV32I:u_rv32i|DATAPATH:DP|ALU:alu|ShiftRight0~22                                                                                                                       ; 4       ;
; DMEM_MMIO:u_dmem_mmio|HEX_OUT[1]~2                                                                                                                                     ; 4       ;
; RV32I:u_rv32i|DATAPATH:DP|ALU:alu|Mux3~9                                                                                                                               ; 4       ;
; RV32I:u_rv32i|DATAPATH:DP|ALU:alu|ShiftLeft0~83                                                                                                                        ; 4       ;
; RV32I:u_rv32i|DATAPATH:DP|ALU:alu|ShiftLeft0~82                                                                                                                        ; 4       ;
; RV32I:u_rv32i|DATAPATH:DP|ALU:alu|ShiftLeft0~79                                                                                                                        ; 4       ;
; RV32I:u_rv32i|DATAPATH:DP|ALU:alu|Mux0~8                                                                                                                               ; 4       ;
; RV32I:u_rv32i|DATAPATH:DP|ALU:alu|ShiftLeft0~66                                                                                                                        ; 4       ;
; RV32I:u_rv32i|DATAPATH:DP|ALU:alu|ShiftLeft0~64                                                                                                                        ; 4       ;
; RV32I:u_rv32i|DATAPATH:DP|ALU:alu|ShiftLeft0~63                                                                                                                        ; 4       ;
; RV32I:u_rv32i|DATAPATH:DP|ALU:alu|ShiftLeft0~62                                                                                                                        ; 4       ;
; RV32I:u_rv32i|DATAPATH:DP|ALU:alu|ShiftLeft0~61                                                                                                                        ; 4       ;
; RV32I:u_rv32i|DATAPATH:DP|ALU:alu|Mux2~22                                                                                                                              ; 4       ;
; RV32I:u_rv32i|DATAPATH:DP|ALU:alu|ShiftLeft0~57                                                                                                                        ; 4       ;
; RV32I:u_rv32i|DATAPATH:DP|ALU:alu|ShiftLeft0~42                                                                                                                        ; 4       ;
; RV32I:u_rv32i|DATAPATH:DP|ALU:alu|Mux1~11                                                                                                                              ; 4       ;
; RV32I:u_rv32i|DATAPATH:DP|ALU:alu|ShiftLeft0~28                                                                                                                        ; 4       ;
; RV32I:u_rv32i|DATAPATH:DP|ALU:alu|ShiftLeft0~16                                                                                                                        ; 4       ;
; RV32I:u_rv32i|DATAPATH:DP|ALU:alu|ShiftLeft0~12                                                                                                                        ; 4       ;
; RV32I:u_rv32i|DATAPATH:DP|ALU:alu|ShiftRight0~17                                                                                                                       ; 4       ;
; RV32I:u_rv32i|DATAPATH:DP|ALU:alu|ShiftRight1~24                                                                                                                       ; 4       ;
; RV32I:u_rv32i|DATAPATH:DP|ALU:alu|ShiftRight1~11                                                                                                                       ; 4       ;
; RV32I:u_rv32i|DATAPATH:DP|ALU:alu|ShiftRight0~9                                                                                                                        ; 4       ;
; RV32I:u_rv32i|DATAPATH:DP|ALU:alu|ShiftRight1~8                                                                                                                        ; 4       ;
; RV32I:u_rv32i|DATAPATH:DP|ALU:alu|ShiftRight1~7                                                                                                                        ; 4       ;
; RV32I:u_rv32i|CONTROLLER:CTRL|ALUDEC:AD|Mux1~0                                                                                                                         ; 4       ;
; IMEM:u_imem|RAM~510                                                                                                                                                    ; 4       ;
; RV32I:u_rv32i|DATAPATH:DP|EXTEND:extend|Mux11~0                                                                                                                        ; 4       ;
; RV32I:u_rv32i|DATAPATH:DP|EXTEND:extend|Mux12~0                                                                                                                        ; 4       ;
; RV32I:u_rv32i|CONTROLLER:CTRL|MAINDEC:MD|WideOr1~3                                                                                                                     ; 4       ;
; RV32I:u_rv32i|CONTROLLER:CTRL|MAINDEC:MD|WideOr0~0                                                                                                                     ; 4       ;
; IMEM:u_imem|RAM~375                                                                                                                                                    ; 4       ;
; IMEM:u_imem|RAM~337                                                                                                                                                    ; 4       ;
; IMEM:u_imem|RAM~171                                                                                                                                                    ; 4       ;
; IMEM:u_imem|RAM~113                                                                                                                                                    ; 4       ;
; IMEM:u_imem|RAM~89                                                                                                                                                     ; 4       ;
; IMEM:u_imem|RAM~63                                                                                                                                                     ; 4       ;
; huskylens_sensor_core:u_huskylens_sensor_core|mode_tick~0                                                                                                              ; 4       ;
; ov7670_lcm_wall_core:u_ov7670_lcm_wall_core|Add13~14                                                                                                                   ; 4       ;
; ov7670_lcm_wall_core:u_ov7670_lcm_wall_core|Add13~12                                                                                                                   ; 4       ;
; ov7670_lcm_wall_core:u_ov7670_lcm_wall_core|Add13~10                                                                                                                   ; 4       ;
; ov7670_lcm_wall_core:u_ov7670_lcm_wall_core|Add13~8                                                                                                                    ; 4       ;
; ov7670_lcm_wall_core:u_ov7670_lcm_wall_core|Add13~6                                                                                                                    ; 4       ;
; ov7670_lcm_wall_core:u_ov7670_lcm_wall_core|Add13~4                                                                                                                    ; 4       ;
; ov7670_lcm_wall_core:u_ov7670_lcm_wall_core|Add14~14                                                                                                                   ; 4       ;
; ov7670_lcm_wall_core:u_ov7670_lcm_wall_core|Add14~12                                                                                                                   ; 4       ;
; ov7670_lcm_wall_core:u_ov7670_lcm_wall_core|Add14~10                                                                                                                   ; 4       ;
; huskylens_sensor_core:u_huskylens_sensor_core|HL_PARSER:hl_parser|data_idx[4]                                                                                          ; 4       ;
; ov7670_lcm_wall_core:u_ov7670_lcm_wall_core|byte_phase                                                                                                                 ; 4       ;
; huskylens_sensor_core:u_huskylens_sensor_core|HL_PARSER:hl_parser|chksum_calc[0]                                                                                       ; 4       ;
; huskylens_sensor_core:u_huskylens_sensor_core|UART_TX:uart_hl_tx|BUSY                                                                                                  ; 4       ;
; ov7670_lcm_wall_core:u_ov7670_lcm_wall_core|V_Cont[0]                                                                                                                  ; 4       ;
; ov7670_lcm_wall_core:u_ov7670_lcm_wall_core|V_Cont[7]                                                                                                                  ; 4       ;
; ov7670_lcm_wall_core:u_ov7670_lcm_wall_core|V_Cont[6]                                                                                                                  ; 4       ;
; ov7670_lcm_wall_core:u_ov7670_lcm_wall_core|V_Cont[5]                                                                                                                  ; 4       ;
; ov7670_lcm_wall_core:u_ov7670_lcm_wall_core|V_Cont[4]                                                                                                                  ; 4       ;
; ov7670_lcm_wall_core:u_ov7670_lcm_wall_core|H_Cont[5]                                                                                                                  ; 4       ;
; ov7670_lcm_wall_core:u_ov7670_lcm_wall_core|H_Cont[6]                                                                                                                  ; 4       ;
; ov7670_lcm_wall_core:u_ov7670_lcm_wall_core|floor_sum[14]                                                                                                              ; 4       ;
; ov7670_lcm_wall_core:u_ov7670_lcm_wall_core|floor_sum[15]                                                                                                              ; 4       ;
; ov7670_lcm_wall_core:u_ov7670_lcm_wall_core|floor_sum[16]                                                                                                              ; 4       ;
; ov7670_lcm_wall_core:u_ov7670_lcm_wall_core|floor_sum[17]                                                                                                              ; 4       ;
; ov7670_lcm_wall_core:u_ov7670_lcm_wall_core|floor_sum[18]                                                                                                              ; 4       ;
; ov7670_lcm_wall_core:u_ov7670_lcm_wall_core|front_sum[18]                                                                                                              ; 4       ;
; ov7670_lcm_wall_core:u_ov7670_lcm_wall_core|front_sum[17]                                                                                                              ; 4       ;
; ov7670_lcm_wall_core:u_ov7670_lcm_wall_core|front_sum[16]                                                                                                              ; 4       ;
; ov7670_lcm_wall_core:u_ov7670_lcm_wall_core|front_sum[14]                                                                                                              ; 4       ;
; ov7670_lcm_wall_core:u_ov7670_lcm_wall_core|front_sum[13]                                                                                                              ; 4       ;
; huskylens_sensor_core:u_huskylens_sensor_core|HL_PARSER:hl_parser|DATA_VALID                                                                                           ; 4       ;
; huskylens_sensor_core:u_huskylens_sensor_core|algo_configured                                                                                                          ; 4       ;
; huskylens_sensor_core:u_huskylens_sensor_core|algo[1]                                                                                                                  ; 4       ;
; DMEM_MMIO:u_dmem_mmio|PC_TX_SEND                                                                                                                                       ; 4       ;
; RV32I:u_rv32i|DATAPATH:DP|PC:pc|PC[30]                                                                                                                                 ; 4       ;
; RV32I:u_rv32i|DATAPATH:DP|PC:pc|PC[31]                                                                                                                                 ; 4       ;
; RV32I:u_rv32i|DATAPATH:DP|PC:pc|PC[28]                                                                                                                                 ; 4       ;
; RV32I:u_rv32i|DATAPATH:DP|PC:pc|PC[29]                                                                                                                                 ; 4       ;
; RV32I:u_rv32i|DATAPATH:DP|PC:pc|PC[26]                                                                                                                                 ; 4       ;
+------------------------------------------------------------------------------------------------------------------------------------------------------------------------+---------+


+-----------------------------------------------------------------------------------------------------------------------------------------------------------------------------------------------------------------------------------------------------------------------------------------------------------------------------------------------------------------------------------------------------------------------------------------------------------------------------------------------------------------------------------------------------------------------------------------------------------------------------------------------------------------------------------------------------------------------------------------------------------------------------------------------------------------------------------------------------------------------------------------------------------------------------------------------------------------------------------------------------------------------------------------------------------------------------------------------------+
; Fitter RAM Summary                                                                                                                                                                                                                                                                                                                                                                                                                                                                                                                                                                                                                                                                                                                                                                                                                                                                                                                                                                                                                                                                                  ;
+----------------------------------------------------------------------------------------------------------------------------------------------+------+----------------+-------------+--------------+--------------+--------------+--------------+------------------------+-------------------------+------------------------+-------------------------+--------+-----------------------------+-----------------------------+-----------------------------+-----------------------------+---------------------+------+------+--------------------------------------------------------------------------------------------------------------------------------------------------------------------------------------------------------------------------------------------------------------------------------------------------------------------------------------------------------------------------------------------------------------------------------------------------------------------------------------------------------------+----------------------+-----------------+-----------------+
; Name                                                                                                                                         ; Type ; Mode           ; Clock Mode  ; Port A Depth ; Port A Width ; Port B Depth ; Port B Width ; Port A Input Registers ; Port A Output Registers ; Port B Input Registers ; Port B Output Registers ; Size   ; Implementation Port A Depth ; Implementation Port A Width ; Implementation Port B Depth ; Implementation Port B Width ; Implementation Bits ; M4Ks ; MIF  ; Location                                                                                                                                                                                                                                                                                                                                                                                                                                                                                                     ; Mixed Width RDW Mode ; Port A RDW Mode ; Port B RDW Mode ;
+----------------------------------------------------------------------------------------------------------------------------------------------+------+----------------+-------------+--------------+--------------+--------------+--------------+------------------------+-------------------------+------------------------+-------------------------+--------+-----------------------------+-----------------------------+-----------------------------+-----------------------------+---------------------+------+------+--------------------------------------------------------------------------------------------------------------------------------------------------------------------------------------------------------------------------------------------------------------------------------------------------------------------------------------------------------------------------------------------------------------------------------------------------------------------------------------------------------------+----------------------+-----------------+-----------------+
; ov7670_lcm_wall_core:u_ov7670_lcm_wall_core|altsyncram:frame_buf_rtl_0|altsyncram_o4d1:auto_generated|altsyncram_rng1:altsyncram1|ALTSYNCRAM ; AUTO ; True Dual Port ; Dual Clocks ; 19200        ; 8            ; 19200        ; 8            ; yes                    ; no                      ; yes                    ; no                      ; 153600 ; 19200                       ; 8                           ; 19200                       ; 8                           ; 153600              ; 40   ; None ; M4K_X52_Y5, M4K_X26_Y7, M4K_X26_Y5, M4K_X52_Y15, M4K_X26_Y11, M4K_X13_Y4, M4K_X52_Y9, M4K_X13_Y6, M4K_X26_Y15, M4K_X13_Y7, M4K_X26_Y2, M4K_X26_Y8, M4K_X52_Y3, M4K_X52_Y14, M4K_X52_Y10, M4K_X52_Y1, M4K_X26_Y10, M4K_X13_Y3, M4K_X52_Y16, M4K_X13_Y9, M4K_X26_Y1, M4K_X26_Y6, M4K_X26_Y3, M4K_X26_Y16, M4K_X26_Y12, M4K_X13_Y2, M4K_X26_Y9, M4K_X52_Y4, M4K_X26_Y13, M4K_X13_Y8, M4K_X13_Y5, M4K_X52_Y8, M4K_X52_Y6, M4K_X52_Y13, M4K_X52_Y12, M4K_X52_Y2, M4K_X52_Y7, M4K_X26_Y4, M4K_X26_Y14, M4K_X52_Y11 ; Don't care           ; Don't care      ; Don't care      ;
+----------------------------------------------------------------------------------------------------------------------------------------------+------+----------------+-------------+--------------+--------------+--------------+--------------+------------------------+-------------------------+------------------------+-------------------------+--------+-----------------------------+-----------------------------+-----------------------------+-----------------------------+---------------------+------+------+--------------------------------------------------------------------------------------------------------------------------------------------------------------------------------------------------------------------------------------------------------------------------------------------------------------------------------------------------------------------------------------------------------------------------------------------------------------------------------------------------------------+----------------------+-----------------+-----------------+
Note: Fitter may spread logical memories into multiple blocks to improve timing. The actual required RAM blocks can be found in the Fitter Resource Usage section.


+--------------------------------------------------------+
; Other Routing Usage Summary                            ;
+-----------------------------+--------------------------+
; Other Routing Resource Type ; Usage                    ;
+-----------------------------+--------------------------+
; Block interconnects         ; 31,286 / 94,460 ( 33 % ) ;
; C16 interconnects           ; 1,075 / 3,315 ( 32 % )   ;
; C4 interconnects            ; 22,707 / 60,840 ( 37 % ) ;
; Direct links                ; 2,164 / 94,460 ( 2 % )   ;
; Global clocks               ; 3 / 16 ( 19 % )          ;
; Local interconnects         ; 6,657 / 33,216 ( 20 % )  ;
; R24 interconnects           ; 1,264 / 3,091 ( 41 % )   ;
; R4 interconnects            ; 27,462 / 81,294 ( 34 % ) ;
+-----------------------------+--------------------------+


+------------------------------------------------------------------------------+
; LAB Logic Elements                                                           ;
+---------------------------------------------+--------------------------------+
; Number of Logic Elements  (Average = 11.80) ; Number of LABs  (Total = 1474) ;
+---------------------------------------------+--------------------------------+
; 1                                           ; 16                             ;
; 2                                           ; 52                             ;
; 3                                           ; 55                             ;
; 4                                           ; 63                             ;
; 5                                           ; 49                             ;
; 6                                           ; 44                             ;
; 7                                           ; 44                             ;
; 8                                           ; 57                             ;
; 9                                           ; 46                             ;
; 10                                          ; 48                             ;
; 11                                          ; 50                             ;
; 12                                          ; 85                             ;
; 13                                          ; 109                            ;
; 14                                          ; 130                            ;
; 15                                          ; 136                            ;
; 16                                          ; 490                            ;
+---------------------------------------------+--------------------------------+


+---------------------------------------------------------------------+
; LAB-wide Signals                                                    ;
+------------------------------------+--------------------------------+
; LAB-wide Signals  (Average = 1.91) ; Number of LABs  (Total = 1474) ;
+------------------------------------+--------------------------------+
; 1 Async. clear                     ; 41                             ;
; 1 Clock                            ; 1403                           ;
; 1 Clock enable                     ; 155                            ;
; 1 Sync. clear                      ; 22                             ;
; 1 Sync. load                       ; 11                             ;
; 2 Clock enables                    ; 1187                           ;
; 2 Clocks                           ; 2                              ;
+------------------------------------+--------------------------------+


+-------------------------------------------------------------------------------+
; LAB Signals Sourced                                                           ;
+----------------------------------------------+--------------------------------+
; Number of Signals Sourced  (Average = 16.70) ; Number of LABs  (Total = 1474) ;
+----------------------------------------------+--------------------------------+
; 0                                            ; 1                              ;
; 1                                            ; 9                              ;
; 2                                            ; 15                             ;
; 3                                            ; 16                             ;
; 4                                            ; 51                             ;
; 5                                            ; 26                             ;
; 6                                            ; 58                             ;
; 7                                            ; 30                             ;
; 8                                            ; 42                             ;
; 9                                            ; 23                             ;
; 10                                           ; 44                             ;
; 11                                           ; 35                             ;
; 12                                           ; 39                             ;
; 13                                           ; 42                             ;
; 14                                           ; 58                             ;
; 15                                           ; 68                             ;
; 16                                           ; 98                             ;
; 17                                           ; 74                             ;
; 18                                           ; 107                            ;
; 19                                           ; 74                             ;
; 20                                           ; 84                             ;
; 21                                           ; 76                             ;
; 22                                           ; 79                             ;
; 23                                           ; 75                             ;
; 24                                           ; 72                             ;
; 25                                           ; 49                             ;
; 26                                           ; 42                             ;
; 27                                           ; 32                             ;
; 28                                           ; 21                             ;
; 29                                           ; 16                             ;
; 30                                           ; 7                              ;
; 31                                           ; 1                              ;
; 32                                           ; 10                             ;
+----------------------------------------------+--------------------------------+


+----------------------------------------------------------------------------------+
; LAB Signals Sourced Out                                                          ;
+-------------------------------------------------+--------------------------------+
; Number of Signals Sourced Out  (Average = 8.15) ; Number of LABs  (Total = 1474) ;
+-------------------------------------------------+--------------------------------+
; 0                                               ; 1                              ;
; 1                                               ; 69                             ;
; 2                                               ; 87                             ;
; 3                                               ; 118                            ;
; 4                                               ; 112                            ;
; 5                                               ; 94                             ;
; 6                                               ; 114                            ;
; 7                                               ; 105                            ;
; 8                                               ; 98                             ;
; 9                                               ; 102                            ;
; 10                                              ; 109                            ;
; 11                                              ; 89                             ;
; 12                                              ; 84                             ;
; 13                                              ; 83                             ;
; 14                                              ; 78                             ;
; 15                                              ; 54                             ;
; 16                                              ; 47                             ;
; 17                                              ; 8                              ;
; 18                                              ; 7                              ;
; 19                                              ; 9                              ;
; 20                                              ; 1                              ;
; 21                                              ; 3                              ;
; 22                                              ; 2                              ;
+-------------------------------------------------+--------------------------------+


+-------------------------------------------------------------------------------+
; LAB Distinct Inputs                                                           ;
+----------------------------------------------+--------------------------------+
; Number of Distinct Inputs  (Average = 19.99) ; Number of LABs  (Total = 1474) ;
+----------------------------------------------+--------------------------------+
; 0                                            ; 0                              ;
; 1                                            ; 0                              ;
; 2                                            ; 2                              ;
; 3                                            ; 20                             ;
; 4                                            ; 24                             ;
; 5                                            ; 33                             ;
; 6                                            ; 38                             ;
; 7                                            ; 35                             ;
; 8                                            ; 75                             ;
; 9                                            ; 51                             ;
; 10                                           ; 38                             ;
; 11                                           ; 39                             ;
; 12                                           ; 40                             ;
; 13                                           ; 36                             ;
; 14                                           ; 37                             ;
; 15                                           ; 33                             ;
; 16                                           ; 39                             ;
; 17                                           ; 42                             ;
; 18                                           ; 43                             ;
; 19                                           ; 51                             ;
; 20                                           ; 43                             ;
; 21                                           ; 40                             ;
; 22                                           ; 41                             ;
; 23                                           ; 56                             ;
; 24                                           ; 36                             ;
; 25                                           ; 42                             ;
; 26                                           ; 48                             ;
; 27                                           ; 41                             ;
; 28                                           ; 62                             ;
; 29                                           ; 74                             ;
; 30                                           ; 91                             ;
; 31                                           ; 214                            ;
; 32                                           ; 2                              ;
; 33                                           ; 1                              ;
; 34                                           ; 0                              ;
; 35                                           ; 0                              ;
; 36                                           ; 3                              ;
; 37                                           ; 1                              ;
; 38                                           ; 3                              ;
+----------------------------------------------+--------------------------------+


+-------------------------------------------------------------------------+
; Fitter Device Options                                                   ;
+----------------------------------------------+--------------------------+
; Option                                       ; Setting                  ;
+----------------------------------------------+--------------------------+
; Enable user-supplied start-up clock (CLKUSR) ; Off                      ;
; Enable device-wide reset (DEV_CLRn)          ; Off                      ;
; Enable device-wide output enable (DEV_OE)    ; Off                      ;
; Enable INIT_DONE output                      ; Off                      ;
; Configuration scheme                         ; Active Serial            ;
; Error detection CRC                          ; Off                      ;
; nCEO                                         ; As output driving ground ;
; ASDO,nCSO                                    ; As input tri-stated      ;
; Reserve all unused pins                      ; As output driving ground ;
; Base pin-out file on sameframe device        ; Off                      ;
+----------------------------------------------+--------------------------+


+------------------------------------+
; Operating Settings and Conditions  ;
+---------------------------+--------+
; Setting                   ; Value  ;
+---------------------------+--------+
; Nominal Core Voltage      ; 1.20 V ;
; Low Junction Temperature  ; 0 °C   ;
; High Junction Temperature ; 85 °C  ;
+---------------------------+--------+


+-----------------+
; Fitter Messages ;
+-----------------+
Warning (20028): Parallel compilation is not licensed and has been disabled
Info (119006): Selected device EP2C35F672C6 for design "prj2"
Info (21077): Low junction temperature is 0 degrees C
Info (21077): High junction temperature is 85 degrees C
Info (15535): Implemented PLL "ov7670_lcm_wall_core:u_ov7670_lcm_wall_core|LCM_PLL:u0|altpll:altpll_component|pll" as Cyclone II PLL type
    Info (15099): Implementing clock multiplication of 7, clock division of 19, and phase shift of 0 degrees (0 ps) for ov7670_lcm_wall_core:u_ov7670_lcm_wall_core|LCM_PLL:u0|altpll:altpll_component|_clk0 port
Info (171003): Fitter is performing an Auto Fit compilation, which may decrease Fitter effort to reduce compilation time
Warning (292013): Feature LogicLock is only available with a valid subscription license. You can purchase a software subscription to gain full access to this feature.
Info (176444): Device migration not selected. If you intend to use device migration later, you may need to change the pin assignments as they may be incompatible with other devices
    Info (176445): Device EP2C50F672C6 is compatible
    Info (176445): Device EP2C70F672C6 is compatible
Info (169124): Fitter converted 3 user pins into dedicated programming pins
    Info (169125): Pin ~ASDO~ is reserved at location E3
    Info (169125): Pin ~nCSO~ is reserved at location D3
    Info (169125): Pin ~LVDS150p/nCEO~ is reserved at location AE24
Info (176045): Design uses memory blocks. Violating setup or hold times of memory block address registers for either read or write operations could cause memory contents to be corrupted. Make sure that all memory block address registers meet the setup and hold time requirements.
Info (332104): Reading SDC File: 'prj2.sdc'
Info (332110): Deriving PLL clocks
    Info (332110): create_generated_clock -source {u_ov7670_lcm_wall_core|u0|altpll_component|pll|inclk[0]} -divide_by 19 -multiply_by 7 -duty_cycle 50.00 -name {u_ov7670_lcm_wall_core|u0|altpll_component|pll|clk[0]} {u_ov7670_lcm_wall_core|u0|altpll_component|pll|clk[0]}
Warning (332153): Family doesn't support jitter analysis.
Warning (332060): Node: GPIO_1[5] was determined to be a clock but was found without an associated clock assignment.
Warning (332060): Node: ov7670_lcm_wall_core:u_ov7670_lcm_wall_core|I2S_LCM_Config:u4|I2S_Controller:u0|mI2S_CLK was determined to be a clock but was found without an associated clock assignment.
Info (332129): Detected timing requirements -- optimizing circuit to achieve only the specified requirements
Info (332111): Found 2 clocks
    Info (332111):   Period   Clock Name
    Info (332111): ======== ============
    Info (332111):   20.000     CLOCK_50
    Info (332111):   54.285 u_ov7670_lcm_wall_core|u0|altpll_component|pll|clk[0]
Info (176353): Automatically promoted node CLOCK_50 (placed in PIN N2 (CLK0, LVDSCLK0p, Input))
    Info (176355): Automatically promoted destinations to use location or clock signal Global Clock CLKCTRL_G2
    Info (176356): Following destination nodes may be non-global or may not use global or regional clocks
        Info (176357): Destination node ov7670_lcm_wall_core:u_ov7670_lcm_wall_core|I2S_LCM_Config:u4|I2S_Controller:u0|mI2S_CLK
Info (176353): Automatically promoted node ov7670_lcm_wall_core:u_ov7670_lcm_wall_core|LCM_PLL:u0|altpll:altpll_component|_clk0 (placed in counter C0 of PLL_1)
    Info (176355): Automatically promoted destinations to use location or clock signal Global Clock CLKCTRL_G3
Info (176353): Automatically promoted node ov7670_lcm_wall_core:u_ov7670_lcm_wall_core|I2S_LCM_Config:u4|I2S_Controller:u0|mI2S_CLK 
    Info (176355): Automatically promoted destinations to use location or clock signal Global Clock
    Info (176356): Following destination nodes may be non-global or may not use global or regional clocks
        Info (176357): Destination node ov7670_lcm_wall_core:u_ov7670_lcm_wall_core|I2S_LCM_Config:u4|I2S_Controller:u0|I2S_CLK
        Info (176357): Destination node ov7670_lcm_wall_core:u_ov7670_lcm_wall_core|I2S_LCM_Config:u4|I2S_Controller:u0|mI2S_CLK~0
Info (176233): Starting register packing
Info (176235): Finished register packing
    Extra Info (176219): No registers were packed into other blocks
Warning (15064): PLL "ov7670_lcm_wall_core:u_ov7670_lcm_wall_core|LCM_PLL:u0|altpll:altpll_component|pll" output port clk[0] feeds output pin "GPIO_0[29]" via non-dedicated routing -- jitter performance depends on switching rate of other design elements. Use PLL dedicated clock outputs to ensure jitter performance
Warning (15705): Ignored locations or region assignments to the following nodes
    Warning (15706): Node "LEDG[8]" is assigned to location or region, but does not exist in design
Info (171121): Fitter preparation operations ending: elapsed time is 00:00:05
Info (170189): Fitter placement preparation operations beginning
Info (170190): Fitter placement preparation operations ending: elapsed time is 00:00:09
Info (170191): Fitter placement operations beginning
Info (170137): Fitter placement was successful
Info (170192): Fitter placement operations ending: elapsed time is 00:00:49
Info (170193): Fitter routing operations beginning
Info (170195): Router estimated average interconnect usage is 41% of the available device resources
    Info (170196): Router estimated peak interconnect usage is 95% of the available device resources in the region that extends from location X33_Y12 to location X43_Y23
Info (170131): Fitter routing phase terminated due to predicted failure from regional routing congestion
    Info (170132): Routing phase ended with 2301 interconnect resources used by multiple signals
    Info (170196): Router estimated peak interconnect usage is 88% of the available device resources in the region that extends from location X33_Y12 to location X43_Y23
    Info (170133): The likelihood of this design fitting with aggressive routability optimizations is high
Info (170194): Fitter routing operations ending: elapsed time is 00:01:19
Info (170134): Cannot fit design in device -- retrying with increased optimization that can result in longer processing time
Info (170202): The Fitter performed an Auto Fit compilation.  No optimizations were skipped because the design's timing and routability requirements required full optimization.
Info (170197): The Fitter will not skip routability optimizations in all subsequent fit attempts
Info (170189): Fitter placement preparation operations beginning
Info (170190): Fitter placement preparation operations ending: elapsed time is 00:00:09
Info (170191): Fitter placement operations beginning
Info (170137): Fitter placement was successful
Info (170192): Fitter placement operations ending: elapsed time is 00:02:13
Info (170193): Fitter routing operations beginning
Info (170195): Router estimated average interconnect usage is 32% of the available device resources
    Info (170196): Router estimated peak interconnect usage is 78% of the available device resources in the region that extends from location X33_Y12 to location X43_Y23
Info (170194): Fitter routing operations ending: elapsed time is 00:02:02
Info (170202): The Fitter performed an Auto Fit compilation.  No optimizations were skipped because the design's timing and routability requirements required full optimization.
Info (11888): Total time spent on timing analysis during the Fitter is 21.25 seconds.
Info (306004): Started post-fitting delay annotation
Warning (306006): Found 155 output pins without output pin load capacitance assignment
    Info (306007): Pin "GPIO_0[0]" has no specified output pin load capacitance -- assuming default load capacitance of 0 pF for timing analysis
    Info (306007): Pin "GPIO_0[1]" has no specified output pin load capacitance -- assuming default load capacitance of 0 pF for timing analysis
    Info (306007): Pin "GPIO_0[2]" has no specified output pin load capacitance -- assuming default load capacitance of 0 pF for timing analysis
    Info (306007): Pin "GPIO_0[3]" has no specified output pin load capacitance -- assuming default load capacitance of 0 pF for timing analysis
    Info (306007): Pin "GPIO_0[4]" has no specified output pin load capacitance -- assuming default load capacitance of 0 pF for timing analysis
    Info (306007): Pin "GPIO_0[5]" has no specified output pin load capacitance -- assuming default load capacitance of 0 pF for timing analysis
    Info (306007): Pin "GPIO_0[6]" has no specified output pin load capacitance -- assuming default load capacitance of 0 pF for timing analysis
    Info (306007): Pin "GPIO_0[7]" has no specified output pin load capacitance -- assuming default load capacitance of 0 pF for timing analysis
    Info (306007): Pin "GPIO_0[8]" has no specified output pin load capacitance -- assuming default load capacitance of 0 pF for timing analysis
    Info (306007): Pin "GPIO_0[9]" has no specified output pin load capacitance -- assuming default load capacitance of 0 pF for timing analysis
    Info (306007): Pin "GPIO_0[10]" has no specified output pin load capacitance -- assuming default load capacitance of 0 pF for timing analysis
    Info (306007): Pin "GPIO_0[11]" has no specified output pin load capacitance -- assuming default load capacitance of 0 pF for timing analysis
    Info (306007): Pin "GPIO_0[12]" has no specified output pin load capacitance -- assuming default load capacitance of 0 pF for timing analysis
    Info (306007): Pin "GPIO_0[13]" has no specified output pin load capacitance -- assuming default load capacitance of 0 pF for timing analysis
    Info (306007): Pin "GPIO_0[14]" has no specified output pin load capacitance -- assuming default load capacitance of 0 pF for timing analysis
    Info (306007): Pin "GPIO_0[15]" has no specified output pin load capacitance -- assuming default load capacitance of 0 pF for timing analysis
    Info (306007): Pin "GPIO_0[16]" has no specified output pin load capacitance -- assuming default load capacitance of 0 pF for timing analysis
    Info (306007): Pin "GPIO_0[17]" has no specified output pin load capacitance -- assuming default load capacitance of 0 pF for timing analysis
    Info (306007): Pin "GPIO_0[18]" has no specified output pin load capacitance -- assuming default load capacitance of 0 pF for timing analysis
    Info (306007): Pin "GPIO_0[19]" has no specified output pin load capacitance -- assuming default load capacitance of 0 pF for timing analysis
    Info (306007): Pin "GPIO_0[20]" has no specified output pin load capacitance -- assuming default load capacitance of 0 pF for timing analysis
    Info (306007): Pin "GPIO_0[21]" has no specified output pin load capacitance -- assuming default load capacitance of 0 pF for timing analysis
    Info (306007): Pin "GPIO_0[22]" has no specified output pin load capacitance -- assuming default load capacitance of 0 pF for timing analysis
    Info (306007): Pin "GPIO_0[23]" has no specified output pin load capacitance -- assuming default load capacitance of 0 pF for timing analysis
    Info (306007): Pin "GPIO_0[24]" has no specified output pin load capacitance -- assuming default load capacitance of 0 pF for timing analysis
    Info (306007): Pin "GPIO_0[25]" has no specified output pin load capacitance -- assuming default load capacitance of 0 pF for timing analysis
    Info (306007): Pin "GPIO_0[26]" has no specified output pin load capacitance -- assuming default load capacitance of 0 pF for timing analysis
    Info (306007): Pin "GPIO_0[27]" has no specified output pin load capacitance -- assuming default load capacitance of 0 pF for timing analysis
    Info (306007): Pin "GPIO_0[28]" has no specified output pin load capacitance -- assuming default load capacitance of 0 pF for timing analysis
    Info (306007): Pin "GPIO_0[29]" has no specified output pin load capacitance -- assuming default load capacitance of 0 pF for timing analysis
    Info (306007): Pin "GPIO_0[30]" has no specified output pin load capacitance -- assuming default load capacitance of 0 pF for timing analysis
    Info (306007): Pin "GPIO_0[31]" has no specified output pin load capacitance -- assuming default load capacitance of 0 pF for timing analysis
    Info (306007): Pin "GPIO_0[32]" has no specified output pin load capacitance -- assuming default load capacitance of 0 pF for timing analysis
    Info (306007): Pin "GPIO_0[33]" has no specified output pin load capacitance -- assuming default load capacitance of 0 pF for timing analysis
    Info (306007): Pin "GPIO_0[34]" has no specified output pin load capacitance -- assuming default load capacitance of 0 pF for timing analysis
    Info (306007): Pin "GPIO_0[35]" has no specified output pin load capacitance -- assuming default load capacitance of 0 pF for timing analysis
    Info (306007): Pin "GPIO_1[0]" has no specified output pin load capacitance -- assuming default load capacitance of 0 pF for timing analysis
    Info (306007): Pin "GPIO_1[1]" has no specified output pin load capacitance -- assuming default load capacitance of 0 pF for timing analysis
    Info (306007): Pin "GPIO_1[2]" has no specified output pin load capacitance -- assuming default load capacitance of 0 pF for timing analysis
    Info (306007): Pin "GPIO_1[3]" has no specified output pin load capacitance -- assuming default load capacitance of 0 pF for timing analysis
    Info (306007): Pin "GPIO_1[4]" has no specified output pin load capacitance -- assuming default load capacitance of 0 pF for timing analysis
    Info (306007): Pin "GPIO_1[5]" has no specified output pin load capacitance -- assuming default load capacitance of 0 pF for timing analysis
    Info (306007): Pin "GPIO_1[6]" has no specified output pin load capacitance -- assuming default load capacitance of 0 pF for timing analysis
    Info (306007): Pin "GPIO_1[7]" has no specified output pin load capacitance -- assuming default load capacitance of 0 pF for timing analysis
    Info (306007): Pin "GPIO_1[8]" has no specified output pin load capacitance -- assuming default load capacitance of 0 pF for timing analysis
    Info (306007): Pin "GPIO_1[9]" has no specified output pin load capacitance -- assuming default load capacitance of 0 pF for timing analysis
    Info (306007): Pin "GPIO_1[10]" has no specified output pin load capacitance -- assuming default load capacitance of 0 pF for timing analysis
    Info (306007): Pin "GPIO_1[11]" has no specified output pin load capacitance -- assuming default load capacitance of 0 pF for timing analysis
    Info (306007): Pin "GPIO_1[12]" has no specified output pin load capacitance -- assuming default load capacitance of 0 pF for timing analysis
    Info (306007): Pin "GPIO_1[13]" has no specified output pin load capacitance -- assuming default load capacitance of 0 pF for timing analysis
    Info (306007): Pin "GPIO_1[14]" has no specified output pin load capacitance -- assuming default load capacitance of 0 pF for timing analysis
    Info (306007): Pin "GPIO_1[15]" has no specified output pin load capacitance -- assuming default load capacitance of 0 pF for timing analysis
    Info (306007): Pin "GPIO_1[16]" has no specified output pin load capacitance -- assuming default load capacitance of 0 pF for timing analysis
    Info (306007): Pin "GPIO_1[17]" has no specified output pin load capacitance -- assuming default load capacitance of 0 pF for timing analysis
    Info (306007): Pin "GPIO_1[18]" has no specified output pin load capacitance -- assuming default load capacitance of 0 pF for timing analysis
    Info (306007): Pin "GPIO_1[19]" has no specified output pin load capacitance -- assuming default load capacitance of 0 pF for timing analysis
    Info (306007): Pin "GPIO_1[20]" has no specified output pin load capacitance -- assuming default load capacitance of 0 pF for timing analysis
    Info (306007): Pin "GPIO_1[21]" has no specified output pin load capacitance -- assuming default load capacitance of 0 pF for timing analysis
    Info (306007): Pin "GPIO_1[22]" has no specified output pin load capacitance -- assuming default load capacitance of 0 pF for timing analysis
    Info (306007): Pin "GPIO_1[23]" has no specified output pin load capacitance -- assuming default load capacitance of 0 pF for timing analysis
    Info (306007): Pin "GPIO_1[24]" has no specified output pin load capacitance -- assuming default load capacitance of 0 pF for timing analysis
    Info (306007): Pin "GPIO_1[25]" has no specified output pin load capacitance -- assuming default load capacitance of 0 pF for timing analysis
    Info (306007): Pin "GPIO_1[26]" has no specified output pin load capacitance -- assuming default load capacitance of 0 pF for timing analysis
    Info (306007): Pin "GPIO_1[27]" has no specified output pin load capacitance -- assuming default load capacitance of 0 pF for timing analysis
    Info (306007): Pin "GPIO_1[28]" has no specified output pin load capacitance -- assuming default load capacitance of 0 pF for timing analysis
    Info (306007): Pin "GPIO_1[29]" has no specified output pin load capacitance -- assuming default load capacitance of 0 pF for timing analysis
    Info (306007): Pin "GPIO_1[30]" has no specified output pin load capacitance -- assuming default load capacitance of 0 pF for timing analysis
    Info (306007): Pin "GPIO_1[31]" has no specified output pin load capacitance -- assuming default load capacitance of 0 pF for timing analysis
    Info (306007): Pin "GPIO_1[32]" has no specified output pin load capacitance -- assuming default load capacitance of 0 pF for timing analysis
    Info (306007): Pin "GPIO_1[33]" has no specified output pin load capacitance -- assuming default load capacitance of 0 pF for timing analysis
    Info (306007): Pin "GPIO_1[34]" has no specified output pin load capacitance -- assuming default load capacitance of 0 pF for timing analysis
    Info (306007): Pin "GPIO_1[35]" has no specified output pin load capacitance -- assuming default load capacitance of 0 pF for timing analysis
    Info (306007): Pin "UART_TXD" has no specified output pin load capacitance -- assuming default load capacitance of 0 pF for timing analysis
    Info (306007): Pin "HEX0[0]" has no specified output pin load capacitance -- assuming default load capacitance of 0 pF for timing analysis
    Info (306007): Pin "HEX0[1]" has no specified output pin load capacitance -- assuming default load capacitance of 0 pF for timing analysis
    Info (306007): Pin "HEX0[2]" has no specified output pin load capacitance -- assuming default load capacitance of 0 pF for timing analysis
    Info (306007): Pin "HEX0[3]" has no specified output pin load capacitance -- assuming default load capacitance of 0 pF for timing analysis
    Info (306007): Pin "HEX0[4]" has no specified output pin load capacitance -- assuming default load capacitance of 0 pF for timing analysis
    Info (306007): Pin "HEX0[5]" has no specified output pin load capacitance -- assuming default load capacitance of 0 pF for timing analysis
    Info (306007): Pin "HEX0[6]" has no specified output pin load capacitance -- assuming default load capacitance of 0 pF for timing analysis
    Info (306007): Pin "HEX1[0]" has no specified output pin load capacitance -- assuming default load capacitance of 0 pF for timing analysis
    Info (306007): Pin "HEX1[1]" has no specified output pin load capacitance -- assuming default load capacitance of 0 pF for timing analysis
    Info (306007): Pin "HEX1[2]" has no specified output pin load capacitance -- assuming default load capacitance of 0 pF for timing analysis
    Info (306007): Pin "HEX1[3]" has no specified output pin load capacitance -- assuming default load capacitance of 0 pF for timing analysis
    Info (306007): Pin "HEX1[4]" has no specified output pin load capacitance -- assuming default load capacitance of 0 pF for timing analysis
    Info (306007): Pin "HEX1[5]" has no specified output pin load capacitance -- assuming default load capacitance of 0 pF for timing analysis
    Info (306007): Pin "HEX1[6]" has no specified output pin load capacitance -- assuming default load capacitance of 0 pF for timing analysis
    Info (306007): Pin "HEX2[0]" has no specified output pin load capacitance -- assuming default load capacitance of 0 pF for timing analysis
    Info (306007): Pin "HEX2[1]" has no specified output pin load capacitance -- assuming default load capacitance of 0 pF for timing analysis
    Info (306007): Pin "HEX2[2]" has no specified output pin load capacitance -- assuming default load capacitance of 0 pF for timing analysis
    Info (306007): Pin "HEX2[3]" has no specified output pin load capacitance -- assuming default load capacitance of 0 pF for timing analysis
    Info (306007): Pin "HEX2[4]" has no specified output pin load capacitance -- assuming default load capacitance of 0 pF for timing analysis
    Info (306007): Pin "HEX2[5]" has no specified output pin load capacitance -- assuming default load capacitance of 0 pF for timing analysis
    Info (306007): Pin "HEX2[6]" has no specified output pin load capacitance -- assuming default load capacitance of 0 pF for timing analysis
    Info (306007): Pin "HEX3[0]" has no specified output pin load capacitance -- assuming default load capacitance of 0 pF for timing analysis
    Info (306007): Pin "HEX3[1]" has no specified output pin load capacitance -- assuming default load capacitance of 0 pF for timing analysis
    Info (306007): Pin "HEX3[2]" has no specified output pin load capacitance -- assuming default load capacitance of 0 pF for timing analysis
    Info (306007): Pin "HEX3[3]" has no specified output pin load capacitance -- assuming default load capacitance of 0 pF for timing analysis
    Info (306007): Pin "HEX3[4]" has no specified output pin load capacitance -- assuming default load capacitance of 0 pF for timing analysis
    Info (306007): Pin "HEX3[5]" has no specified output pin load capacitance -- assuming default load capacitance of 0 pF for timing analysis
    Info (306007): Pin "HEX3[6]" has no specified output pin load capacitance -- assuming default load capacitance of 0 pF for timing analysis
    Info (306007): Pin "HEX4[0]" has no specified output pin load capacitance -- assuming default load capacitance of 0 pF for timing analysis
    Info (306007): Pin "HEX4[1]" has no specified output pin load capacitance -- assuming default load capacitance of 0 pF for timing analysis
    Info (306007): Pin "HEX4[2]" has no specified output pin load capacitance -- assuming default load capacitance of 0 pF for timing analysis
    Info (306007): Pin "HEX4[3]" has no specified output pin load capacitance -- assuming default load capacitance of 0 pF for timing analysis
    Info (306007): Pin "HEX4[4]" has no specified output pin load capacitance -- assuming default load capacitance of 0 pF for timing analysis
    Info (306007): Pin "HEX4[5]" has no specified output pin load capacitance -- assuming default load capacitance of 0 pF for timing analysis
    Info (306007): Pin "HEX4[6]" has no specified output pin load capacitance -- assuming default load capacitance of 0 pF for timing analysis
    Info (306007): Pin "HEX5[0]" has no specified output pin load capacitance -- assuming default load capacitance of 0 pF for timing analysis
    Info (306007): Pin "HEX5[1]" has no specified output pin load capacitance -- assuming default load capacitance of 0 pF for timing analysis
    Info (306007): Pin "HEX5[2]" has no specified output pin load capacitance -- assuming default load capacitance of 0 pF for timing analysis
    Info (306007): Pin "HEX5[3]" has no specified output pin load capacitance -- assuming default load capacitance of 0 pF for timing analysis
    Info (306007): Pin "HEX5[4]" has no specified output pin load capacitance -- assuming default load capacitance of 0 pF for timing analysis
    Info (306007): Pin "HEX5[5]" has no specified output pin load capacitance -- assuming default load capacitance of 0 pF for timing analysis
    Info (306007): Pin "HEX5[6]" has no specified output pin load capacitance -- assuming default load capacitance of 0 pF for timing analysis
    Info (306007): Pin "HEX6[0]" has no specified output pin load capacitance -- assuming default load capacitance of 0 pF for timing analysis
    Info (306007): Pin "HEX6[1]" has no specified output pin load capacitance -- assuming default load capacitance of 0 pF for timing analysis
    Info (306007): Pin "HEX6[2]" has no specified output pin load capacitance -- assuming default load capacitance of 0 pF for timing analysis
    Info (306007): Pin "HEX6[3]" has no specified output pin load capacitance -- assuming default load capacitance of 0 pF for timing analysis
    Info (306007): Pin "HEX6[4]" has no specified output pin load capacitance -- assuming default load capacitance of 0 pF for timing analysis
    Info (306007): Pin "HEX6[5]" has no specified output pin load capacitance -- assuming default load capacitance of 0 pF for timing analysis
    Info (306007): Pin "HEX6[6]" has no specified output pin load capacitance -- assuming default load capacitance of 0 pF for timing analysis
    Info (306007): Pin "HEX7[0]" has no specified output pin load capacitance -- assuming default load capacitance of 0 pF for timing analysis
    Info (306007): Pin "HEX7[1]" has no specified output pin load capacitance -- assuming default load capacitance of 0 pF for timing analysis
    Info (306007): Pin "HEX7[2]" has no specified output pin load capacitance -- assuming default load capacitance of 0 pF for timing analysis
    Info (306007): Pin "HEX7[3]" has no specified output pin load capacitance -- assuming default load capacitance of 0 pF for timing analysis
    Info (306007): Pin "HEX7[4]" has no specified output pin load capacitance -- assuming default load capacitance of 0 pF for timing analysis
    Info (306007): Pin "HEX7[5]" has no specified output pin load capacitance -- assuming default load capacitance of 0 pF for timing analysis
    Info (306007): Pin "HEX7[6]" has no specified output pin load capacitance -- assuming default load capacitance of 0 pF for timing analysis
    Info (306007): Pin "LEDG[0]" has no specified output pin load capacitance -- assuming default load capacitance of 0 pF for timing analysis
    Info (306007): Pin "LEDG[1]" has no specified output pin load capacitance -- assuming default load capacitance of 0 pF for timing analysis
    Info (306007): Pin "LEDG[2]" has no specified output pin load capacitance -- assuming default load capacitance of 0 pF for timing analysis
    Info (306007): Pin "LEDG[3]" has no specified output pin load capacitance -- assuming default load capacitance of 0 pF for timing analysis
    Info (306007): Pin "LEDG[4]" has no specified output pin load capacitance -- assuming default load capacitance of 0 pF for timing analysis
    Info (306007): Pin "LEDG[5]" has no specified output pin load capacitance -- assuming default load capacitance of 0 pF for timing analysis
    Info (306007): Pin "LEDG[6]" has no specified output pin load capacitance -- assuming default load capacitance of 0 pF for timing analysis
    Info (306007): Pin "LEDG[7]" has no specified output pin load capacitance -- assuming default load capacitance of 0 pF for timing analysis
    Info (306007): Pin "LEDR[0]" has no specified output pin load capacitance -- assuming default load capacitance of 0 pF for timing analysis
    Info (306007): Pin "LEDR[1]" has no specified output pin load capacitance -- assuming default load capacitance of 0 pF for timing analysis
    Info (306007): Pin "LEDR[2]" has no specified output pin load capacitance -- assuming default load capacitance of 0 pF for timing analysis
    Info (306007): Pin "LEDR[3]" has no specified output pin load capacitance -- assuming default load capacitance of 0 pF for timing analysis
    Info (306007): Pin "LEDR[4]" has no specified output pin load capacitance -- assuming default load capacitance of 0 pF for timing analysis
    Info (306007): Pin "LEDR[5]" has no specified output pin load capacitance -- assuming default load capacitance of 0 pF for timing analysis
    Info (306007): Pin "LEDR[6]" has no specified output pin load capacitance -- assuming default load capacitance of 0 pF for timing analysis
    Info (306007): Pin "LEDR[7]" has no specified output pin load capacitance -- assuming default load capacitance of 0 pF for timing analysis
    Info (306007): Pin "LEDR[8]" has no specified output pin load capacitance -- assuming default load capacitance of 0 pF for timing analysis
    Info (306007): Pin "LEDR[9]" has no specified output pin load capacitance -- assuming default load capacitance of 0 pF for timing analysis
    Info (306007): Pin "LEDR[10]" has no specified output pin load capacitance -- assuming default load capacitance of 0 pF for timing analysis
    Info (306007): Pin "LEDR[11]" has no specified output pin load capacitance -- assuming default load capacitance of 0 pF for timing analysis
    Info (306007): Pin "LEDR[12]" has no specified output pin load capacitance -- assuming default load capacitance of 0 pF for timing analysis
    Info (306007): Pin "LEDR[13]" has no specified output pin load capacitance -- assuming default load capacitance of 0 pF for timing analysis
    Info (306007): Pin "LEDR[14]" has no specified output pin load capacitance -- assuming default load capacitance of 0 pF for timing analysis
    Info (306007): Pin "LEDR[15]" has no specified output pin load capacitance -- assuming default load capacitance of 0 pF for timing analysis
    Info (306007): Pin "LEDR[16]" has no specified output pin load capacitance -- assuming default load capacitance of 0 pF for timing analysis
    Info (306007): Pin "LEDR[17]" has no specified output pin load capacitance -- assuming default load capacitance of 0 pF for timing analysis
Info (306005): Delay annotation completed successfully
Info (306004): Started post-fitting delay annotation
Info (306005): Delay annotation completed successfully
Info (11218): Fitter post-fit operations ending: elapsed time is 00:00:08
Info (176045): Design uses memory blocks. Violating setup or hold times of memory block address registers for either read or write operations could cause memory contents to be corrupted. Make sure that all memory block address registers meet the setup and hold time requirements.
Warning (171167): Found invalid Fitter assignments. See the Ignored Assignments panel in the Fitter Compilation Report for more information.
Warning (169064): Following 71 pins have no output enable or a GND or VCC output enable - later changes to this connectivity may change fitting results
    Info (169065): Pin GPIO_0[0] has a permanently disabled output enable
    Info (169065): Pin GPIO_0[1] has a permanently disabled output enable
    Info (169065): Pin GPIO_0[2] has a permanently disabled output enable
    Info (169065): Pin GPIO_0[3] has a permanently disabled output enable
    Info (169065): Pin GPIO_0[4] has a permanently disabled output enable
    Info (169065): Pin GPIO_0[5] has a permanently disabled output enable
    Info (169065): Pin GPIO_0[6] has a permanently disabled output enable
    Info (169065): Pin GPIO_0[7] has a permanently disabled output enable
    Info (169065): Pin GPIO_0[8] has a permanently disabled output enable
    Info (169065): Pin GPIO_0[9] has a permanently disabled output enable
    Info (169065): Pin GPIO_0[10] has a permanently disabled output enable
    Info (169065): Pin GPIO_0[11] has a permanently disabled output enable
    Info (169065): Pin GPIO_0[12] has a permanently disabled output enable
    Info (169065): Pin GPIO_0[13] has a permanently disabled output enable
    Info (169065): Pin GPIO_0[14] has a permanently disabled output enable
    Info (169065): Pin GPIO_0[15] has a permanently disabled output enable
    Info (169065): Pin GPIO_0[16] has a permanently disabled output enable
    Info (169065): Pin GPIO_0[17] has a permanently disabled output enable
    Info (169065): Pin GPIO_0[18] has a permanently enabled output enable
    Info (169065): Pin GPIO_0[19] has a permanently enabled output enable
    Info (169065): Pin GPIO_0[20] has a permanently enabled output enable
    Info (169065): Pin GPIO_0[21] has a permanently enabled output enable
    Info (169065): Pin GPIO_0[22] has a permanently enabled output enable
    Info (169065): Pin GPIO_0[23] has a permanently enabled output enable
    Info (169065): Pin GPIO_0[24] has a permanently enabled output enable
    Info (169065): Pin GPIO_0[25] has a permanently enabled output enable
    Info (169065): Pin GPIO_0[26] has a permanently enabled output enable
    Info (169065): Pin GPIO_0[27] has a permanently disabled output enable
    Info (169065): Pin GPIO_0[28] has a permanently enabled output enable
    Info (169065): Pin GPIO_0[29] has a permanently enabled output enable
    Info (169065): Pin GPIO_0[30] has a permanently enabled output enable
    Info (169065): Pin GPIO_0[31] has a permanently enabled output enable
    Info (169065): Pin GPIO_0[32] has a permanently disabled output enable
    Info (169065): Pin GPIO_0[33] has a permanently enabled output enable
    Info (169065): Pin GPIO_0[35] has a permanently enabled output enable
    Info (169065): Pin GPIO_1[0] has a permanently disabled output enable
    Info (169065): Pin GPIO_1[1] has a permanently enabled output enable
    Info (169065): Pin GPIO_1[2] has a permanently disabled output enable
    Info (169065): Pin GPIO_1[3] has a permanently disabled output enable
    Info (169065): Pin GPIO_1[4] has a permanently enabled output enable
    Info (169065): Pin GPIO_1[5] has a permanently disabled output enable
    Info (169065): Pin GPIO_1[6] has a permanently disabled output enable
    Info (169065): Pin GPIO_1[7] has a permanently disabled output enable
    Info (169065): Pin GPIO_1[8] has a permanently disabled output enable
    Info (169065): Pin GPIO_1[9] has a permanently disabled output enable
    Info (169065): Pin GPIO_1[10] has a permanently disabled output enable
    Info (169065): Pin GPIO_1[11] has a permanently disabled output enable
    Info (169065): Pin GPIO_1[12] has a permanently disabled output enable
    Info (169065): Pin GPIO_1[13] has a permanently disabled output enable
    Info (169065): Pin GPIO_1[14] has a permanently disabled output enable
    Info (169065): Pin GPIO_1[15] has a permanently disabled output enable
    Info (169065): Pin GPIO_1[16] has a permanently disabled output enable
    Info (169065): Pin GPIO_1[17] has a permanently disabled output enable
    Info (169065): Pin GPIO_1[18] has a permanently disabled output enable
    Info (169065): Pin GPIO_1[19] has a permanently disabled output enable
    Info (169065): Pin GPIO_1[20] has a permanently disabled output enable
    Info (169065): Pin GPIO_1[21] has a permanently disabled output enable
    Info (169065): Pin GPIO_1[22] has a permanently disabled output enable
    Info (169065): Pin GPIO_1[23] has a permanently disabled output enable
    Info (169065): Pin GPIO_1[24] has a permanently disabled output enable
    Info (169065): Pin GPIO_1[25] has a permanently disabled output enable
    Info (169065): Pin GPIO_1[26] has a permanently disabled output enable
    Info (169065): Pin GPIO_1[27] has a permanently disabled output enable
    Info (169065): Pin GPIO_1[28] has a permanently disabled output enable
    Info (169065): Pin GPIO_1[29] has a permanently disabled output enable
    Info (169065): Pin GPIO_1[30] has a permanently disabled output enable
    Info (169065): Pin GPIO_1[31] has a permanently disabled output enable
    Info (169065): Pin GPIO_1[32] has a permanently disabled output enable
    Info (169065): Pin GPIO_1[33] has a permanently disabled output enable
    Info (169065): Pin GPIO_1[34] has a permanently disabled output enable
    Info (169065): Pin GPIO_1[35] has a permanently disabled output enable
Warning (169174): The Reserve All Unused Pins setting has not been specified, and will default to 'As output driving ground'.
Info (144001): Generated suppressed messages file C:/Users/yerin/proj/Proj2/output_files/prj2.fit.smsg
Info: Quartus II 64-Bit Fitter was successful. 0 errors, 12 warnings
    Info: Peak virtual memory: 5097 megabytes
    Info: Processing ended: Thu Jun 11 19:11:12 2026
    Info: Elapsed time: 00:07:08
    Info: Total CPU time (on all processors): 00:06:50


+----------------------------+
; Fitter Suppressed Messages ;
+----------------------------+
The suppressed messages can be found in C:/Users/yerin/proj/Proj2/output_files/prj2.fit.smsg.


